node_id,community_id
0,0
1,0
2,0
3,1
4,2
5,3
6,191
7,191
8,5
9,5
10,5
11,191
12,6
13,7
14,8
15,9
16,9
17,10
18,10
19,10
20,11
21,12
22,11
23,7
24,7
25,12
26,12
27,12
28,11
29,11
30,13
31,13
32,13
33,13
34,11
35,13
36,11
37,191
38,191
39,14
40,14
41,191
42,191
43,14
44,191
45,191
46,14
47,15
48,15
49,16
50,17
51,17
52,17
53,18
54,19
55,20
56,18
57,18
58,18
59,18
60,3
61,3
62,3
63,3
64,21
65,21
66,21
67,21
68,21
69,22
70,23
71,23
72,23
73,24
74,24
75,24
76,24
77,24
78,24
79,24
80,25
81,25
82,25
83,26
84,27
85,28
86,28
87,28
88,8
89,8
90,28
91,28
92,28
93,8
94,29
95,30
96,30
97,49
98,49
99,49
100,29
101,49
102,49
103,32
104,32
105,32
106,33
107,33
108,33
109,32
110,33
111,33
112,34
113,34
114,0
115,0
116,0
117,34
118,0
119,0
120,0
121,0
122,0
123,0
124,0
125,0
126,0
127,0
128,6
129,6
130,34
131,6
132,35
133,36
134,36
135,36
136,27
137,34
138,37
139,37
140,37
141,24
142,24
143,38
144,38
145,38
146,38
147,38
148,38
149,24
150,38
151,38
152,38
153,38
154,38
155,38
156,24
157,38
158,38
159,38
160,38
161,24
162,24
163,38
164,38
165,19
166,19
167,19
168,24
169,19
170,19
171,19
172,19
173,39
174,39
175,15
176,15
177,15
178,39
179,40
180,40
181,40
182,40
183,39
184,39
185,41
186,41
187,41
188,41
189,41
190,41
191,39
192,41
193,41
194,39
195,41
196,41
197,41
198,41
199,39
200,39
201,39
202,18
203,18
204,18
205,18
206,39
207,36
208,36
209,7
210,7
211,36
212,36
213,36
214,36
215,36
216,42
217,42
218,36
219,36
220,27
221,27
222,27
223,27
224,27
225,27
226,27
227,42
228,43
229,43
230,44
231,44
232,44
233,43
234,6
235,6
236,43
237,45
238,24
239,46
240,46
241,46
242,45
243,47
244,47
245,24
246,48
247,48
248,48
249,48
250,48
251,49
252,17
253,48
254,48
255,50
256,50
257,17
258,14
259,14
260,51
261,51
262,52
263,52
264,52
265,51
266,1
267,1
268,1
269,1
270,51
271,5
272,5
273,5
274,51
275,51
276,53
277,53
278,53
279,51
280,51
281,5
282,5
283,5
284,54
285,54
286,54
287,51
288,54
289,54
290,54
291,54
292,42
293,42
294,42
295,51
296,55
297,55
298,55
299,42
300,55
301,51
302,51
303,56
304,56
305,56
306,51
307,51
308,51
309,57
310,57
311,57
312,57
313,57
314,3
315,3
316,51
317,58
318,58
319,58
320,58
321,40
322,40
323,51
324,51
325,51
326,51
327,44
328,44
329,44
330,44
331,51
332,23
333,23
334,23
335,23
336,23
337,59
338,59
339,59
340,59
341,59
342,59
343,59
344,59
345,59
346,59
347,59
348,59
349,30
350,30
351,59
352,59
353,60
354,60
355,60
356,60
357,60
358,60
359,60
360,60
361,60
362,60
363,60
364,30
365,60
366,60
367,60
368,60
369,60
370,60
371,60
372,60
373,60
374,60
375,60
376,60
377,23
378,23
379,23
380,23
381,23
382,23
383,23
384,61
385,61
386,3
387,2
388,2
389,2
390,8
391,8
392,62
393,62
394,62
395,62
396,8
397,8
398,17
399,17
400,63
401,63
402,63
403,64
404,64
405,45
406,45
407,65
408,45
409,45
410,45
411,3
412,66
413,66
414,67
415,67
416,3
417,29
418,29
419,67
420,16
421,16
422,16
423,68
424,68
425,68
426,29
427,65
428,65
429,65
430,48
431,48
432,48
433,17
434,17
435,29
436,69
437,17
438,24
439,24
440,17
441,16
442,16
443,16
444,18
445,18
446,70
447,70
448,70
449,71
450,72
451,3
452,73
453,73
454,73
455,73
456,71
457,71
458,8
459,29
460,74
461,74
462,74
463,29
464,75
465,75
466,75
467,75
468,29
469,75
470,75
471,76
472,77
473,3
474,29
475,78
476,3
477,76
478,76
479,76
480,3
481,3
482,76
483,76
484,79
485,79
486,79
487,79
488,8
489,8
490,80
491,80
492,8
493,8
494,8
495,8
496,59
497,59
498,8
499,8
500,59
501,59
502,81
503,81
504,81
505,59
506,81
507,81
508,81
509,81
510,3
511,32
512,32
513,32
514,81
515,81
516,81
517,81
518,32
519,82
520,82
521,82
522,32
523,65
524,65
525,65
526,32
527,66
528,66
529,66
530,66
531,77
532,17
533,77
534,77
535,77
536,17
537,77
538,77
539,32
540,32
541,77
542,65
543,65
544,65
545,65
546,65
547,17
548,32
549,65
550,65
551,65
552,65
553,65
554,65
555,65
556,65
557,65
558,83
559,83
560,84
561,84
562,84
563,3
564,77
565,16
566,16
567,15
568,15
569,85
570,85
571,85
572,85
573,86
574,86
575,87
576,87
577,87
578,88
579,88
580,88
581,86
582,89
583,89
584,89
585,89
586,86
587,52
588,52
589,52
590,52
591,86
592,90
593,90
594,90
595,91
596,91
597,86
598,91
599,3
600,91
601,91
602,91
603,8
604,8
605,92
606,92
607,92
608,92
609,92
610,92
611,92
612,8
613,92
614,92
615,92
616,92
617,92
618,92
619,92
620,92
621,59
622,93
623,94
624,94
625,94
626,3
627,0
628,48
629,48
630,48
631,6
632,83
633,6
634,82
635,82
636,82
637,82
638,69
639,69
640,69
641,83
642,69
643,69
644,47
645,47
646,47
647,47
648,47
649,96
650,96
651,97
652,97
653,47
654,47
655,47
656,47
657,47
658,97
659,97
660,47
661,47
662,47
663,47
664,98
665,98
666,98
667,33
668,33
669,53
670,53
671,29
672,29
673,29
674,29
675,99
676,99
677,99
678,99
679,99
680,29
681,99
682,99
683,99
684,29
685,99
686,29
687,29
688,86
689,86
690,86
691,29
692,86
693,86
694,86
695,86
696,86
697,86
698,86
699,86
700,43
701,96
702,43
703,100
704,100
705,100
706,100
707,100
708,43
709,43
710,100
711,29
712,29
713,29
714,29
715,29
716,29
717,29
718,29
719,43
720,29
721,29
722,29
723,29
724,29
725,29
726,29
727,29
728,43
729,51
730,51
731,51
732,51
733,29
734,29
735,29
736,101
737,101
738,102
739,102
740,101
741,101
742,29
743,103
744,103
745,103
746,15
747,15
748,29
749,104
750,65
751,65
752,65
753,65
754,29
755,105
756,105
757,105
758,105
759,105
760,105
761,96
762,96
763,17
764,17
765,106
766,106
767,106
768,6
769,6
770,17
771,17
772,107
773,17
774,17
775,17
776,107
777,107
778,107
779,107
780,107
781,107
782,108
783,108
784,63
785,63
786,99
787,99
788,99
789,103
790,103
791,103
792,63
793,187
794,187
795,187
796,107
797,107
798,45
799,41
800,24
801,24
802,24
803,110
804,110
805,110
806,96
807,61
808,61
809,42
810,42
811,61
812,42
813,42
814,42
815,61
816,61
817,111
818,111
819,111
820,11
821,11
822,61
823,11
824,112
825,112
826,112
827,112
828,61
829,62
830,62
831,62
832,113
833,113
834,113
835,96
836,114
837,114
838,114
839,114
840,114
841,114
842,112
843,114
844,61
845,112
846,112
847,112
848,112
849,112
850,112
851,112
852,112
853,112
854,112
855,112
856,61
857,112
858,112
859,112
860,112
861,112
862,3
863,78
864,61
865,71
866,71
867,71
868,71
869,71
870,71
871,71
872,71
873,71
874,71
875,61
876,71
877,71
878,71
879,71
880,71
881,71
882,71
883,71
884,71
885,71
886,20
887,20
888,20
889,20
890,20
891,20
892,61
893,20
894,20
895,20
896,20
897,20
898,20
899,20
900,61
901,80
902,20
903,20
904,20
905,20
906,20
907,20
908,20
909,20
910,20
911,61
912,20
913,20
914,74
915,74
916,74
917,74
918,74
919,33
920,33
921,96
922,74
923,74
924,74
925,74
926,74
927,74
928,80
929,74
930,74
931,74
932,74
933,25
934,25
935,74
936,74
937,74
938,74
939,74
940,74
941,74
942,25
943,74
944,74
945,74
946,74
947,74
948,25
949,74
950,74
951,74
952,74
953,74
954,74
955,74
956,74
957,25
958,74
959,74
960,34
961,34
962,34
963,34
964,34
965,34
966,34
967,34
968,34
969,34
970,34
971,34
972,34
973,34
974,34
975,35
976,35
977,35
978,35
979,35
980,35
981,35
982,35
983,35
984,16
985,16
986,35
987,35
988,35
989,79
990,35
991,35
992,35
993,35
994,99
995,99
996,99
997,99
998,99
999,99
1000,99
1001,99
1002,99
1003,96
1004,101
1005,101
1006,103
1007,103
1008,103
1009,103
1010,103
1011,103
1012,103
1013,103
1014,103
1015,103
1016,103
1017,16
1018,16
1019,16
1020,16
1021,16
1022,16
1023,16
1024,16
1025,16
1026,16
1027,16
1028,16
1029,15
1030,15
1031,15
1032,15
1033,15
1034,15
1035,15
1036,15
1037,101
1038,101
1039,15
1040,15
1041,15
1042,15
1043,15
1044,15
1045,83
1046,83
1047,15
1048,15
1049,15
1050,15
1051,15
1052,15
1053,15
1054,115
1055,15
1056,115
1057,64
1058,64
1059,115
1060,115
1061,115
1062,115
1063,115
1064,114
1065,114
1066,112
1067,112
1068,112
1069,112
1070,112
1071,112
1072,112
1073,112
1074,78
1075,78
1076,71
1077,71
1078,71
1079,71
1080,71
1081,71
1082,71
1083,96
1084,64
1085,64
1086,71
1087,71
1088,71
1089,71
1090,71
1091,8
1092,20
1093,20
1094,20
1095,20
1096,20
1097,20
1098,20
1099,116
1100,116
1101,20
1102,20
1103,20
1104,20
1105,20
1106,20
1107,116
1108,20
1109,20
1110,116
1111,74
1112,74
1113,74
1114,74
1115,116
1116,74
1117,74
1118,74
1119,74
1120,116
1121,116
1122,74
1123,74
1124,74
1125,74
1126,112
1127,74
1128,74
1129,74
1130,112
1131,74
1132,74
1133,96
1134,74
1135,34
1136,34
1137,34
1138,34
1139,34
1140,34
1141,34
1142,34
1143,34
1144,34
1145,35
1146,35
1147,35
1148,35
1149,35
1150,35
1151,76
1152,34
1153,35
1154,35
1155,35
1156,35
1157,35
1158,35
1159,59
1160,59
1161,35
1162,35
1163,99
1164,35
1165,99
1166,99
1167,99
1168,99
1169,99
1170,99
1171,103
1172,59
1173,103
1174,103
1175,103
1176,103
1177,103
1178,103
1179,103
1180,59
1181,16
1182,16
1183,103
1184,16
1185,16
1186,16
1187,16
1188,16
1189,16
1190,15
1191,16
1192,36
1193,36
1194,15
1195,15
1196,15
1197,15
1198,96
1199,36
1200,15
1201,15
1202,15
1203,15
1204,15
1205,15
1206,36
1207,15
1208,115
1209,15
1210,115
1211,36
1212,36
1213,50
1214,50
1215,50
1216,50
1217,64
1218,64
1219,36
1220,64
1221,117
1222,118
1223,118
1224,118
1225,65
1226,65
1227,86
1228,86
1229,65
1230,119
1231,119
1232,119
1233,119
1234,119
1235,38
1236,38
1237,108
1238,65
1239,38
1240,38
1241,55
1242,55
1243,55
1244,24
1245,65
1246,52
1247,52
1248,45
1249,0
1250,0
1251,44
1252,40
1253,0
1254,0
1255,121
1256,121
1257,121
1258,121
1259,121
1260,121
1261,7
1262,7
1263,0
1264,7
1265,7
1266,7
1267,7
1268,7
1269,39
1270,21
1271,39
1272,39
1273,39
1274,39
1275,8
1276,8
1277,75
1278,75
1279,80
1280,80
1281,80
1282,7
1283,7
1284,7
1285,7
1286,7
1287,7
1288,75
1289,7
1290,7
1291,80
1292,80
1293,80
1294,98
1295,98
1296,57
1297,57
1298,61
1299,61
1300,61
1301,61
1302,61
1303,75
1304,61
1305,29
1306,29
1307,29
1308,29
1309,29
1310,29
1311,75
1312,75
1313,29
1314,29
1315,29
1316,29
1317,29
1318,75
1319,5
1320,5
1321,5
1322,115
1323,115
1324,115
1325,115
1326,75
1327,122
1328,122
1329,77
1330,77
1331,77
1332,77
1333,77
1334,77
1335,77
1336,77
1337,77
1338,77
1339,77
1340,77
1341,77
1342,122
1343,84
1344,84
1345,84
1346,84
1347,84
1348,122
1349,84
1350,84
1351,122
1352,122
1353,108
1354,122
1355,123
1356,123
1357,123
1358,123
1359,124
1360,125
1361,125
1362,123
1363,123
1364,123
1365,123
1366,126
1367,126
1368,127
1369,125
1370,126
1371,126
1372,127
1373,36
1374,36
1375,36
1376,128
1377,128
1378,128
1379,102
1380,102
1381,108
1382,108
1383,128
1384,102
1385,102
1386,128
1387,129
1388,129
1389,129
1390,129
1391,76
1392,76
1393,76
1394,76
1395,128
1396,75
1397,75
1398,75
1399,130
1400,130
1401,92
1402,92
1403,131
1404,131
1405,131
1406,131
1407,131
1408,131
1409,130
1410,0
1411,0
1412,130
1413,132
1414,132
1415,113
1416,130
1417,45
1418,45
1419,108
1420,3
1421,3
1422,133
1423,133
1424,133
1425,3
1426,133
1427,133
1428,133
1429,3
1430,134
1431,134
1432,134
1433,3
1434,3
1435,134
1436,134
1437,134
1438,83
1439,83
1440,83
1441,83
1442,83
1443,83
1444,83
1445,83
1446,83
1447,83
1448,83
1449,83
1450,83
1451,83
1452,51
1453,83
1454,51
1455,51
1456,51
1457,51
1458,51
1459,51
1460,51
1461,51
1462,51
1463,51
1464,51
1465,51
1466,51
1467,51
1468,51
1469,51
1470,51
1471,51
1472,51
1473,51
1474,51
1475,51
1476,51
1477,83
1478,83
1479,83
1480,83
1481,83
1482,51
1483,51
1484,51
1485,135
1486,135
1487,51
1488,51
1489,51
1490,51
1491,51
1492,135
1493,51
1494,51
1495,51
1496,51
1497,51
1498,136
1499,136
1500,7
1501,7
1502,51
1503,137
1504,137
1505,137
1506,137
1507,137
1508,7
1509,137
1510,137
1511,137
1512,137
1513,137
1514,137
1515,137
1516,7
1517,7
1518,137
1519,137
1520,137
1521,137
1522,137
1523,21
1524,21
1525,7
1526,6
1527,6
1528,6
1529,6
1530,63
1531,63
1532,63
1533,103
1534,103
1535,103
1536,103
1537,138
1538,138
1539,138
1540,138
1541,138
1542,138
1543,138
1544,136
1545,125
1546,139
1547,139
1548,139
1549,40
1550,40
1551,40
1552,40
1553,106
1554,106
1555,106
1556,83
1557,83
1558,77
1559,77
1560,77
1561,15
1562,41
1563,41
1564,41
1565,140
1566,140
1567,140
1568,140
1569,136
1570,140
1571,140
1572,141
1573,141
1574,140
1575,141
1576,141
1577,16
1578,16
1579,16
1580,142
1581,142
1582,142
1583,143
1584,143
1585,143
1586,142
1587,84
1588,84
1589,84
1590,67
1591,67
1592,67
1593,122
1594,122
1595,67
1596,67
1597,67
1598,144
1599,144
1600,122
1601,144
1602,144
1603,144
1604,144
1605,144
1606,144
1607,32
1608,32
1609,122
1610,144
1611,144
1612,144
1613,145
1614,145
1615,146
1616,146
1617,146
1618,145
1619,33
1620,33
1621,33
1622,33
1623,33
1624,33
1625,33
1626,147
1627,147
1628,133
1629,133
1630,133
1631,133
1632,147
1633,21
1634,21
1635,21
1636,21
1637,21
1638,21
1639,88
1640,88
1641,85
1642,65
1643,65
1644,65
1645,96
1646,65
1647,65
1648,96
1649,96
1650,96
1651,42
1652,42
1653,42
1654,42
1655,96
1656,96
1657,96
1658,65
1659,65
1660,65
1661,96
1662,45
1663,45
1664,42
1665,42
1666,42
1667,42
1668,50
1669,50
1670,45
1671,45
1672,50
1673,105
1674,105
1675,148
1676,105
1677,148
1678,148
1679,50
1680,81
1681,81
1682,50
1683,84
1684,84
1685,80
1686,80
1687,80
1688,16
1689,16
1690,60
1691,60
1692,16
1693,16
1694,16
1695,15
1696,15
1697,18
1698,18
1699,18
1700,32
1701,43
1702,43
1703,43
1704,150
1705,150
1706,150
1707,60
1708,98
1709,98
1710,98
1711,81
1712,81
1713,81
1714,81
1715,16
1716,27
1717,27
1718,16
1719,27
1720,27
1721,146
1722,146
1723,146
1724,27
1725,27
1726,16
1727,32
1728,115
1729,16
1730,16
1731,146
1732,145
1733,145
1734,145
1735,145
1736,115
1737,115
1738,115
1739,139
1740,139
1741,139
1742,139
1743,139
1744,139
1745,22
1746,22
1747,115
1748,22
1749,22
1750,63
1751,63
1752,47
1753,47
1754,47
1755,47
1756,151
1757,151
1758,151
1759,151
1760,151
1761,151
1762,151
1763,47
1764,47
1765,103
1766,103
1767,103
1768,47
1769,47
1770,5
1771,5
1772,5
1773,5
1774,5
1775,5
1776,37
1777,37
1778,47
1779,5
1780,5
1781,5
1782,5
1783,5
1784,37
1785,6
1786,6
1787,6
1788,10
1789,152
1790,10
1791,6
1792,39
1793,39
1794,39
1795,110
1796,110
1797,110
1798,39
1799,39
1800,5
1801,5
1802,5
1803,5
1804,5
1805,5
1806,86
1807,32
1808,39
1809,5
1810,37
1811,37
1812,39
1813,37
1814,137
1815,137
1816,135
1817,135
1818,135
1819,39
1820,39
1821,39
1822,153
1823,153
1824,153
1825,153
1826,154
1827,154
1828,154
1829,58
1830,58
1831,58
1832,78
1833,78
1834,125
1835,125
1836,125
1837,58
1838,32
1839,32
1840,77
1841,45
1842,32
1843,139
1844,139
1845,139
1846,58
1847,58
1848,61
1849,61
1850,61
1851,58
1852,94
1853,94
1854,94
1855,84
1856,84
1857,84
1858,58
1859,16
1860,58
1861,3
1862,3
1863,3
1864,3
1865,3
1866,3
1867,32
1868,32
1869,3
1870,3
1871,3
1872,3
1873,3
1874,32
1875,32
1876,84
1877,84
1878,68
1879,68
1880,68
1881,84
1882,84
1883,84
1884,84
1885,68
1886,155
1887,155
1888,38
1889,38
1890,155
1891,38
1892,2
1893,2
1894,2
1895,38
1896,38
1897,38
1898,126
1899,126
1900,126
1901,17
1902,17
1903,17
1904,38
1905,17
1906,17
1907,156
1908,0
1909,156
1910,38
1911,38
1912,8
1913,8
1914,8
1915,58
1916,58
1917,8
1918,8
1919,8
1920,58
1921,8
1922,8
1923,8
1924,58
1925,58
1926,58
1927,8
1928,90
1929,90
1930,58
1931,56
1932,56
1933,33
1934,33
1935,33
1936,33
1937,33
1938,33
1939,58
1940,133
1941,133
1942,58
1943,133
1944,15
1945,135
1946,135
1947,58
1948,146
1949,146
1950,146
1951,26
1952,58
1953,36
1954,27
1955,36
1956,36
1957,32
1958,32
1959,92
1960,32
1961,131
1962,131
1963,131
1964,41
1965,41
1966,58
1967,21
1968,21
1969,21
1970,29
1971,29
1972,29
1973,58
1974,103
1975,103
1976,103
1977,73
1978,73
1979,35
1980,35
1981,35
1982,35
1983,35
1984,35
1985,35
1986,35
1987,35
1988,35
1989,35
1990,103
1991,103
1992,58
1993,33
1994,33
1995,33
1996,33
1997,33
1998,33
1999,33
2000,8
2001,32
2002,32
2003,8
2004,8
2005,32
2006,8
2007,8
2008,8
2009,8
2010,8
2011,103
2012,8
2013,8
2014,8
2015,8
2016,97
2017,97
2018,8
2019,8
2020,8
2021,8
2022,97
2023,8
2024,8
2025,8
2026,8
2027,97
2028,8
2029,8
2030,8
2031,135
2032,135
2033,135
2034,134
2035,135
2036,135
2037,98
2038,134
2039,98
2040,98
2041,134
2042,32
2043,32
2044,134
2045,134
2046,134
2047,134
2048,135
2049,32
2050,134
2051,134
2052,134
2053,134
2054,134
2055,134
2056,134
2057,134
2058,134
2059,134
2060,32
2061,134
2062,134
2063,145
2064,145
2065,134
2066,134
2067,134
2068,134
2069,28
2070,28
2071,28
2072,0
2073,103
2074,28
2075,28
2076,28
2077,0
2078,0
2079,28
2080,28
2081,28
2082,28
2083,28
2084,28
2085,28
2086,28
2087,28
2088,28
2089,28
2090,28
2091,32
2092,131
2093,28
2094,131
2095,131
2096,131
2097,131
2098,131
2099,131
2100,131
2101,131
2102,32
2103,131
2104,131
2105,131
2106,131
2107,131
2108,131
2109,131
2110,131
2111,131
2112,131
2113,131
2114,32
2115,131
2116,131
2117,100
2118,100
2119,100
2120,100
2121,100
2122,100
2123,100
2124,49
2125,49
2126,100
2127,100
2128,100
2129,100
2130,100
2131,100
2132,100
2133,100
2134,100
2135,100
2136,100
2137,100
2138,100
2139,100
2140,100
2141,100
2142,144
2143,144
2144,144
2145,144
2146,97
2147,97
2148,144
2149,144
2150,144
2151,144
2152,144
2153,16
2154,16
2155,16
2156,97
2157,97
2158,16
2159,16
2160,97
2161,16
2162,16
2163,16
2164,16
2165,16
2166,8
2167,8
2168,16
2169,16
2170,16
2171,16
2172,16
2173,16
2174,115
2175,16
2176,115
2177,115
2178,8
2179,115
2180,115
2181,1
2182,1
2183,1
2184,8
2185,1
2186,1
2187,1
2188,1
2189,134
2190,134
2191,134
2192,134
2193,8
2194,135
2195,134
2196,135
2197,135
2198,135
2199,135
2200,135
2201,135
2202,8
2203,80
2204,135
2205,135
2206,135
2207,129
2208,1
2209,29
2210,8
2211,1
2212,1
2213,1
2214,1
2215,1
2216,1
2217,1
2218,1
2219,115
2220,115
2221,29
2222,115
2223,115
2224,115
2225,16
2226,97
2227,148
2228,148
2229,16
2230,16
2231,148
2232,16
2233,15
2234,148
2235,16
2236,15
2237,144
2238,144
2239,144
2240,71
2241,3
2242,144
2243,144
2244,144
2245,144
2246,71
2247,144
2248,144
2249,144
2250,100
2251,100
2252,100
2253,100
2254,100
2255,65
2256,100
2257,100
2258,100
2259,100
2260,24
2261,100
2262,131
2263,131
2264,131
2265,131
2266,131
2267,45
2268,131
2269,131
2270,131
2271,131
2272,45
2273,45
2274,131
2275,131
2276,131
2277,45
2278,131
2279,131
2280,131
2281,131
2282,97
2283,28
2284,28
2285,28
2286,28
2287,135
2288,135
2289,135
2290,135
2291,135
2292,135
2293,135
2294,45
2295,45
2296,135
2297,134
2298,135
2299,134
2300,45
2301,134
2302,134
2303,134
2304,134
2305,134
2306,45
2307,118
2308,118
2309,118
2310,118
2311,14
2312,14
2313,14
2314,126
2315,126
2316,157
2317,158
2318,157
2319,49
2320,142
2321,142
2322,43
2323,43
2324,142
2325,142
2326,142
2327,159
2328,159
2329,159
2330,159
2331,49
2332,49
2333,49
2334,49
2335,49
2336,49
2337,97
2338,97
2339,116
2340,116
2341,49
2342,142
2343,142
2344,159
2345,142
2346,159
2347,159
2348,159
2349,159
2350,137
2351,137
2352,159
2353,159
2354,159
2355,159
2356,159
2357,137
2358,39
2359,138
2360,63
2361,138
2362,39
2363,33
2364,33
2365,33
2366,39
2367,39
2368,5
2369,5
2370,97
2371,39
2372,39
2373,39
2374,138
2375,138
2376,138
2377,61
2378,61
2379,7
2380,89
2381,89
2382,89
2383,89
2384,89
2385,89
2386,89
2387,89
2388,89
2389,89
2390,6
2391,6
2392,6
2393,7
2394,7
2395,7
2396,1
2397,1
2398,97
2399,48
2400,48
2401,1
2402,1
2403,160
2404,160
2405,48
2406,17
2407,62
2408,62
2409,48
2410,62
2411,48
2412,48
2413,62
2414,62
2415,62
2416,62
2417,62
2418,48
2419,62
2420,62
2421,62
2422,117
2423,117
2424,117
2425,117
2426,117
2427,48
2428,90
2429,90
2430,90
2431,90
2432,101
2433,101
2434,151
2435,151
2436,101
2437,94
2438,94
2439,34
2440,34
2441,101
2442,151
2443,59
2444,59
2445,59
2446,59
2447,101
2448,50
2449,50
2450,100
2451,50
2452,101
2453,131
2454,131
2455,131
2456,61
2457,61
2458,137
2459,137
2460,61
2461,154
2462,154
2463,154
2464,154
2465,61
2466,61
2467,76
2468,76
2469,76
2470,76
2471,76
2472,61
2473,59
2474,3
2475,14
2476,14
2477,14
2478,14
2479,14
2480,59
2481,14
2482,14
2483,14
2484,14
2485,14
2486,0
2487,0
2488,14
2489,14
2490,113
2491,0
2492,14
2493,14
2494,14
2495,64
2496,64
2497,64
2498,0
2499,0
2500,64
2501,64
2502,64
2503,64
2504,64
2505,64
2506,64
2507,64
2508,64
2509,64
2510,64
2511,17
2512,17
2513,64
2514,64
2515,64
2516,64
2517,64
2518,17
2519,17
2520,64
2521,64
2522,64
2523,64
2524,64
2525,64
2526,14
2527,14
2528,17
2529,56
2530,56
2531,56
2532,17
2533,17
2534,113
2535,17
2536,107
2537,107
2538,107
2539,148
2540,148
2541,148
2542,148
2543,148
2544,148
2545,148
2546,148
2547,17
2548,17
2549,148
2550,148
2551,148
2552,148
2553,148
2554,148
2555,148
2556,148
2557,148
2558,17
2559,148
2560,111
2561,111
2562,161
2563,111
2564,161
2565,111
2566,111
2567,161
2568,111
2569,111
2570,111
2571,111
2572,159
2573,142
2574,159
2575,142
2576,142
2577,142
2578,142
2579,142
2580,142
2581,142
2582,142
2583,142
2584,142
2585,142
2586,142
2587,142
2588,142
2589,142
2590,142
2591,142
2592,17
2593,142
2594,124
2595,124
2596,124
2597,124
2598,148
2599,148
2600,17
2601,17
2602,148
2603,148
2604,148
2605,148
2606,148
2607,148
2608,148
2609,148
2610,148
2611,148
2612,113
2613,0
2614,0
2615,148
2616,148
2617,161
2618,0
2619,161
2620,161
2621,161
2622,142
2623,0
2624,142
2625,81
2626,81
2627,81
2628,81
2629,162
2630,162
2631,63
2632,63
2633,162
2634,108
2635,137
2636,162
2637,63
2638,48
2639,48
2640,48
2641,63
2642,19
2643,19
2644,63
2645,19
2646,19
2647,63
2648,63
2649,5
2650,5
2651,63
2652,5
2653,5
2654,37
2655,141
2656,141
2657,138
2658,37
2659,63
2660,126
2661,126
2662,68
2663,68
2664,68
2665,68
2666,68
2667,68
2668,51
2669,51
2670,51
2671,51
2672,51
2673,51
2674,51
2675,51
2676,51
2677,51
2678,51
2679,51
2680,51
2681,94
2682,94
2683,48
2684,141
2685,10
2686,10
2687,10
2688,163
2689,163
2690,163
2691,163
2692,163
2693,53
2694,8
2695,8
2696,8
2697,8
2698,138
2699,138
2700,49
2701,138
2702,49
2703,49
2704,164
2705,164
2706,164
2707,156
2708,156
2709,156
2710,0
2711,49
2712,0
2713,0
2714,0
2715,0
2716,0
2717,0
2718,49
2719,80
2720,165
2721,165
2722,165
2723,166
2724,166
2725,166
2726,166
2727,49
2728,80
2729,80
2730,106
2731,106
2732,167
2733,167
2734,167
2735,97
2736,97
2737,84
2738,84
2739,84
2740,84
2741,84
2742,84
2743,84
2744,84
2745,191
2746,191
2747,84
2748,122
2749,84
2750,84
2751,84
2752,84
2753,97
2754,141
2755,83
2756,83
2757,119
2758,115
2759,83
2760,83
2761,83
2762,115
2763,83
2764,106
2765,105
2766,106
2767,106
2768,106
2769,106
2770,106
2771,106
2772,107
2773,106
2774,106
2775,106
2776,106
2777,63
2778,63
2779,106
2780,106
2781,106
2782,107
2783,63
2784,106
2785,106
2786,106
2787,107
2788,107
2789,106
2790,107
2791,107
2792,107
2793,63
2794,107
2795,107
2796,107
2797,16
2798,16
2799,63
2800,63
2801,16
2802,16
2803,16
2804,101
2805,101
2806,63
2807,156
2808,156
2809,156
2810,156
2811,156
2812,156
2813,156
2814,63
2815,156
2816,156
2817,156
2818,32
2819,32
2820,156
2821,156
2822,32
2823,168
2824,168
2825,32
2826,32
2827,168
2828,32
2829,97
2830,97
2831,127
2832,127
2833,97
2834,127
2835,97
2836,169
2837,169
2838,169
2839,169
2840,101
2841,157
2842,157
2843,145
2844,145
2845,157
2846,76
2847,76
2848,170
2849,170
2850,104
2851,104
2852,23
2853,23
2854,171
2855,171
2856,172
2857,172
2858,172
2859,171
2860,171
2861,115
2862,115
2863,6
2864,6
2865,115
2866,115
2867,48
2868,48
2869,48
2870,48
2871,48
2872,48
2873,117
2874,117
2875,117
2876,36
2877,36
2878,117
2879,36
2880,117
2881,117
2882,48
2883,48
2884,48
2885,100
2886,100
2887,117
2888,50
2889,50
2890,50
2891,115
2892,115
2893,117
2894,104
2895,104
2896,6
2897,101
2898,117
2899,164
2900,164
2901,97
2902,97
2903,117
2904,117
2905,97
2906,97
2907,172
2908,70
2909,117
2910,117
2911,70
2912,13
2913,117
2914,40
2915,40
2916,40
2917,135
2918,135
2919,135
2920,8
2921,8
2922,81
2923,47
2924,47
2925,8
2926,173
2927,173
2928,173
2929,173
2930,173
2931,8
2932,174
2933,174
2934,174
2935,174
2936,8
2937,82
2938,82
2939,82
2940,82
2941,49
2942,49
2943,34
2944,74
2945,45
2946,45
2947,34
2948,23
2949,23
2950,145
2951,145
2952,45
2953,145
2954,145
2955,45
2956,45
2957,47
2958,47
2959,47
2960,47
2961,0
2962,0
2963,47
2964,41
2965,41
2966,153
2967,153
2968,0
2969,153
2970,0
2971,135
2972,135
2973,135
2974,164
2975,175
2976,65
2977,176
2978,177
2979,1
2980,1
2981,176
2982,177
2983,177
2984,45
2985,45
2986,86
2987,86
2988,45
2989,23
2990,23
2991,59
2992,59
2993,59
2994,59
2995,45
2996,134
2997,134
2998,134
2999,134
3000,134
3001,134
3002,99
3003,99
3004,134
3005,134
3006,134
3007,134
3008,134
3009,134
3010,134
3011,134
3012,134
3013,101
3014,101
3015,101
3016,101
3017,101
3018,101
3019,99
3020,99
3021,101
3022,29
3023,29
3024,178
3025,178
3026,178
3027,178
3028,1
3029,96
3030,123
3031,123
3032,123
3033,96
3034,96
3035,96
3036,2
3037,2
3038,75
3039,75
3040,19
3041,19
3042,19
3043,19
3044,10
3045,10
3046,10
3047,96
3048,152
3049,152
3050,152
3051,10
3052,10
3053,108
3054,108
3055,25
3056,25
3057,25
3058,135
3059,135
3060,135
3061,135
3062,108
3063,51
3064,83
3065,83
3066,83
3067,83
3068,83
3069,83
3070,83
3071,83
3072,141
3073,141
3074,83
3075,83
3076,83
3077,83
3078,83
3079,83
3080,83
3081,83
3082,83
3083,29
3084,29
3085,83
3086,83
3087,83
3088,83
3089,83
3090,29
3091,51
3092,51
3093,51
3094,51
3095,51
3096,29
3097,51
3098,51
3099,51
3100,51
3101,51
3102,51
3103,51
3104,51
3105,36
3106,36
3107,51
3108,51
3109,36
3110,51
3111,51
3112,51
3113,51
3114,51
3115,51
3116,39
3117,36
3118,141
3119,6
3120,47
3121,179
3122,179
3123,172
3124,172
3125,172
3126,179
3127,172
3128,172
3129,172
3130,6
3131,172
3132,32
3133,32
3134,32
3135,32
3136,32
3137,6
3138,172
3139,169
3140,169
3141,6
3142,10
3143,10
3144,6
3145,122
3146,122
3147,122
3148,145
3149,139
3150,145
3151,32
3152,32
3153,29
3154,29
3155,49
3156,32
3157,32
3158,32
3159,32
3160,32
3161,32
3162,32
3163,32
3164,32
3165,32
3166,32
3167,103
3168,103
3169,103
3170,99
3171,49
3172,32
3173,32
3174,0
3175,32
3176,32
3177,103
3178,122
3179,122
3180,103
3181,103
3182,103
3183,123
3184,103
3185,103
3186,103
3187,103
3188,103
3189,123
3190,103
3191,103
3192,103
3193,103
3194,103
3195,103
3196,15
3197,15
3198,15
3199,15
3200,15
3201,15
3202,141
3203,174
3204,85
3205,85
3206,126
3207,126
3208,126
3209,153
3210,85
3211,153
3212,153
3213,70
3214,153
3215,124
3216,180
3217,96
3218,96
3219,180
3220,124
3221,96
3222,163
3223,163
3224,163
3225,96
3226,96
3227,96
3228,89
3229,89
3230,29
3231,29
3232,29
3233,60
3234,60
3235,60
3236,60
3237,60
3238,60
3239,16
3240,16
3241,16
3242,92
3243,92
3244,8
3245,50
3246,50
3247,92
3248,181
3249,181
3250,181
3251,181
3252,50
3253,157
3254,157
3255,157
3256,157
3257,5
3258,50
3259,154
3260,154
3261,154
3262,57
3263,57
3264,57
3265,2
3266,2
3267,2
3268,182
3269,182
3270,182
3271,57
3272,8
3273,83
3274,80
3275,80
3276,54
3277,54
3278,54
3279,171
3280,171
3281,171
3282,6
3283,6
3284,6
3285,84
3286,84
3287,80
3288,84
3289,84
3290,84
3291,29
3292,13
3293,84
3294,84
3295,84
3296,84
3297,15
3298,84
3299,84
3300,84
3301,84
3302,84
3303,15
3304,84
3305,84
3306,169
3307,169
3308,169
3309,169
3310,169
3311,10
3312,6
3313,6
3314,6
3315,180
3316,180
3317,49
3318,8
3319,6
3320,49
3321,49
3322,49
3323,49
3324,92
3325,92
3326,49
3327,111
3328,111
3329,111
3330,92
3331,92
3332,130
3333,130
3334,130
3335,130
3336,39
3337,172
3338,172
3339,172
3340,32
3341,32
3342,172
3343,172
3344,172
3345,172
3346,32
3347,32
3348,32
3349,35
3350,35
3351,35
3352,118
3353,118
3354,32
3355,32
3356,118
3357,118
3358,134
3359,134
3360,25
3361,8
3362,32
3363,77
3364,77
3365,25
3366,55
3367,55
3368,55
3369,55
3370,130
3371,183
3372,183
3373,183
3374,132
3375,132
3376,58
3377,58
3378,151
3379,151
3380,151
3381,58
3382,151
3383,151
3384,151
3385,151
3386,58
3387,151
3388,151
3389,132
3390,65
3391,65
3392,167
3393,167
3394,167
3395,36
3396,36
3397,32
3398,32
3399,32
3400,45
3401,45
3402,16
3403,16
3404,148
3405,148
3406,163
3407,163
3408,7
3409,7
3410,7
3411,148
3412,138
3413,138
3414,138
3415,138
3416,148
3417,89
3418,89
3419,89
3420,89
3421,36
3422,36
3423,89
3424,89
3425,89
3426,89
3427,6
3428,6
3429,148
3430,29
3431,29
3432,29
3433,29
3434,148
3435,148
3436,46
3437,46
3438,46
3439,46
3440,46
3441,46
3442,148
3443,46
3444,46
3445,163
3446,117
3447,117
3448,163
3449,30
3450,30
3451,30
3452,55
3453,55
3454,113
3455,67
3456,67
3457,93
3458,93
3459,93
3460,184
3461,184
3462,184
3463,127
3464,127
3465,127
3466,52
3467,52
3468,67
3469,67
3470,68
3471,84
3472,29
3473,68
3474,84
3475,68
3476,84
3477,68
3478,68
3479,181
3480,181
3481,73
3482,181
3483,0
3484,183
3485,183
3486,183
3487,103
3488,103
3489,103
3490,103
3491,103
3492,103
3493,103
3494,103
3495,115
3496,21
3497,21
3498,39
3499,51
3500,51
3501,118
3502,118
3503,51
3504,118
3505,181
3506,181
3507,181
3508,51
3509,151
3510,151
3511,151
3512,51
3513,51
3514,99
3515,99
3516,80
3517,80
3518,99
3519,99
3520,50
3521,50
3522,80
3523,50
3524,2
3525,2
3526,29
3527,18
3528,18
3529,90
3530,90
3531,56
3532,56
3533,18
3534,18
3535,18
3536,18
3537,140
3538,140
3539,18
3540,144
3541,127
3542,76
3543,76
3544,18
3545,76
3546,76
3547,75
3548,75
3549,75
3550,18
3551,18
3552,18
3553,154
3554,154
3555,154
3556,154
3557,154
3558,154
3559,178
3560,178
3561,178
3562,18
3563,5
3564,5
3565,5
3566,5
3567,5
3568,91
3569,91
3570,91
3571,69
3572,29
3573,69
3574,69
3575,69
3576,69
3577,69
3578,111
3579,111
3580,91
3581,91
3582,91
3583,185
3584,185
3585,111
3586,91
3587,91
3588,91
3589,71
3590,71
3591,91
3592,91
3593,91
3594,91
3595,91
3596,91
3597,71
3598,91
3599,91
3600,91
3601,91
3602,41
3603,41
3604,71
3605,71
3606,71
3607,173
3608,173
3609,71
3610,173
3611,173
3612,75
3613,75
3614,75
3615,74
3616,74
3617,74
3618,74
3619,71
3620,43
3621,2
3622,185
3623,43
3624,102
3625,102
3626,164
3627,164
3628,35
3629,35
3630,50
3631,50
3632,99
3633,99
3634,99
3635,99
3636,50
3637,50
3638,52
3639,52
3640,50
3641,52
3642,45
3643,186
3644,186
3645,186
3646,45
3647,186
3648,186
3649,45
3650,186
3651,116
3652,186
3653,48
3654,148
3655,185
3656,116
3657,73
3658,73
3659,73
3660,73
3661,12
3662,12
3663,12
3664,12
3665,119
3666,119
3667,77
3668,77
3669,119
3670,182
3671,182
3672,77
3673,182
3674,182
3675,151
3676,151
3677,151
3678,151
3679,151
3680,7
3681,7
3682,7
3683,7
3684,7
3685,7
3686,7
3687,7
3688,7
3689,7
3690,98
3691,98
3692,98
3693,98
3694,98
3695,98
3696,107
3697,56
3698,56
3699,56
3700,56
3701,104
3702,7
3703,56
3704,56
3705,56
3706,56
3707,56
3708,185
3709,117
3710,117
3711,117
3712,39
3713,39
3714,39
3715,39
3716,53
3717,39
3718,53
3719,48
3720,48
3721,48
3722,157
3723,157
3724,157
3725,157
3726,157
3727,48
3728,157
3729,157
3730,156
3731,156
3732,185
3733,185
3734,185
3735,156
3736,185
3737,185
3738,185
3739,185
3740,8
3741,8
3742,8
3743,8
3744,8
3745,8
3746,185
3747,156
3748,8
3749,8
3750,8
3751,8
3752,8
3753,1
3754,1
3755,8
3756,8
3757,8
3758,1
3759,91
3760,91
3761,91
3762,91
3763,91
3764,91
3765,156
3766,91
3767,91
3768,91
3769,91
3770,61
3771,61
3772,91
3773,91
3774,91
3775,91
3776,13
3777,13
3778,91
3779,91
3780,91
3781,91
3782,91
3783,13
3784,69
3785,69
3786,69
3787,69
3788,29
3789,69
3790,13
3791,185
3792,13
3793,81
3794,81
3795,81
3796,65
3797,65
3798,17
3799,157
3800,157
3801,157
3802,157
3803,65
3804,148
3805,148
3806,17
3807,17
3808,75
3809,75
3810,75
3811,39
3812,39
3813,39
3814,36
3815,36
3816,36
3817,17
3818,63
3819,63
3820,63
3821,63
3822,144
3823,146
3824,146
3825,146
3826,130
3827,130
3828,130
3829,130
3830,80
3831,42
3832,42
3833,42
3834,29
3835,29
3836,29
3837,29
3838,127
3839,127
3840,127
3841,127
3842,127
3843,127
3844,127
3845,11
3846,11
3847,11
3848,11
3849,11
3850,11
3851,11
3852,11
3853,11
3854,42
3855,42
3856,138
3857,138
3858,138
3859,138
3860,138
3861,63
3862,63
3863,63
3864,63
3865,138
3866,138
3867,138
3868,61
3869,42
3870,42
3871,61
3872,61
3873,61
3874,123
3875,123
3876,61
3877,61
3878,61
3879,61
3880,61
3881,123
3882,61
3883,61
3884,61
3885,61
3886,123
3887,61
3888,61
3889,163
3890,123
3891,123
3892,177
3893,177
3894,56
3895,123
3896,11
3897,127
3898,123
3899,61
3900,61
3901,61
3902,1
3903,1
3904,1
3905,185
3906,185
3907,185
3908,1
3909,49
3910,49
3911,80
3912,21
3913,21
3914,21
3915,53
3916,80
3917,53
3918,126
3919,126
3920,29
3921,29
3922,177
3923,177
3924,127
3925,127
3926,127
3927,127
3928,127
3929,127
3930,11
3931,11
3932,177
3933,11
3934,11
3935,11
3936,11
3937,127
3938,127
3939,127
3940,117
3941,130
3942,130
3943,130
3944,130
3945,130
3946,117
3947,187
3948,187
3949,0
3950,0
3951,0
3952,0
3953,0
3954,8
3955,8
3956,0
3957,0
3958,0
3959,0
3960,0
3961,0
3962,0
3963,0
3964,0
3965,0
3966,0
3967,0
3968,0
3969,0
3970,0
3971,0
3972,160
3973,39
3974,160
3975,160
3976,160
3977,160
3978,2
3979,2
3980,39
3981,160
3982,160
3983,160
3984,160
3985,34
3986,160
3987,0
3988,0
3989,0
3990,0
3991,0
3992,0
3993,0
3994,0
3995,0
3996,0
3997,0
3998,0
3999,0
4000,0
4001,160
4002,160
4003,160
4004,160
4005,160
4006,160
4007,160
4008,160
4009,37
4010,37
4011,37
4012,131
4013,131
4014,131
4015,131
4016,131
4017,37
4018,37
4019,37
4020,2
4021,131
4022,188
4023,188
4024,188
4025,188
4026,18
4027,18
4028,55
4029,55
4030,55
4031,55
4032,55
4033,55
4034,177
4035,11
4036,11
4037,127
4038,127
4039,177
4040,177
4041,116
4042,116
4043,116
4044,46
4045,46
4046,46
4047,46
4048,123
4049,123
4050,123
4051,168
4052,168
4053,168
4054,123
4055,46
4056,46
4057,46
4058,123
4059,123
4060,46
4061,46
4062,46
4063,2
4064,2
4065,2
4066,39
4067,53
4068,39
4069,39
4070,135
4071,135
4072,135
4073,135
4074,135
4075,45
4076,45
4077,135
4078,135
4079,135
4080,135
4081,135
4082,135
4083,134
4084,134
4085,134
4086,134
4087,134
4088,134
4089,134
4090,134
4091,134
4092,134
4093,134
4094,33
4095,33
4096,134
4097,134
4098,134
4099,134
4100,33
4101,134
4102,134
4103,2
4104,33
4105,33
4106,33
4107,0
4108,0
4109,33
4110,33
4111,33
4112,33
4113,33
4114,33
4115,33
4116,33
4117,33
4118,33
4119,33
4120,33
4121,0
4122,33
4123,33
4124,33
4125,33
4126,33
4127,33
4128,33
4129,99
4130,33
4131,33
4132,33
4133,63
4134,63
4135,33
4136,33
4137,33
4138,33
4139,33
4140,63
4141,33
4142,33
4143,33
4144,77
4145,77
4146,77
4147,178
4148,60
4149,178
4150,189
4151,189
4152,189
4153,36
4154,143
4155,143
4156,143
4157,178
4158,143
4159,143
4160,143
4161,143
4162,186
4163,186
4164,143
4165,143
4166,143
4167,143
4168,80
4169,63
4170,143
4171,77
4172,77
4173,77
4174,77
4175,65
4176,65
4177,65
4178,65
4179,65
4180,65
4181,65
4182,65
4183,65
4184,65
4185,65
4186,73
4187,73
4188,73
4189,73
4190,84
4191,84
4192,84
4193,84
4194,84
4195,84
4196,36
4197,36
4198,84
4199,83
4200,83
4201,83
4202,119
4203,119
4204,83
4205,83
4206,119
4207,83
4208,83
4209,83
4210,119
4211,83
4212,83
4213,81
4214,81
4215,81
4216,81
4217,81
4218,26
4219,26
4220,81
4221,81
4222,148
4223,148
4224,26
4225,148
4226,148
4227,148
4228,26
4229,148
4230,148
4231,148
4232,39
4233,39
4234,81
4235,81
4236,81
4237,39
4238,161
4239,161
4240,161
4241,96
4242,76
4243,76
4244,76
4245,76
4246,75
4247,76
4248,59
4249,59
4250,59
4251,59
4252,59
4253,59
4254,59
4255,59
4256,59
4257,59
4258,59
4259,186
4260,186
4261,178
4262,178
4263,178
4264,54
4265,54
4266,54
4267,155
4268,54
4269,54
4270,85
4271,85
4272,85
4273,36
4274,36
4275,1
4276,1
4277,1
4278,1
4279,1
4280,1
4281,1
4282,36
4283,1
4284,1
4285,1
4286,1
4287,1
4288,1
4289,1
4290,1
4291,1
4292,1
4293,36
4294,1
4295,1
4296,1
4297,1
4298,91
4299,91
4300,36
4301,128
4302,128
4303,36
4304,184
4305,130
4306,184
4307,184
4308,184
4309,184
4310,36
4311,83
4312,83
4313,47
4314,47
4315,47
4316,36
4317,47
4318,119
4319,119
4320,83
4321,83
4322,83
4323,29
4324,87
4325,87
4326,83
4327,83
4328,87
4329,87
4330,87
4331,118
4332,118
4333,118
4334,118
4335,53
4336,53
4337,53
4338,53
4339,126
4340,126
4341,85
4342,85
4343,16
4344,16
4345,16
4346,16
4347,85
4348,16
4349,16
4350,54
4351,39
4352,39
4353,16
4354,16
4355,16
4356,16
4357,39
4358,16
4359,39
4360,74
4361,74
4362,74
4363,74
4364,39
4365,74
4366,74
4367,130
4368,130
4369,130
4370,28
4371,28
4372,28
4373,39
4374,39
4375,168
4376,168
4377,168
4378,39
4379,63
4380,63
4381,39
4382,39
4383,0
4384,39
4385,39
4386,107
4387,107
4388,63
4389,63
4390,111
4391,111
4392,39
4393,45
4394,45
4395,45
4396,45
4397,45
4398,45
4399,45
4400,45
4401,14
4402,14
4403,65
4404,65
4405,65
4406,65
4407,117
4408,117
4409,45
4410,45
4411,45
4412,45
4413,117
4414,42
4415,36
4416,190
4417,36
4418,36
4419,83
4420,83
4421,83
4422,84
4423,84
4424,84
4425,159
4426,159
4427,43
4428,17
4429,17
4430,17
4431,17
4432,17
4433,17
4434,17
4435,17
4436,17
4437,21
4438,21
4439,21
4440,21
4441,83
4442,83
4443,51
4444,51
4445,51
4446,51
4447,191
4448,191
4449,191
4450,191
4451,24
4452,24
4453,24
4454,24
4455,24
4456,32
4457,24
4458,24
4459,24
4460,28
4461,28
4462,28
4463,28
4464,32
4465,28
4466,28
4467,28
4468,28
4469,28
4470,28
4471,28
4472,50
4473,32
4474,50
4475,50
4476,50
4477,50
4478,50
4479,131
4480,50
4481,50
4482,50
4483,50
4484,50
4485,50
4486,50
4487,50
4488,50
4489,147
4490,147
4491,50
4492,50
4493,50
4494,61
4495,147
4496,147
4497,181
4498,181
4499,181
4500,181
4501,5
4502,64
4503,55
4504,55
4505,51
4506,51
4507,51
4508,84
4509,84
4510,183
4511,183
4512,183
4513,55
4514,92
4515,92
4516,92
4517,92
4518,77
4519,162
4520,162
4521,81
4522,81
4523,81
4524,162
4525,81
4526,81
4527,81
4528,81
4529,135
4530,135
4531,60
4532,60
4533,60
4534,60
4535,60
4536,60
4537,60
4538,60
4539,60
4540,60
4541,94
4542,94
4543,94
4544,94
4545,94
4546,145
4547,145
4548,145
4549,89
4550,89
4551,45
4552,45
4553,67
4554,17
4555,17
4556,17
4557,17
4558,17
4559,17
4560,77
4561,77
4562,77
4563,77
4564,77
4565,77
4566,77
4567,77
4568,77
4569,77
4570,77
4571,77
4572,77
4573,77
4574,8
4575,8
4576,8
4577,8
4578,8
4579,8
4580,8
4581,8
4582,8
4583,33
4584,8
4585,33
4586,33
4587,33
4588,33
4589,33
4590,33
4591,33
4592,33
4593,67
4594,113
4595,113
4596,113
4597,113
4598,113
4599,113
4600,67
4601,36
4602,36
4603,36
4604,36
4605,105
4606,105
4607,106
4608,106
4609,105
4610,106
4611,106
4612,106
4613,106
4614,106
4615,106
4616,106
4617,106
4618,68
4619,68
4620,106
4621,106
4622,106
4623,68
4624,36
4625,36
4626,174
4627,174
4628,43
4629,43
4630,68
4631,43
4632,43
4633,43
4634,43
4635,103
4636,103
4637,83
4638,83
4639,65
4640,65
4641,65
4642,65
4643,65
4644,130
4645,130
4646,130
4647,97
4648,130
4649,130
4650,130
4651,45
4652,45
4653,97
4654,45
4655,21
4656,21
4657,33
4658,21
4659,74
4660,74
4661,29
4662,29
4663,74
4664,171
4665,171
4666,171
4667,104
4668,6
4669,6
4670,36
4671,13
4672,36
4673,36
4674,104
4675,40
4676,104
4677,40
4678,40
4679,40
4680,40
4681,40
4682,40
4683,40
4684,104
4685,40
4686,40
4687,40
4688,40
4689,40
4690,40
4691,40
4692,177
4693,40
4694,40
4695,40
4696,40
4697,40
4698,40
4699,127
4700,127
4701,40
4702,40
4703,40
4704,40
4705,40
4706,104
4707,40
4708,40
4709,40
4710,69
4711,104
4712,69
4713,69
4714,69
4715,69
4716,69
4717,69
4718,69
4719,69
4720,69
4721,69
4722,69
4723,69
4724,69
4725,104
4726,69
4727,69
4728,69
4729,69
4730,69
4731,69
4732,104
4733,69
4734,69
4735,29
4736,29
4737,69
4738,69
4739,40
4740,40
4741,40
4742,29
4743,40
4744,40
4745,40
4746,40
4747,40
4748,40
4749,40
4750,40
4751,40
4752,40
4753,40
4754,40
4755,40
4756,12
4757,12
4758,40
4759,106
4760,106
4761,105
4762,105
4763,105
4764,105
4765,105
4766,148
4767,148
4768,148
4769,107
4770,107
4771,24
4772,24
4773,107
4774,105
4775,29
4776,130
4777,130
4778,130
4779,146
4780,146
4781,146
4782,126
4783,126
4784,126
4785,12
4786,118
4787,126
4788,84
4789,84
4790,84
4791,84
4792,84
4793,84
4794,84
4795,90
4796,90
4797,41
4798,45
4799,96
4800,96
4801,96
4802,96
4803,41
4804,151
4805,151
4806,151
4807,151
4808,45
4809,25
4810,25
4811,25
4812,25
4813,25
4814,25
4815,12
4816,45
4817,45
4818,25
4819,25
4820,25
4821,80
4822,80
4823,25
4824,80
4825,105
4826,105
4827,105
4828,105
4829,80
4830,105
4831,105
4832,96
4833,96
4834,96
4835,141
4836,96
4837,108
4838,108
4839,108
4840,108
4841,145
4842,145
4843,145
4844,145
4845,145
4846,145
4847,145
4848,107
4849,107
4850,81
4851,81
4852,81
4853,81
4854,141
4855,96
4856,148
4857,148
4858,141
4859,52
4860,52
4861,52
4862,52
4863,44
4864,44
4865,44
4866,44
4867,18
4868,18
4869,59
4870,59
4871,59
4872,18
4873,59
4874,59
4875,75
4876,75
4877,75
4878,75
4879,75
4880,75
4881,75
4882,75
4883,75
4884,75
4885,75
4886,75
4887,75
4888,75
4889,75
4890,75
4891,75
4892,18
4893,75
4894,34
4895,34
4896,34
4897,107
4898,71
4899,34
4900,34
4901,34
4902,34
4903,34
4904,73
4905,73
4906,73
4907,73
4908,73
4909,73
4910,73
4911,73
4912,73
4913,73
4914,73
4915,73
4916,73
4917,73
4918,70
4919,18
4920,70
4921,70
4922,70
4923,70
4924,70
4925,70
4926,70
4927,70
4928,71
4929,70
4930,70
4931,70
4932,70
4933,70
4934,70
4935,70
4936,70
4937,71
4938,70
4939,70
4940,113
4941,113
4942,113
4943,113
4944,113
4945,113
4946,113
4947,113
4948,55
4949,55
4950,55
4951,55
4952,55
4953,55
4954,55
4955,55
4956,55
4957,55
4958,96
4959,55
4960,55
4961,55
4962,55
4963,96
4964,55
4965,55
4966,55
4967,55
4968,55
4969,55
4970,55
4971,55
4972,36
4973,36
4974,55
4975,55
4976,55
4977,55
4978,55
4979,54
4980,55
4981,116
4982,116
4983,55
4984,54
4985,55
4986,54
4987,54
4988,55
4989,54
4990,54
4991,54
4992,54
4993,54
4994,116
4995,54
4996,54
4997,54
4998,54
4999,54
5000,54
5001,54
5002,54
5003,54
5004,54
5005,97
5006,122
5007,122
5008,97
5009,122
5010,122
5011,122
5012,124
5013,116
5014,75
5015,75
5016,75
5017,75
5018,75
5019,59
5020,59
5021,59
5022,47
5023,34
5024,73
5025,47
5026,73
5027,73
5028,73
5029,47
5030,73
5031,73
5032,73
5033,73
5034,73
5035,73
5036,70
5037,50
5038,50
5039,70
5040,70
5041,70
5042,70
5043,70
5044,70
5045,70
5046,70
5047,70
5048,70
5049,36
5050,50
5051,70
5052,70
5053,113
5054,113
5055,50
5056,113
5057,113
5058,113
5059,55
5060,55
5061,55
5062,55
5063,55
5064,55
5065,55
5066,50
5067,55
5068,55
5069,55
5070,55
5071,55
5072,55
5073,55
5074,55
5075,83
5076,83
5077,54
5078,55
5079,54
5080,42
5081,51
5082,54
5083,54
5084,54
5085,54
5086,178
5087,178
5088,178
5089,32
5090,178
5091,54
5092,54
5093,54
5094,97
5095,54
5096,97
5097,97
5098,97
5099,97
5100,178
5101,178
5102,97
5103,124
5104,124
5105,36
5106,50
5107,11
5108,11
5109,11
5110,50
5111,161
5112,192
5113,161
5114,39
5115,39
5116,192
5117,20
5118,20
5119,20
5120,20
5121,58
5122,62
5123,58
5124,62
5125,184
5126,184
5127,184
5128,184
5129,130
5130,130
5131,130
5132,130
5133,60
5134,5
5135,5
5136,5
5137,5
5138,66
5139,66
5140,155
5141,178
5142,135
5143,135
5144,135
5145,135
5146,98
5147,127
5148,135
5149,135
5150,7
5151,135
5152,127
5153,183
5154,183
5155,183
5156,183
5157,48
5158,48
5159,48
5160,48
5161,169
5162,21
5163,169
5164,11
5165,48
5166,48
5167,48
5168,22
5169,22
5170,22
5171,11
5172,182
5173,182
5174,80
5175,80
5176,80
5177,80
5178,81
5179,81
5180,173
5181,173
5182,173
5183,71
5184,71
5185,173
5186,81
5187,81
5188,173
5189,184
5190,184
5191,184
5192,71
5193,184
5194,184
5195,184
5196,164
5197,164
5198,164
5199,164
5200,110
5201,61
5202,61
5203,61
5204,11
5205,11
5206,49
5207,49
5208,49
5209,41
5210,60
5211,11
5212,41
5213,41
5214,41
5215,11
5216,41
5217,11
5218,11
5219,11
5220,11
5221,11
5222,11
5223,88
5224,128
5225,33
5226,33
5227,33
5228,48
5229,45
5230,45
5231,45
5232,13
5233,29
5234,44
5235,44
5236,44
5237,13
5238,129
5239,129
5240,129
5241,129
5242,107
5243,107
5244,38
5245,38
5246,19
5247,36
5248,165
5249,165
5250,165
5251,56
5252,17
5253,17
5254,3
5255,3
5256,44
5257,44
5258,3
5259,3
5260,3
5261,155
5262,155
5263,44
5264,44
5265,151
5266,151
5267,151
5268,44
5269,150
5270,150
5271,44
5272,150
5273,135
5274,135
5275,183
5276,181
5277,44
5278,183
5279,183
5280,183
5281,183
5282,44
5283,181
5284,181
5285,44
5286,27
5287,27
5288,0
5289,1
5290,146
5291,27
5292,0
5293,90
5294,90
5297,105
5299,105
5300,105
5301,168
5302,168
5303,168
5304,52
5305,97
5306,124
5307,97
5308,63
5309,63
5310,80
5311,80
5312,110
5313,110
5314,80
5315,80
5316,47
5317,47
5318,63
5319,63
5320,138
5321,63
5322,63
5323,63
5324,63
5325,110
5326,63
5327,63
5328,63
5329,63
5330,63
5331,110
5332,110
5333,63
5334,63
5335,63
5336,63
5337,63
5338,63
5339,63
5340,63
5341,63
5342,63
5343,63
5344,63
5345,63
5346,63
5347,123
5348,123
5349,63
5350,6
5351,6
5352,6
5353,6
5354,6
5355,6
5356,6
5357,123
5358,6
5359,6
5360,6
5361,83
5362,83
5363,60
5364,123
5365,83
5366,83
5367,83
5368,83
5369,83
5370,83
5371,83
5372,83
5373,123
5374,83
5375,83
5376,83
5377,83
5378,83
5379,83
5380,83
5381,123
5382,123
5383,83
5384,6
5385,83
5386,83
5387,90
5388,83
5389,123
5390,83
5391,123
5392,48
5393,48
5394,48
5395,48
5396,48
5397,48
5398,48
5399,48
5400,48
5401,48
5402,45
5403,91
5404,91
5405,21
5406,22
5407,22
5408,169
5409,169
5410,91
5411,22
5412,22
5413,10
5414,10
5415,91
5416,91
5417,10
5418,10
5419,10
5420,115
5421,115
5422,10
5423,10
5424,83
5425,83
5426,93
5427,93
5428,93
5429,93
5430,115
5431,117
5432,117
5433,115
5434,117
5435,115
5436,29
5437,29
5438,158
5439,158
5440,158
5441,29
5442,29
5443,148
5444,148
5445,148
5446,148
5447,148
5448,148
5449,49
5450,49
5451,145
5452,145
5453,145
5454,47
5455,49
5456,49
5457,49
5458,49
5459,145
5460,145
5461,145
5462,145
5463,49
5464,81
5465,81
5466,97
5467,97
5468,45
5469,97
5470,39
5471,21
5472,30
5473,30
5474,97
5475,30
5476,153
5477,153
5478,153
5479,125
5480,125
5481,125
5482,131
5483,59
5484,59
5485,93
5486,93
5487,59
5488,131
5489,33
5490,24
5491,133
5492,133
5493,133
5494,33
5495,33
5496,33
5497,77
5498,8
5499,45
5500,77
5501,29
5502,29
5503,45
5504,29
5505,185
5506,185
5507,185
5508,185
5509,185
5510,29
5511,29
5512,161
5513,161
5514,161
5515,29
5516,49
5517,49
5518,29
5519,21
5520,21
5521,29
5522,21
5523,21
5524,51
5525,51
5526,71
5527,71
5528,71
5529,142
5530,161
5531,161
5532,71
5533,110
5534,124
5535,124
5536,124
5537,50
5538,5
5539,50
5540,50
5541,50
5542,71
5543,50
5544,50
5545,21
5546,21
5547,21
5548,21
5549,21
5550,110
5551,21
5552,169
5553,169
5554,169
5555,169
5556,18
5557,71
5558,64
5559,64
5560,64
5561,47
5562,47
5563,64
5564,64
5565,64
5566,64
5567,64
5568,64
5569,5
5570,47
5571,5
5572,5
5573,5
5574,5
5575,5
5576,47
5577,5
5578,5
5579,5
5580,5
5581,5
5582,127
5583,5
5584,5
5585,5
5586,5
5587,5
5588,5
5589,127
5590,5
5591,5
5592,5
5593,5
5594,86
5595,86
5596,129
5597,129
5598,115
5599,86
5600,86
5601,86
5602,86
5603,86
5604,86
5605,86
5606,45
5607,80
5608,80
5609,86
5610,86
5611,119
5612,119
5613,119
5614,80
5615,119
5616,64
5617,64
5618,64
5619,5
5620,64
5621,80
5622,80
5623,5
5624,5
5625,80
5626,5
5627,5
5628,5
5629,5
5630,36
5631,36
5632,5
5633,5
5634,86
5635,86
5636,86
5637,36
5638,119
5639,119
5640,119
5641,142
5642,88
5643,36
5644,88
5645,88
5646,32
5647,55
5648,40
5649,40
5650,40
5651,8
5652,8
5653,44
5654,44
5655,77
5656,77
5657,77
5658,130
5659,130
5660,93
5661,93
5662,180
5663,180
5664,180
5665,180
5666,130
5667,130
5668,130
5669,14
5670,14
5671,69
5672,29
5673,69
5674,14
5675,71
5676,71
5677,71
5678,169
5679,169
5680,6
5681,143
5682,143
5683,143
5684,143
5685,6
5686,143
5687,8
5688,6
5689,170
5690,170
5691,170
5692,170
5693,6
5694,47
5695,81
5696,81
5697,81
5698,81
5699,173
5700,173
5701,166
5702,166
5703,166
5704,71
5705,71
5706,166
5707,166
5708,39
5709,27
5710,27
5711,184
5712,184
5713,151
5714,151
5715,151
5716,151
5717,97
5718,97
5719,130
5720,130
5721,97
5722,8
5723,97
5724,22
5725,22
5726,59
5727,193
5728,22
5729,22
5730,22
5731,22
5732,22
5733,174
5734,21
5735,21
5736,21
5737,78
5738,78
5739,22
5740,22
5741,78
5742,169
5743,169
5744,169
5745,169
5746,157
5747,48
5748,0
5749,10
5750,0
5751,152
5752,152
5753,152
5754,0
5755,55
5756,55
5757,59
5758,59
5759,59
5760,117
5761,117
5762,59
5763,59
5764,59
5765,59
5766,59
5767,59
5768,59
5769,59
5770,59
5771,59
5772,93
5773,59
5774,117
5775,93
5776,93
5777,93
5778,93
5779,93
5780,93
5781,3
5782,3
5783,3
5784,3
5785,3
5786,0
5787,0
5788,0
5789,0
5790,0
5791,0
5792,0
5793,0
5794,0
5795,0
5796,163
5797,0
5798,76
5799,76
5800,76
5801,76
5802,76
5803,76
5804,76
5805,76
5806,59
5807,59
5808,59
5809,59
5810,59
5811,59
5812,59
5813,59
5814,59
5815,59
5816,59
5817,59
5818,59
5819,59
5820,59
5821,93
5822,93
5823,93
5824,0
5825,0
5826,0
5827,0
5828,0
5829,0
5830,0
5831,0
5832,0
5833,0
5834,0
5835,0
5836,0
5837,0
5838,0
5839,0
5840,71
5841,71
5842,71
5843,71
5844,71
5845,112
5846,112
5847,112
5848,112
5849,112
5850,112
5851,1
5852,1
5853,1
5854,1
5855,115
5856,115
5857,155
5858,155
5859,1
5860,1
5861,1
5862,145
5863,145
5864,145
5865,30
5866,145
5867,145
5868,139
5869,82
5870,164
5871,164
5872,82
5873,50
5874,50
5875,50
5876,50
5877,50
5878,2
5879,2
5880,2
5881,2
5882,2
5883,2
5884,194
5885,194
5886,43
5887,43
5888,157
5889,169
5890,64
5891,64
5892,36
5893,36
5894,161
5895,161
5896,157
5897,153
5898,153
5899,153
5900,8
5901,153
5902,81
5903,81
5904,81
5905,81
5906,81
5907,29
5908,29
5909,167
5910,167
5911,167
5912,48
5913,36
5914,36
5915,36
5916,29
5917,29
5918,36
5919,36
5920,153
5921,153
5922,133
5923,133
5924,133
5925,153
5926,173
5927,47
5928,173
5929,19
5930,153
5931,183
5932,183
5933,183
5934,183
5935,57
5936,57
5937,81
5938,81
5939,81
5940,57
5941,81
5942,81
5943,81
5944,81
5945,81
5946,81
5947,57
5948,81
5949,81
5950,81
5951,81
5952,57
5953,38
5954,38
5955,38
5956,38
5957,38
5958,38
5959,38
5960,38
5961,38
5962,38
5963,38
5964,38
5965,38
5966,19
5967,57
5968,38
5969,19
5970,19
5971,57
5972,19
5973,29
5974,29
5975,138
5976,57
5977,138
5978,138
5979,138
5980,138
5981,138
5982,138
5983,138
5984,138
5985,138
5986,138
5987,138
5988,138
5989,125
5990,125
5991,125
5992,125
5993,125
5994,125
5995,125
5996,125
5997,125
5998,125
5999,125
6000,34
6001,125
6002,125
6003,125
6004,125
6005,125
6006,125
6007,34
6008,125
6009,125
6010,125
6011,154
6012,154
6013,154
6014,154
6015,154
6016,154
6017,154
6018,154
6019,154
6020,154
6021,154
6022,154
6023,154
6024,154
6025,154
6026,154
6027,154
6028,154
6029,154
6030,24
6031,154
6032,154
6033,154
6034,154
6035,154
6036,154
6037,154
6038,154
6039,29
6040,29
6041,29
6042,29
6043,29
6044,29
6045,29
6046,29
6047,24
6048,138
6049,41
6050,138
6051,138
6052,138
6053,138
6054,131
6055,138
6056,138
6057,131
6058,131
6059,138
6060,138
6061,125
6062,125
6063,125
6064,125
6065,125
6066,125
6067,125
6068,154
6069,154
6070,154
6071,154
6072,131
6073,154
6074,154
6075,154
6076,154
6077,131
6078,154
6079,154
6080,154
6081,154
6082,154
6083,154
6084,154
6085,24
6086,154
6087,154
6088,29
6089,8
6090,29
6091,29
6092,29
6093,8
6094,68
6095,68
6096,8
6097,50
6098,50
6099,50
6100,103
6101,103
6102,70
6103,70
6104,70
6105,103
6106,103
6107,22
6108,22
6109,40
6110,40
6111,91
6112,68
6113,195
6114,195
6115,53
6116,53
6117,36
6118,63
6119,80
6120,63
6121,63
6122,68
6123,42
6124,42
6125,68
6126,68
6127,186
6128,186
6129,68
6130,182
6131,182
6132,182
6133,153
6134,153
6135,153
6136,153
6137,153
6138,153
6139,153
6140,68
6141,153
6142,68
6143,68
6144,55
6145,68
6146,55
6147,55
6148,19
6149,19
6150,19
6151,68
6152,68
6153,19
6154,19
6155,20
6156,20
6157,68
6158,68
6159,68
6160,107
6161,168
6162,107
6163,143
6164,143
6165,143
6166,143
6167,51
6168,51
6169,68
6170,107
6171,107
6172,107
6173,46
6174,46
6175,53
6176,53
6177,53
6178,53
6179,53
6180,36
6181,27
6182,27
6183,27
6184,27
6185,107
6186,107
6187,146
6188,146
6189,49
6190,49
6191,46
6192,143
6193,46
6194,143
6195,107
6196,143
6197,143
6198,56
6199,56
6200,56
6201,36
6202,56
6203,56
6204,170
6205,107
6206,83
6207,83
6208,83
6209,83
6210,83
6211,51
6212,51
6213,51
6214,51
6215,191
6216,191
6217,107
6218,191
6219,191
6220,191
6221,191
6222,36
6223,150
6224,150
6225,107
6226,150
6227,3
6228,3
6229,3
6230,3
6231,3
6232,3
6233,3
6234,3
6235,3
6236,3
6237,3
6238,3
6239,3
6240,3
6241,3
6242,3
6243,3
6244,3
6245,3
6246,3
6247,3
6248,3
6249,3
6250,3
6251,2
6252,2
6253,2
6254,2
6255,107
6256,2
6257,2
6258,2
6259,2
6260,2
6261,2
6262,2
6263,185
6264,185
6265,2
6266,2
6267,2
6268,75
6269,2
6270,75
6271,75
6272,75
6273,75
6274,75
6275,75
6276,75
6277,75
6278,75
6279,79
6280,79
6281,79
6282,79
6283,79
6284,79
6285,79
6286,79
6287,79
6288,79
6289,79
6290,79
6291,99
6292,99
6293,107
6294,99
6295,99
6296,99
6297,99
6298,99
6299,99
6300,99
6301,99
6302,99
6303,99
6304,99
6305,99
6306,99
6307,0
6308,0
6309,0
6310,0
6311,0
6312,156
6313,156
6314,156
6315,156
6316,107
6317,1
6318,1
6319,16
6320,16
6321,16
6322,16
6323,16
6324,115
6325,115
6326,115
6327,115
6328,115
6329,115
6330,115
6331,119
6332,119
6333,119
6334,119
6335,119
6336,119
6337,119
6338,107
6339,119
6340,119
6341,119
6342,3
6343,3
6344,3
6345,3
6346,3
6347,3
6348,3
6349,3
6350,3
6351,3
6352,3
6353,2
6354,2
6355,2
6356,2
6357,107
6358,2
6359,2
6360,2
6361,2
6362,2
6363,2
6364,2
6365,2
6366,76
6367,107
6368,75
6369,75
6370,75
6371,75
6372,75
6373,75
6374,79
6375,79
6376,79
6377,79
6378,79
6379,79
6380,79
6381,79
6382,79
6383,79
6384,79
6385,99
6386,79
6387,99
6388,99
6389,99
6390,107
6391,99
6392,99
6393,99
6394,107
6395,107
6396,99
6397,99
6398,99
6399,99
6400,99
6401,107
6402,0
6403,0
6404,0
6405,0
6406,1
6407,1
6408,1
6409,1
6410,1
6411,16
6412,115
6413,115
6414,115
6415,115
6416,115
6417,115
6418,115
6419,115
6420,115
6421,119
6422,63
6423,119
6424,119
6425,119
6426,119
6427,63
6428,63
6429,178
6430,96
6431,29
6432,29
6433,63
6434,63
6435,107
6436,63
6437,63
6438,186
6439,105
6440,105
6441,105
6442,105
6443,105
6444,106
6445,63
6446,106
6447,106
6448,106
6449,106
6450,106
6451,106
6452,106
6453,106
6454,63
6455,106
6456,85
6457,85
6458,147
6459,147
6460,55
6461,55
6462,55
6463,55
6464,147
6465,147
6466,29
6467,63
6468,63
6469,94
6470,94
6471,63
6472,20
6473,20
6474,20
6475,14
6476,14
6477,14
6478,14
6479,14
6480,14
6481,14
6482,63
6483,14
6484,63
6485,27
6486,27
6487,63
6488,81
6489,29
6490,63
6491,63
6492,52
6493,52
6494,52
6495,195
6496,53
6497,104
6498,104
6499,146
6500,146
6501,146
6502,63
6503,68
6504,68
6505,68
6506,68
6507,176
6508,176
6509,176
6510,164
6511,164
6512,164
6513,141
6514,141
6515,61
6516,61
6517,61
6518,61
6519,61
6520,61
6521,63
6522,80
6523,61
6524,80
6525,63
6526,90
6527,90
6528,81
6529,48
6530,186
6531,45
6532,45
6533,45
6534,41
6535,66
6536,66
6537,66
6538,66
6539,66
6540,66
6541,66
6542,66
6543,66
6544,66
6545,66
6546,66
6547,66
6548,66
6549,66
6550,66
6551,66
6552,104
6553,177
6554,140
6555,140
6556,63
6557,47
6558,29
6559,29
6560,29
6561,29
6562,29
6563,29
6564,6
6565,29
6566,13
6567,13
6568,13
6569,104
6570,47
6571,104
6572,104
6573,104
6574,104
6575,104
6576,104
6577,104
6578,104
6579,104
6580,104
6581,104
6582,104
6583,177
6584,177
6585,29
6586,29
6587,29
6588,29
6589,29
6590,29
6591,51
6592,51
6593,51
6594,51
6595,51
6596,51
6597,51
6598,51
6599,51
6600,51
6601,51
6602,58
6603,58
6604,58
6605,58
6606,97
6607,134
6608,134
6609,81
6610,81
6611,71
6612,97
6613,97
6614,74
6615,74
6616,74
6617,74
6618,74
6619,74
6620,62
6621,62
6622,43
6623,43
6624,43
6625,43
6626,43
6627,62
6628,43
6629,43
6630,43
6631,43
6632,43
6633,43
6634,43
6635,43
6636,62
6637,128
6638,128
6639,128
6640,128
6641,128
6642,128
6643,128
6644,128
6645,128
6646,128
6647,45
6648,128
6649,128
6650,128
6651,88
6652,88
6653,88
6654,88
6655,185
6656,185
6657,88
6658,88
6659,88
6660,88
6661,88
6662,88
6663,142
6664,142
6665,88
6666,142
6667,142
6668,142
6669,142
6670,185
6671,142
6672,142
6673,161
6674,161
6675,161
6676,141
6677,141
6678,161
6679,161
6680,161
6681,161
6682,161
6683,141
6684,161
6685,180
6686,180
6687,180
6688,180
6689,180
6690,180
6691,39
6692,180
6693,180
6694,180
6695,180
6696,180
6697,128
6698,128
6699,49
6700,49
6701,49
6702,43
6703,49
6704,129
6705,129
6706,43
6707,173
6708,173
6709,173
6710,173
6711,43
6712,43
6713,43
6714,42
6715,42
6716,43
6717,99
6718,99
6719,43
6720,128
6721,151
6722,151
6723,151
6724,151
6725,140
6726,140
6727,86
6728,140
6729,140
6730,86
6731,140
6732,52
6733,52
6734,52
6735,42
6736,42
6737,117
6738,117
6739,29
6740,29
6741,29
6742,195
6743,195
6744,195
6745,195
6746,195
6747,195
6748,195
6749,195
6750,11
6751,11
6752,195
6753,195
6754,195
6755,195
6756,130
6757,130
6758,130
6759,130
6760,130
6761,130
6762,130
6763,130
6764,130
6765,130
6766,130
6767,184
6768,130
6769,184
6770,184
6771,184
6772,184
6773,184
6774,184
6775,184
6776,184
6777,184
6778,184
6779,184
6780,184
6781,184
6782,184
6783,184
6784,184
6785,52
6786,184
6787,184
6788,184
6789,184
6790,184
6791,190
6792,190
6793,190
6794,42
6795,190
6796,190
6797,190
6798,190
6799,190
6800,190
6801,190
6802,190
6803,0
6804,190
6805,62
6806,190
6807,163
6808,62
6809,62
6810,62
6811,62
6812,36
6813,62
6814,6
6815,62
6816,36
6817,36
6818,36
6819,36
6820,62
6821,62
6822,190
6823,190
6824,190
6825,190
6826,190
6827,190
6828,6
6829,190
6830,190
6831,190
6832,190
6833,190
6834,190
6835,184
6836,184
6837,184
6838,184
6839,184
6840,184
6841,184
6842,184
6843,184
6844,184
6845,184
6846,184
6847,184
6848,184
6849,184
6850,184
6851,184
6852,184
6853,71
6854,184
6855,130
6856,130
6857,42
6858,71
6859,130
6860,130
6861,130
6862,130
6863,130
6864,130
6865,72
6866,130
6867,130
6868,195
6869,195
6870,195
6871,72
6872,195
6873,195
6874,195
6875,195
6876,53
6877,53
6878,195
6879,72
6880,81
6881,81
6882,81
6883,22
6884,22
6885,81
6886,81
6887,81
6888,22
6889,22
6890,37
6891,6
6892,6
6893,6
6894,6
6895,52
6896,52
6897,52
6898,52
6899,42
6900,42
6901,106
6902,106
6903,163
6904,163
6905,106
6906,85
6907,85
6908,54
6909,85
6910,85
6911,85
6912,85
6913,85
6914,55
6915,55
6916,68
6917,68
6918,55
6919,153
6920,153
6921,153
6922,153
6923,153
6924,153
6925,153
6926,153
6927,68
6928,68
6929,153
6930,153
6931,55
6932,153
6933,55
6934,55
6935,55
6936,55
6937,55
6938,55
6939,55
6940,55
6941,153
6942,94
6943,94
6944,55
6945,55
6946,55
6947,85
6948,85
6949,85
6950,94
6951,85
6952,85
6953,85
6954,85
6955,85
6956,85
6957,85
6958,85
6959,85
6960,85
6961,85
6962,85
6963,85
6964,85
6965,123
6966,123
6967,123
6968,123
6969,123
6970,123
6971,123
6972,167
6973,123
6974,94
6975,167
6976,167
6977,167
6978,167
6979,167
6980,167
6981,167
6982,167
6983,32
6984,167
6985,167
6986,88
6987,153
6988,55
6989,55
6990,92
6991,55
6992,55
6993,55
6994,55
6995,55
6996,55
6997,47
6998,24
6999,24
7000,24
7001,24
7002,36
7003,36
7004,49
7005,49
7006,36
7007,36
7008,49
7009,177
7010,177
7011,161
7012,161
7013,161
7014,17
7015,42
7016,80
7017,80
7018,18
7019,18
7020,18
7021,123
7022,123
7023,123
7024,125
7025,125
7026,125
7027,123
7028,43
7029,43
7030,43
7031,12
7032,11
7033,12
7034,80
7035,80
7036,36
7037,36
7038,36
7039,101
7040,101
7041,101
7042,101
7043,36
7044,36
7045,142
7046,142
7047,13
7048,13
7049,13
7050,91
7051,91
7052,91
7053,91
7054,91
7055,91
7056,91
7057,13
7058,94
7059,94
7060,13
7061,40
7062,40
7063,40
7064,15
7065,15
7066,15
7067,127
7068,15
7069,15
7070,127
7071,16
7072,16
7073,47
7074,47
7075,68
7076,65
7077,65
7078,65
7079,47
7080,65
7081,41
7082,41
7083,41
7084,41
7085,47
7086,41
7087,41
7088,41
7089,41
7090,41
7091,41
7092,41
7093,0
7094,0
7095,0
7096,0
7097,0
7098,0
7099,0
7100,0
7101,0
7102,0
7103,0
7104,0
7105,0
7106,71
7107,96
7108,0
7109,0
7110,0
7111,0
7112,0
7113,96
7114,96
7115,5
7116,5
7117,5
7118,5
7119,64
7120,64
7121,64
7122,64
7123,64
7124,154
7125,154
7126,154
7127,59
7128,59
7129,59
7130,122
7131,122
7132,123
7133,48
7134,48
7135,48
7136,48
7137,48
7138,123
7139,48
7140,48
7141,45
7142,45
7143,29
7144,48
7145,48
7146,48
7147,48
7148,48
7149,48
7150,48
7151,48
7152,151
7153,48
7154,48
7155,151
7156,151
7157,151
7158,151
7159,113
7160,113
7161,151
7162,151
7163,151
7164,151
7165,151
7166,151
7167,151
7168,151
7169,132
7170,151
7171,132
7172,151
7173,45
7174,151
7175,151
7176,103
7177,103
7178,80
7179,69
7180,69
7181,69
7182,80
7183,196
7184,196
7185,196
7186,196
7187,36
7188,14
7189,64
7190,36
7191,14
7192,14
7193,45
7194,132
7195,132
7196,132
7197,132
7198,34
7199,34
7200,155
7201,118
7202,118
7203,34
7204,34
7205,60
7206,60
7207,60
7208,60
7209,186
7210,186
7211,186
7212,186
7213,186
7214,186
7215,186
7216,48
7217,186
7218,34
7219,48
7220,48
7221,48
7222,48
7223,59
7224,48
7225,48
7226,48
7227,94
7228,94
7229,94
7230,34
7231,94
7232,94
7233,94
7234,94
7235,59
7236,94
7237,94
7238,94
7239,94
7240,94
7241,94
7242,34
7243,118
7244,118
7245,118
7246,118
7247,118
7248,118
7249,118
7250,94
7251,94
7252,94
7253,94
7254,59
7255,59
7256,118
7257,48
7258,48
7259,48
7260,48
7261,48
7262,59
7263,59
7264,48
7265,48
7266,48
7267,48
7268,48
7269,48
7270,68
7271,68
7272,48
7273,118
7274,186
7275,118
7276,76
7277,186
7278,118
7279,118
7280,8
7281,8
7282,8
7283,8
7284,8
7285,8
7286,96
7287,91
7288,91
7289,91
7290,91
7291,91
7292,96
7293,91
7294,8
7295,117
7296,5
7297,28
7298,28
7299,117
7300,117
7301,28
7302,28
7303,11
7304,11
7305,110
7306,110
7307,11
7308,110
7309,139
7310,139
7311,139
7312,110
7313,9
7314,9
7315,9
7316,164
7317,164
7318,164
7319,164
7320,99
7321,99
7322,99
7323,9
7324,99
7325,99
7326,0
7327,48
7328,48
7329,184
7330,184
7331,184
7332,184
7333,26
7334,36
7335,48
7336,45
7337,45
7338,65
7339,65
7340,41
7341,41
7342,41
7343,41
7344,45
7345,45
7346,45
7347,96
7348,96
7349,10
7350,10
7351,10
7352,9
7353,63
7354,26
7355,64
7356,64
7357,96
7358,96
7359,87
7360,87
7361,87
7362,145
7363,148
7364,145
7365,145
7366,145
7367,145
7368,145
7369,145
7370,145
7371,145
7372,145
7373,145
7374,145
7375,145
7376,145
7377,145
7378,145
7379,145
7380,70
7381,145
7382,145
7383,145
7384,145
7385,145
7386,145
7387,145
7388,145
7389,145
7390,26
7391,104
7392,104
7393,145
7394,145
7395,145
7396,148
7397,148
7398,148
7399,148
7400,148
7401,148
7402,104
7403,7
7404,44
7405,26
7406,26
7407,26
7408,7
7409,56
7410,56
7411,59
7412,59
7413,59
7414,183
7415,183
7416,183
7417,183
7418,183
7419,183
7420,183
7421,183
7422,183
7423,76
7424,183
7425,183
7426,20
7427,26
7428,20
7429,20
7430,20
7431,20
7432,40
7433,40
7434,20
7435,2
7436,34
7437,34
7438,2
7439,34
7440,32
7441,32
7442,32
7443,121
7444,121
7445,121
7446,32
7447,121
7448,121
7449,121
7450,121
7451,121
7452,32
7453,32
7454,121
7455,121
7456,121
7457,121
7458,121
7459,121
7460,91
7461,26
7462,32
7463,91
7464,91
7465,91
7466,8
7467,121
7468,33
7469,33
7470,32
7471,33
7472,33
7473,33
7474,32
7475,91
7476,91
7477,91
7478,8
7479,91
7480,91
7481,91
7482,32
7483,32
7484,121
7485,121
7486,91
7487,121
7488,121
7489,32
7490,121
7491,121
7492,21
7493,21
7494,21
7495,21
7496,21
7497,21
7498,21
7499,80
7500,80
7501,18
7502,18
7503,26
7504,131
7505,131
7506,145
7507,145
7508,148
7509,10
7510,10
7511,10
7512,11
7513,11
7514,45
7515,45
7516,45
7517,45
7518,45
7519,53
7520,53
7521,53
7522,39
7523,39
7524,12
7525,12
7526,12
7527,26
7528,189
7529,36
7530,132
7531,132
7532,132
7533,0
7534,0
7535,0
7536,139
7537,164
7538,139
7539,15
7540,5
7541,27
7542,146
7543,15
7544,33
7545,33
7546,33
7547,68
7548,68
7549,45
7550,45
7551,68
7552,29
7553,26
7554,68
7555,42
7556,42
7557,29
7558,29
7559,42
7560,29
7561,29
7562,103
7563,103
7564,41
7565,41
7566,41
7567,103
7568,103
7569,103
7570,28
7571,28
7572,36
7573,28
7574,28
7575,28
7576,28
7577,7
7578,39
7579,177
7580,39
7581,7
7582,39
7583,39
7584,39
7585,53
7586,122
7587,10
7588,10
7589,9
7590,9
7591,123
7592,123
7593,97
7594,97
7595,97
7596,123
7597,105
7598,105
7599,105
7600,26
7601,123
7602,105
7603,105
7604,105
7605,38
7606,38
7607,148
7608,148
7609,148
7610,38
7611,148
7612,148
7613,148
7614,148
7615,148
7616,148
7617,38
7618,148
7619,148
7620,148
7621,148
7622,148
7623,148
7624,148
7625,148
7626,148
7627,148
7628,148
7629,30
7630,30
7631,30
7632,30
7633,30
7634,30
7635,97
7636,97
7637,30
7638,30
7639,30
7640,174
7641,174
7642,174
7643,174
7644,174
7645,43
7646,97
7647,43
7648,43
7649,43
7650,43
7651,107
7652,107
7653,43
7654,43
7655,43
7656,43
7657,43
7658,43
7659,43
7660,43
7661,107
7662,43
7663,43
7664,43
7665,43
7666,43
7667,43
7668,43
7669,174
7670,26
7671,1
7672,1
7673,174
7674,174
7675,1
7676,174
7677,174
7678,174
7679,174
7680,30
7681,30
7682,30
7683,148
7684,1
7685,148
7686,148
7687,148
7688,148
7689,148
7690,148
7691,148
7692,148
7693,148
7694,148
7695,148
7696,148
7697,148
7698,148
7699,148
7700,148
7701,80
7702,148
7703,148
7704,148
7705,148
7706,80
7707,105
7708,105
7709,80
7710,105
7711,105
7712,105
7713,105
7714,26
7715,7
7716,7
7717,63
7718,107
7719,7
7720,8
7721,6
7722,22
7723,22
7724,141
7725,141
7726,145
7727,145
7728,145
7729,139
7730,139
7731,139
7732,50
7733,50
7734,50
7735,81
7736,81
7737,81
7738,81
7739,20
7740,20
7741,74
7742,74
7743,74
7744,74
7745,74
7746,0
7747,0
7748,50
7749,50
7750,50
7751,50
7752,49
7753,49
7754,49
7755,41
7756,41
7757,41
7758,41
7759,41
7760,41
7761,41
7762,41
7763,41
7764,41
7765,41
7766,41
7767,41
7768,41
7769,41
7770,50
7771,41
7772,41
7773,41
7774,41
7775,53
7776,53
7777,50
7778,37
7779,37
7780,37
7781,37
7782,50
7783,45
7784,45
7785,45
7786,48
7787,48
7788,48
7789,171
7790,2
7791,63
7792,2
7793,2
7794,2
7795,2
7796,2
7797,101
7798,101
7799,101
7800,14
7801,14
7802,14
7803,169
7804,64
7805,101
7806,169
7807,54
7808,43
7809,21
7810,21
7811,53
7812,43
7816,50
7817,14
7818,14
7819,14
7820,14
7821,43
7822,43
7823,14
7824,14
7825,14
7826,7
7827,7
7828,14
7829,50
7830,7
7831,7
7832,50
7833,64
7834,14
7835,64
7836,64
7837,54
7838,54
7839,64
7840,15
7841,15
7842,54
7843,37
7844,37
7845,38
7846,19
7847,36
7848,102
7849,102
7850,164
7851,164
7852,53
7853,33
7854,33
7855,141
7856,141
7857,141
7858,33
7859,99
7860,107
7861,107
7862,107
7863,33
7864,157
7865,157
7866,107
7867,107
7868,107
7869,63
7870,63
7871,63
7872,80
7873,80
7874,83
7875,163
7876,163
7877,163
7878,163
7879,163
7880,163
7881,163
7882,121
7883,121
7884,121
7885,83
7886,83
7887,194
7888,43
7889,57
7890,57
7891,0
7892,0
7893,0
7894,0
7895,57
7896,0
7897,0
7898,0
7899,0
7900,93
7901,93
7902,93
7903,93
7904,93
7905,93
7906,93
7907,93
7908,93
7909,93
7910,57
7911,93
7912,93
7913,93
7914,68
7915,93
7916,93
7917,79
7918,93
7919,79
7920,93
7921,93
7922,93
7923,68
7924,68
7925,68
7926,84
7927,84
7928,84
7929,1
7930,84
7931,84
7932,84
7933,84
7934,68
7935,68
7936,68
7937,68
7938,68
7939,47
7940,47
7941,140
7942,14
7943,140
7944,140
7945,57
7946,57
7947,77
7948,77
7949,77
7950,77
7951,77
7952,77
7953,77
7954,77
7955,77
7956,57
7957,77
7958,130
7959,136
7960,195
7961,136
7962,136
7963,197
7964,197
7965,36
7966,36
7967,36
7968,36
7969,36
7970,36
7971,36
7972,36
7973,36
7974,36
7975,36
7976,36
7977,197
7978,184
7979,184
7980,184
7981,184
7982,184
7983,184
7984,184
7985,184
7986,184
7987,184
7988,184
7989,184
7990,184
7991,184
7992,184
7993,184
7994,130
7995,57
7996,57
7997,130
7998,130
7999,130
8000,130
8001,130
8002,130
8003,130
8004,130
8005,11
8006,11
8007,11
8008,11
8009,11
8010,11
8011,11
8012,11
8013,11
8014,11
8015,11
8016,11
8017,49
8018,17
8019,17
8020,17
8021,65
8022,65
8023,65
8024,65
8025,65
8026,65
8027,45
8028,65
8029,45
8030,65
8031,65
8032,65
8033,65
8034,65
8035,65
8036,65
8037,65
8038,65
8039,65
8040,65
8041,45
8042,45
8043,45
8044,83
8045,83
8046,83
8047,83
8048,186
8049,186
8050,83
8051,83
8052,83
8053,83
8054,51
8055,83
8056,51
8057,51
8058,139
8059,139
8060,139
8061,47
8062,2
8063,2
8064,76
8065,76
8066,94
8067,94
8068,151
8069,94
8070,151
8071,173
8072,173
8073,40
8074,40
8075,173
8076,6
8077,46
8078,6
8079,46
8080,46
8081,191
8082,191
8083,186
8084,173
8085,105
8086,105
8087,105
8088,105
8089,73
8090,87
8091,87
8092,87
8093,102
8094,102
8095,73
8096,102
8097,101
8098,150
8099,150
8100,150
8101,24
8102,133
8103,24
8104,186
8105,13
8106,133
8107,133
8108,133
8109,25
8110,25
8111,25
8112,5
8113,5
8114,173
8115,173
8116,5
8117,5
8118,181
8119,181
8120,181
8121,181
8122,173
8123,173
8124,33
8125,33
8126,33
8127,98
8128,98
8129,13
8130,58
8131,58
8132,13
8133,13
8134,28
8135,28
8136,186
8137,12
8138,10
8139,12
8140,37
8141,37
8142,37
8143,37
8144,130
8145,130
8146,123
8147,122
8148,52
8149,68
8150,68
8151,68
8152,68
8153,61
8154,61
8155,122
8156,61
8157,61
8158,61
8159,125
8160,125
8161,125
8162,97
8163,125
8164,125
8165,125
8166,125
8167,125
8168,125
8169,125
8170,125
8171,125
8172,125
8173,125
8174,125
8175,125
8176,125
8177,125
8178,125
8179,125
8180,125
8181,125
8182,125
8183,125
8184,125
8185,125
8186,125
8187,125
8188,125
8189,125
8190,61
8191,61
8192,61
8193,61
8194,61
8195,61
8196,61
8197,61
8198,110
8199,110
8200,61
8201,110
8202,125
8203,125
8204,125
8205,125
8206,43
8207,43
8208,125
8209,125
8210,125
8211,125
8212,125
8213,125
8214,128
8215,125
8216,125
8217,75
8218,75
8219,115
8220,115
8221,115
8222,29
8223,29
8224,29
8225,73
8226,73
8227,70
8228,70
8229,183
8230,183
8231,61
8232,61
8233,105
8234,148
8235,105
8236,167
8237,167
8238,61
8239,144
8240,144
8241,144
8242,144
8243,61
8244,190
8245,163
8246,190
8247,190
8248,61
8249,38
8250,38
8251,38
8252,38
8253,125
8254,125
8255,125
8256,24
8257,24
8258,181
8259,181
8260,181
8261,181
8262,24
8263,191
8264,191
8265,191
8266,191
8267,78
8268,78
8269,51
8270,51
8271,148
8272,72
8273,148
8274,62
8275,62
8276,62
8277,62
8278,72
8279,72
8280,66
8281,66
8282,66
8283,196
8284,196
8285,78
8286,196
8287,179
8288,179
8289,179
8290,179
8291,179
8292,145
8293,145
8294,139
8295,139
8296,139
8297,137
8298,137
8299,137
8300,101
8301,101
8302,101
8303,132
8304,132
8305,132
8306,190
8307,190
8308,190
8309,164
8310,164
8311,48
8312,48
8313,164
8314,164
8315,24
8316,24
8317,48
8318,48
8319,48
8320,48
8321,48
8322,48
8323,73
8324,73
8325,56
8326,56
8327,56
8328,21
8329,21
8330,56
8331,50
8332,50
8333,50
8334,50
8335,21
8336,130
8337,130
8338,130
8339,182
8340,130
8341,130
8342,24
8343,12
8344,130
8345,130
8346,130
8347,130
8348,130
8349,130
8350,53
8351,130
8352,79
8353,79
8354,79
8355,1
8356,1
8357,79
8358,79
8359,79
8360,93
8361,170
8362,170
8363,93
8364,93
8365,93
8366,93
8367,76
8368,76
8369,76
8370,76
8371,24
8372,24
8373,75
8374,75
8375,75
8376,92
8377,92
8378,24
8379,89
8380,89
8381,89
8382,92
8383,1
8384,48
8385,48
8386,1
8387,48
8388,151
8389,48
8390,48
8391,48
8392,1
8393,94
8394,94
8395,94
8396,36
8397,94
8398,94
8399,94
8400,94
8401,17
8402,17
8403,17
8404,17
8405,65
8406,17
8407,21
8408,21
8409,21
8410,114
8411,114
8412,114
8413,42
8414,42
8415,15
8416,15
8417,42
8418,170
8419,170
8420,124
8421,10
8422,10
8423,10
8424,132
8425,93
8426,132
8427,132
8428,97
8429,132
8430,132
8431,132
8432,93
8433,103
8434,103
8435,132
8436,132
8437,24
8438,103
8439,131
8440,131
8441,131
8442,38
8443,38
8444,81
8445,81
8446,191
8447,191
8448,81
8449,81
8450,191
8451,145
8452,145
8453,145
8454,5
8455,5
8456,5
8457,191
8458,191
8459,56
8460,56
8461,56
8462,148
8463,47
8464,49
8465,11
8466,18
8467,41
8468,41
8469,41
8470,24
8471,24
8472,24
8473,24
8474,24
8475,24
8476,24
8477,190
8478,24
8479,190
8480,125
8481,125
8482,125
8483,190
8484,16
8485,45
8486,45
8487,35
8488,35
8489,35
8490,35
8491,47
8492,47
8493,47
8494,47
8495,45
8496,47
8497,47
8498,47
8499,59
8500,0
8501,0
8502,0
8503,0
8504,107
8505,59
8506,59
8507,59
8508,59
8509,196
8510,196
8511,196
8512,196
8513,59
8514,152
8515,51
8516,68
8517,68
8518,99
8519,99
8520,150
8521,150
8522,150
8523,51
8524,51
8525,51
8526,80
8527,51
8528,11
8529,11
8530,11
8531,51
8532,40
8533,26
8534,40
8535,53
8536,53
8537,53
8538,53
8539,51
8540,97
8541,97
8542,51
8543,189
8544,189
8545,51
8546,189
8547,189
8548,107
8549,107
8550,80
8551,51
8552,107
8553,107
8554,181
8555,11
8556,11
8557,181
8558,11
8559,61
8560,61
8561,61
8562,81
8563,81
8564,24
8565,24
8566,24
8567,145
8568,24
8569,145
8570,145
8571,24
8572,139
8573,96
8574,96
8575,82
8576,82
8577,97
8578,96
8579,81
8580,81
8581,80
8582,80
8583,80
8584,80
8585,185
8586,185
8587,185
8588,185
8589,96
8590,77
8591,77
8592,9
8593,80
8594,80
8595,80
8596,77
8597,80
8598,80
8599,80
8600,77
8601,80
8602,80
8603,80
8604,80
8605,80
8606,9
8607,184
8608,184
8609,158
8610,158
8611,158
8612,36
8613,36
8614,6
8615,6
8616,89
8617,89
8618,89
8619,89
8620,89
8621,89
8622,89
8623,6
8624,6
8625,97
8626,97
8627,97
8628,49
8629,6
8630,46
8631,6
8632,97
8633,97
8634,6
8635,6
8636,6
8637,145
8638,145
8639,0
8640,98
8641,0
8642,135
8643,163
8644,163
8645,39
8646,39
8647,39
8648,163
8649,140
8650,140
8651,140
8652,140
8653,163
8654,140
8655,140
8656,140
8657,140
8658,163
8659,140
8660,140
8661,163
8662,163
8663,163
8664,19
8665,19
8666,20
8667,20
8668,20
8669,20
8670,20
8671,19
8672,163
8673,19
8674,19
8675,49
8676,163
8677,22
8678,22
8679,163
8680,22
8681,22
8682,47
8683,47
8684,47
8685,47
8686,173
8687,173
8688,173
8689,173
8690,163
8691,47
8692,47
8693,47
8694,47
8695,47
8696,47
8697,47
8698,47
8699,47
8700,47
8701,47
8702,84
8703,84
8704,84
8705,84
8706,84
8707,84
8708,84
8709,84
8710,84
8711,84
8712,63
8713,63
8714,84
8715,84
8716,84
8717,84
8718,84
8719,84
8720,84
8721,84
8722,84
8723,84
8724,84
8725,84
8726,51
8727,84
8728,51
8729,51
8730,51
8731,51
8732,51
8733,83
8734,83
8735,83
8736,83
8737,51
8738,29
8739,29
8740,51
8741,51
8742,51
8743,51
8744,105
8745,105
8746,105
8747,105
8748,29
8749,105
8750,105
8751,105
8752,81
8753,173
8754,173
8755,173
8756,173
8757,173
8758,173
8759,173
8760,173
8761,47
8762,47
8763,47
8764,47
8765,84
8766,47
8767,84
8768,84
8769,84
8770,84
8771,84
8772,84
8773,84
8774,29
8775,84
8776,84
8777,84
8778,84
8779,84
8780,84
8781,68
8782,68
8783,51
8784,51
8785,51
8786,68
8787,68
8788,51
8789,51
8790,51
8791,51
8792,51
8793,51
8794,68
8795,81
8796,81
8797,68
8798,81
8799,81
8800,81
8801,81
8802,6
8803,6
8804,6
8805,84
8806,84
8807,6
8808,24
8809,81
8810,6
8811,6
8812,6
8813,81
8814,81
8815,81
8816,97
8817,90
8818,90
8819,106
8820,106
8821,106
8822,44
8823,42
8824,42
8825,6
8826,42
8827,42
8828,21
8829,21
8830,65
8831,65
8832,65
8833,97
8834,41
8835,41
8836,41
8837,41
8838,41
8839,41
8840,41
8841,48
8842,48
8843,118
8844,118
8845,118
8846,118
8847,118
8848,118
8849,118
8850,118
8851,118
8852,118
8853,118
8854,178
8855,178
8856,178
8857,178
8858,178
8859,178
8860,178
8861,105
8862,105
8863,105
8864,105
8865,105
8866,105
8867,178
8868,178
8869,106
8870,161
8871,106
8872,49
8873,49
8874,49
8875,49
8876,49
8877,161
8878,65
8879,41
8880,103
8881,103
8882,103
8883,63
8884,41
8885,41
8886,8
8887,8
8888,8
8889,41
8890,33
8891,33
8892,117
8893,98
8894,98
8895,62
8896,97
8897,98
8898,98
8899,46
8900,46
8901,97
8902,97
8903,97
8904,49
8905,28
8906,28
8907,97
8908,97
8909,97
8910,97
8911,17
8912,97
8913,115
8914,115
8915,132
8916,132
8917,37
8918,37
8919,37
8920,64
8921,129
8922,129
8923,129
8924,129
8925,121
8926,6
8927,8
8928,133
8929,133
8930,133
8931,7
8932,133
8933,133
8934,133
8935,141
8936,141
8937,133
8938,141
8939,133
8940,133
8941,133
8942,24
8943,141
8944,24
8945,24
8946,24
8947,24
8948,24
8949,29
8950,24
8951,24
8952,24
8953,24
8954,24
8955,24
8956,29
8957,7
8958,142
8959,191
8960,191
8961,184
8962,90
8963,11
8964,11
8965,11
8966,147
8967,147
8968,147
8969,10
8970,9
8971,11
8972,196
8973,196
8974,11
8975,11
8976,11
8977,125
8978,125
8979,125
8980,17
8981,130
8982,11
8983,130
8984,11
8985,118
8986,118
8987,94
8988,94
8989,30
8990,11
8991,154
8992,154
8993,141
8994,141
8995,141
8996,141
8997,141
8998,141
8999,11
9000,141
9001,141
9002,37
9003,37
9004,37
9005,115
9006,115
9007,161
9008,161
9009,161
9010,180
9011,180
9012,11
9013,135
9014,135
9015,135
9016,11
9017,11
9018,181
9019,73
9020,8
9021,137
9022,137
9023,8
9024,8
9025,8
9026,57
9027,57
9028,148
9029,148
9030,148
9031,148
9032,62
9033,62
9034,36
9035,151
9036,17
9037,36
9038,30
9039,30
9040,18
9041,18
9042,196
9043,66
9044,98
9045,21
9046,21
9047,66
9048,66
9049,66
9050,57
9051,57
9052,68
9053,68
9054,68
9055,68
9056,195
9057,195
9058,195
9059,195
9060,195
9061,195
9062,56
9063,56
9064,56
9065,56
9066,56
9067,56
9068,56
9069,56
9070,56
9071,56
9072,56
9073,56
9074,56
9075,56
9076,56
9077,56
9078,17
9079,188
9080,188
9081,56
9082,56
9083,56
9084,56
9085,188
9086,188
9087,148
9088,148
9089,148
9090,148
9091,148
9092,148
9093,148
9094,188
9095,188
9096,107
9097,188
9098,181
9099,181
9100,181
9101,181
9102,183
9103,183
9104,181
9105,181
9106,159
9107,17
9108,77
9109,77
9110,77
9111,77
9112,77
9113,157
9114,157
9115,157
9116,108
9117,108
9118,179
9119,108
9120,1
9121,1
9122,1
9123,1
9124,1
9125,1
9126,1
9127,1
9128,1
9129,178
9130,178
9131,178
9132,172
9133,154
9134,29
9135,154
9136,29
9137,140
9138,196
9139,140
9140,0
9141,140
9142,140
9143,140
9144,140
9145,145
9146,145
9147,21
9148,145
9149,21
9150,21
9151,21
9152,7
9153,7
9154,7
9155,145
9156,11
9157,11
9158,11
9159,11
9160,13
9161,29
9162,97
9163,97
9164,11
9165,11
9166,11
9167,190
9168,190
9169,97
9170,1
9171,154
9172,154
9173,154
9174,168
9175,168
9176,168
9177,163
9178,163
9179,163
9180,163
9181,117
9182,117
9183,117
9184,117
9185,117
9186,117
9187,117
9188,117
9189,117
9190,117
9191,117
9192,117
9193,117
9194,127
9195,127
9196,127
9197,126
9198,126
9199,126
9200,111
9201,131
9202,100
9203,131
9204,131
9205,127
9206,177
9207,108
9208,108
9209,108
9210,108
9211,108
9212,127
9213,127
9214,127
9215,127
9216,177
9217,177
9218,177
9219,83
9220,68
9221,108
9222,108
9223,108
9224,108
9225,108
9226,108
9227,159
9228,159
9229,159
9230,127
9231,127
9232,11
9233,11
9234,11
9235,127
9236,127
9237,59
9238,59
9239,59
9240,59
9241,23
9242,23
9243,23
9244,23
9245,127
9246,127
9247,44
9248,44
9249,117
9250,184
9251,184
9252,184
9253,184
9254,113
9255,113
9256,113
9257,113
9258,113
9259,113
9260,113
9261,113
9262,113
9263,34
9264,34
9265,34
9266,34
9267,163
9268,163
9269,163
9270,163
9271,163
9272,163
9273,163
9274,163
9275,163
9276,163
9277,163
9278,163
9279,163
9280,163
9281,163
9282,28
9283,190
9284,190
9285,190
9286,190
9287,190
9288,28
9289,190
9290,190
9291,36
9292,36
9293,36
9294,36
9295,36
9296,36
9297,36
9298,36
9299,36
9300,36
9301,36
9302,36
9303,36
9304,36
9305,36
9306,36
9307,13
9308,28
9309,36
9310,36
9311,36
9312,36
9313,36
9314,36
9315,36
9316,36
9317,154
9318,154
9319,36
9320,36
9321,190
9322,154
9323,190
9324,190
9325,190
9326,190
9327,190
9328,163
9329,163
9330,163
9331,163
9332,163
9333,163
9334,32
9335,163
9336,163
9337,163
9338,32
9339,172
9340,172
9341,172
9342,172
9343,104
9344,104
9345,172
9346,172
9347,172
9348,172
9349,188
9350,188
9351,188
9352,56
9353,101
9354,104
9355,101
9356,101
9357,22
9358,22
9359,22
9360,22
9361,22
9362,22
9363,22
9364,22
9365,77
9366,167
9367,167
9368,111
9369,63
9370,13
9371,84
9372,0
9373,103
9374,61
9375,42
9376,42
9377,42
9378,41
9379,41
9380,41
9381,186
9382,186
9383,42
9384,42
9385,186
9386,41
9387,41
9388,41
9389,41
9390,41
9391,41
9392,186
9393,105
9394,105
9395,36
9396,36
9397,81
9398,81
9399,81
9400,81
9401,81
9402,81
9403,81
9404,81
9405,36
9406,81
9407,81
9408,6
9409,81
9410,47
9411,138
9412,138
9413,138
9414,115
9415,184
9416,115
9417,115
9418,94
9419,94
9420,115
9421,8
9422,8
9423,77
9424,115
9425,43
9426,43
9427,115
9428,115
9429,81
9430,81
9431,81
9432,81
9433,148
9434,148
9435,148
9436,148
9437,148
9438,148
9439,131
9440,131
9441,131
9442,131
9443,53
9444,131
9445,51
9446,83
9447,184
9448,184
9449,184
9450,130
9451,130
9452,184
9453,134
9454,83
9455,184
9456,184
9457,173
9458,173
9459,43
9460,43
9461,173
9462,173
9463,173
9464,43
9465,77
9466,8
9467,167
9468,21
9469,21
9470,43
9471,43
9472,43
9473,21
9474,21
9475,21
9476,97
9477,159
9478,65
9479,41
9480,41
9481,41
9482,11
9483,41
9484,41
9485,41
9486,17
9487,17
9488,11
9489,41
9490,186
9491,102
9492,102
9493,102
9494,102
9495,57
9496,57
9497,118
9498,118
9499,118
9500,177
9501,132
9502,132
9503,132
9504,164
9505,53
9506,53
9507,39
9508,53
9509,53
9510,53
9511,45
9512,45
9513,164
9514,64
9515,133
9516,25
9517,54
9518,25
9519,25
9520,54
9521,21
9522,21
9523,148
9524,148
9525,148
9526,148
9527,148
9528,148
9529,174
9530,174
9531,148
9532,148
9533,148
9534,81
9535,81
9536,81
9537,81
9538,81
9539,81
9540,81
9541,81
9542,29
9543,81
9544,81
9545,81
9546,81
9547,81
9548,59
9549,173
9550,173
9551,173
9552,87
9553,173
9554,3
9555,3
9556,87
9557,87
9558,87
9559,87
9560,87
9561,87
9562,87
9563,47
9564,87
9565,47
9566,47
9567,47
9568,47
9569,47
9570,47
9571,47
9572,47
9573,47
9574,47
9575,47
9576,47
9577,47
9578,68
9579,68
9580,68
9581,59
9582,68
9583,84
9584,68
9585,68
9586,68
9587,68
9588,68
9589,68
9590,68
9591,68
9592,68
9593,51
9594,51
9595,51
9596,51
9597,51
9598,51
9599,51
9600,51
9601,51
9602,51
9603,148
9604,137
9605,148
9606,148
9607,148
9608,24
9609,148
9610,148
9611,24
9612,81
9613,81
9614,81
9615,24
9616,81
9617,81
9618,81
9619,81
9620,81
9621,81
9622,81
9623,81
9624,83
9625,24
9626,24
9627,81
9628,24
9629,173
9630,173
9631,173
9632,87
9633,87
9634,6
9635,87
9636,68
9637,87
9638,87
9639,87
9640,47
9641,47
9642,47
9643,68
9644,68
9645,47
9646,47
9647,68
9648,68
9649,68
9650,68
9651,68
9652,68
9653,68
9654,86
9655,86
9656,68
9657,68
9658,68
9659,51
9660,86
9661,51
9662,51
9663,51
9664,51
9665,163
9666,163
9667,86
9668,179
9669,179
9670,132
9671,132
9672,132
9673,179
9674,132
9675,132
9676,132
9677,179
9678,34
9679,179
9680,34
9681,147
9682,147
9683,123
9684,147
9685,147
9686,147
9687,110
9688,34
9689,147
9690,147
9691,147
9692,147
9693,147
9694,147
9695,147
9696,34
9697,147
9698,147
9699,7
9700,7
9701,147
9702,147
9703,147
9704,147
9705,7
9706,147
9707,147
9708,7
9709,7
9710,7
9711,33
9712,33
9713,33
9714,7
9715,7
9716,71
9717,71
9718,71
9719,71
9720,188
9721,188
9722,188
9723,67
9724,67
9725,188
9726,188
9727,188
9728,188
9729,188
9730,188
9731,188
9732,188
9733,188
9734,188
9735,67
9736,67
9737,163
9738,67
9739,163
9740,163
9741,163
9742,163
9743,67
9744,163
9745,117
9746,117
9747,83
9748,67
9749,148
9750,148
9751,81
9752,18
9753,18
9754,18
9755,18
9756,18
9757,18
9758,18
9759,122
9760,47
9761,136
9762,136
9763,163
9764,39
9765,39
9766,35
9767,35
9768,35
9769,35
9770,163
9771,35
9772,35
9773,35
9774,35
9775,103
9776,103
9777,129
9778,155
9779,155
9780,155
9781,155
9782,129
9783,44
9784,44
9785,44
9786,129
9787,129
9788,44
9789,129
9790,65
9791,129
9792,65
9793,30
9794,30
9795,30
9796,141
9797,141
9798,141
9799,30
9800,145
9801,36
9802,36
9803,127
9804,36
9805,47
9806,47
9807,11
9808,8
9809,8
9810,36
9811,36
9812,98
9813,98
9814,32
9815,32
9816,32
9817,98
9818,17
9819,107
9820,30
9821,30
9822,145
9823,185
9824,185
9825,8
9826,8
9827,84
9828,84
9829,8
9830,8
9831,169
9832,169
9833,169
9834,169
9835,83
9836,177
9837,177
9838,177
9839,56
9840,84
9841,3
9842,76
9843,0
9844,0
9845,84
9846,84
9847,84
9848,84
9849,83
9850,83
9851,83
9852,131
9853,100
9854,107
9855,107
9856,185
9857,185
9858,185
9859,185
9860,185
9861,185
9862,185
9863,185
9864,36
9865,43
9866,43
9867,159
9868,141
9869,141
9870,141
9871,141
9872,141
9873,141
9874,141
9875,141
9876,101
9877,101
9878,61
9879,101
9880,102
9881,102
9882,102
9883,141
9884,141
9885,141
9886,141
9887,141
9888,141
9889,96
9890,43
9891,43
9892,43
9893,43
9894,43
9895,43
9896,43
9897,47
9898,107
9899,43
9900,43
9901,43
9902,188
9903,78
9904,188
9905,78
9906,188
9907,78
9908,128
9909,84
9910,84
9911,24
9912,24
9913,121
9914,121
9915,121
9916,121
9917,121
9918,121
9919,121
9920,121
9921,52
9922,52
9923,40
9924,44
9925,52
9926,52
9927,52
9928,52
9929,52
9930,52
9931,52
9932,10
9933,10
9934,52
9935,52
9936,52
9937,11
9938,11
9939,11
9940,11
9941,11
9942,11
9943,198
9944,198
9945,11
9946,198
9947,198
9948,198
9949,198
9950,198
9951,198
9952,198
9953,198
9954,83
9955,83
9956,198
9957,11
9958,11
9959,11
9960,11
9961,11
9962,11
9963,11
9964,101
9965,127
9966,62
9967,38
9968,38
9969,38
9970,157
9971,157
9972,101
9973,38
9974,80
9975,80
9976,56
9977,56
9978,168
9979,168
9980,165
9981,165
9982,165
9983,165
9984,165
9985,27
9986,27
9987,58
9988,60
9989,60
9990,41
9991,41
9992,41
9993,178
9994,38
9995,38
9996,11
9997,11
9998,38
9999,77
10000,77
10001,77
10002,33
10003,11
10004,33
10005,33
10006,33
10007,157
10008,45
10009,45
10010,45
10011,45
10012,45
10013,45
10014,45
10015,45
10016,11
10017,45
10018,45
10019,45
10020,77
10021,33
10022,178
10023,54
10024,54
10025,54
10026,54
10027,118
10028,15
10029,15
10030,48
10031,48
10032,48
10033,118
10034,110
10035,110
10036,110
10037,110
10038,110
10039,110
10040,110
10041,110
10042,118
10043,110
10044,38
10045,38
10046,38
10047,153
10048,38
10049,153
10050,118
10051,118
10052,153
10053,38
10054,118
10055,70
10056,70
10057,70
10058,70
10059,34
10060,34
10061,187
10062,48
10063,187
10064,187
10065,52
10066,52
10067,48
10068,52
10069,151
10070,151
10071,157
10072,52
10073,52
10074,148
10075,111
10076,111
10077,27
10078,27
10079,52
10080,76
10081,76
10082,24
10083,61
10084,185
10085,61
10086,61
10087,61
10088,24
10089,71
10090,71
10091,61
10092,29
10093,61
10094,185
10095,185
10096,185
10097,71
10098,185
10099,185
10100,185
10101,44
10102,44
10103,44
10104,44
10105,110
10106,110
10107,56
10108,56
10109,56
10110,56
10111,110
10112,110
10113,68
10114,68
10115,103
10116,103
10117,147
10118,147
10119,147
10120,33
10121,46
10122,46
10123,46
10124,46
10125,46
10126,151
10127,151
10128,116
10129,116
10130,56
10131,56
10132,56
10133,82
10134,82
10135,82
10136,82
10137,147
10138,147
10139,56
10140,137
10141,137
10142,137
10143,137
10144,7
10145,7
10146,48
10147,48
10148,33
10149,33
10150,33
10151,7
10152,7
10153,179
10154,179
10155,172
10156,172
10157,7
10158,199
10159,199
10160,44
10161,199
10162,199
10163,7
10164,199
10165,199
10166,199
10167,101
10168,101
10169,14
10170,14
10171,5
10172,5
10173,163
10174,8
10175,84
10176,84
10177,159
10178,33
10179,33
10180,33
10181,155
10182,155
10183,137
10184,137
10185,117
10186,16
10187,16
10188,16
10189,16
10190,53
10191,53
10192,53
10193,53
10194,118
10195,151
10196,151
10197,44
10198,121
10199,138
10200,89
10201,138
10202,138
10203,89
10204,89
10205,89
10206,89
10207,50
10208,89
10209,8
10210,50
10211,88
10212,159
10213,88
10214,50
10215,50
10216,64
10217,104
10218,104
10219,104
10220,104
10221,50
10222,47
10223,47
10224,47
10225,47
10226,47
10227,47
10228,47
10229,47
10230,47
10231,49
10232,29
10233,29
10234,106
10235,106
10236,106
10237,29
10238,106
10239,106
10240,106
10241,29
10242,29
10243,29
10244,29
10245,106
10246,106
10247,106
10248,106
10249,17
10250,17
10251,129
10252,129
10253,129
10254,129
10255,44
10256,44
10257,39
10258,39
10259,17
10260,44
10261,53
10262,71
10263,71
10264,18
10265,18
10266,18
10267,18
10268,18
10269,18
10270,18
10271,18
10272,1
10273,18
10274,18
10275,18
10276,18
10277,18
10278,18
10279,1
10280,18
10281,18
10282,110
10283,110
10284,110
10285,110
10286,110
10287,110
10288,1
10289,1
10290,27
10291,27
10292,27
10293,147
10294,110
10295,38
10296,38
10297,38
10298,38
10299,48
10300,48
10301,27
10302,187
10303,187
10304,187
10305,187
10306,187
10307,187
10308,187
10309,18
10310,18
10311,90
10312,90
10313,56
10314,90
10315,87
10316,87
10317,127
10318,52
10319,52
10320,52
10321,130
10322,130
10323,48
10324,34
10325,34
10326,196
10327,196
10328,21
10329,21
10330,163
10331,163
10332,47
10333,47
10334,47
10335,47
10336,47
10337,47
10338,47
10339,47
10340,82
10341,82
10342,190
10343,6
10344,6
10345,6
10346,6
10347,6
10348,6
10349,6
10350,6
10351,6
10352,6
10353,6
10354,6
10355,6
10356,190
10357,61
10358,61
10359,61
10360,61
10361,61
10362,61
10363,61
10364,61
10365,61
10366,61
10367,48
10368,63
10369,63
10370,63
10371,107
10372,153
10373,153
10374,63
10375,22
10376,22
10377,153
10378,153
10379,25
10380,25
10381,25
10382,25
10383,25
10384,25
10385,32
10386,32
10387,171
10388,129
10389,60
10390,60
10391,60
10392,60
10393,60
10394,60
10395,19
10396,19
10397,19
10398,19
10399,129
10400,70
10401,70
10402,70
10403,70
10404,6
10405,63
10406,63
10407,63
10408,63
10409,63
10410,81
10411,63
10412,63
10413,63
10414,6
10415,63
10416,63
10417,72
10418,63
10419,63
10420,105
10421,72
10422,69
10423,69
10424,72
10425,141
10426,141
10427,141
10428,66
10429,64
10430,64
10431,141
10432,36
10433,36
10434,130
10435,130
10436,130
10437,130
10438,130
10439,36
10440,181
10441,181
10442,181
10443,181
10444,36
10445,36
10446,38
10447,38
10448,38
10449,38
10450,38
10451,38
10452,38
10453,38
10454,38
10455,38
10456,38
10457,38
10458,38
10459,38
10460,38
10461,69
10462,69
10463,110
10464,110
10465,110
10466,110
10467,110
10468,110
10469,110
10470,110
10471,110
10472,123
10473,110
10474,110
10475,38
10476,38
10477,123
10478,38
10479,38
10480,38
10481,38
10482,38
10483,38
10484,38
10485,36
10486,36
10487,1
10488,101
10489,101
10490,101
10491,101
10492,101
10493,101
10494,101
10495,101
10496,101
10497,101
10498,57
10499,57
10500,15
10501,115
10502,5
10503,5
10504,5
10505,5
10506,15
10507,92
10508,131
10509,15
10510,186
10511,15
10512,184
10513,157
10514,157
10515,102
10516,103
10517,102
10518,155
10519,155
10520,83
10521,155
10522,155
10523,155
10524,155
10525,155
10526,155
10527,155
10528,155
10529,135
10530,135
10531,135
10532,39
10533,53
10534,53
10535,148
10536,63
10537,63
10538,0
10539,0
10540,17
10541,17
10542,65
10543,65
10544,11
10545,11
10546,11
10547,11
10548,100
10549,100
10550,100
10551,100
10552,100
10553,103
10554,50
10555,103
10556,50
10557,50
10558,103
10559,50
10560,50
10561,50
10562,115
10563,115
10564,137
10565,137
10566,137
10567,103
10568,103
10569,103
10570,84
10571,84
10572,36
10573,36
10574,36
10575,36
10576,7
10577,36
10578,36
10579,36
10580,189
10581,189
10582,62
10583,62
10584,62
10585,62
10586,62
10587,62
10588,36
10589,36
10590,10
10591,10
10592,36
10593,36
10594,189
10595,189
10596,189
10597,10
10598,191
10599,191
10600,191
10601,191
10602,10
10603,44
10604,44
10605,44
10606,44
10607,53
10608,44
10609,52
10610,52
10611,173
10612,87
10613,173
10614,87
10615,87
10616,87
10617,87
10618,87
10619,87
10620,81
10621,81
10622,118
10623,118
10624,81
10625,145
10626,96
10627,96
10628,96
10629,126
10630,126
10631,81
10632,81
10633,81
10634,89
10635,89
10636,85
10637,85
10638,85
10639,89
10640,89
10641,89
10642,89
10643,148
10644,200
10645,96
10646,56
10647,96
10648,56
10649,114
10650,114
10651,96
10652,188
10653,188
10654,188
10655,18
10656,18
10657,18
10658,19
10659,19
10660,130
10661,182
10662,115
10663,182
10664,24
10665,24
10666,12
10667,25
10668,25
10669,47
10670,25
10671,25
10672,25
10673,25
10674,25
10675,47
10676,28
10677,28
10678,28
10679,7
10680,7
10681,98
10682,131
10683,98
10684,98
10685,98
10686,52
10687,52
10688,98
10689,98
10690,157
10691,157
10692,157
10693,157
10694,52
10695,157
10696,157
10697,52
10698,182
10699,173
10700,52
10701,91
10702,91
10703,91
10704,52
10705,52
10706,11
10707,11
10708,11
10709,11
10710,11
10711,52
10712,52
10713,89
10714,154
10715,129
10716,115
10717,192
10718,192
10719,28
10720,28
10721,28
10722,30
10723,30
10724,24
10725,30
10726,41
10727,41
10728,29
10729,29
10730,33
10731,33
10732,33
10733,29
10734,33
10735,33
10736,33
10737,33
10738,33
10739,33
10740,33
10741,33
10742,33
10743,29
10744,33
10745,33
10746,45
10747,45
10748,45
10749,45
10750,45
10751,115
10752,115
10753,42
10754,45
10755,45
10756,45
10757,45
10758,45
10759,45
10760,45
10761,42
10762,45
10763,41
10764,45
10765,45
10766,127
10767,127
10768,45
10769,41
10770,41
10771,41
10772,127
10773,41
10774,44
10775,44
10776,127
10777,127
10778,127
10779,107
10780,127
10781,192
10782,142
10783,142
10784,142
10785,142
10786,142
10787,142
10788,88
10789,88
10790,88
10791,142
10792,100
10793,100
10794,100
10795,56
10796,60
10797,66
10798,60
10799,60
10800,63
10801,80
10802,13
10803,36
10804,121
10805,150
10806,98
10807,115
10808,98
10809,98
10810,98
10811,98
10812,98
10813,104
10814,98
10815,98
10816,98
10817,104
10818,98
10819,98
10820,98
10821,98
10822,98
10823,11
10824,11
10825,56
10826,56
10827,56
10828,56
10829,56
10830,34
10831,56
10832,34
10833,56
10834,56
10835,165
10836,165
10837,165
10838,165
10839,115
10840,165
10841,165
10842,165
10843,165
10844,34
10845,44
10846,33
10847,33
10848,33
10849,33
10850,33
10851,44
10852,133
10853,33
10854,133
10855,44
10856,24
10857,24
10858,44
10859,33
10860,44
10861,190
10862,190
10863,190
10864,96
10865,153
10866,70
10867,33
10868,33
10869,33
10870,33
10871,33
10872,33
10873,33
10874,33
10875,131
10876,33
10877,33
10878,33
10879,131
10880,131
10881,68
10882,68
10883,68
10884,68
10885,51
10886,51
10887,51
10888,144
10889,144
10890,16
10891,16
10892,0
10893,0
10894,132
10895,131
10896,145
10897,145
10898,81
10899,81
10900,131
10901,81
10902,81
10903,131
10904,131
10905,140
10906,66
10907,140
10908,140
10909,65
10910,65
10911,140
10912,140
10913,14
10914,14
10915,14
10916,65
10917,90
10918,90
10919,90
10920,90
10921,90
10922,90
10923,90
10924,90
10925,90
10926,90
10927,90
10928,191
10929,21
10930,21
10931,90
10932,90
10933,21
10934,0
10935,0
10936,0
10937,107
10938,107
10939,107
10940,81
10941,81
10942,123
10943,148
10944,123
10945,148
10946,81
10947,179
10948,179
10949,19
10950,19
10951,19
10952,20
10953,20
10954,19
10955,24
10956,24
10957,110
10958,19
10959,19
10960,19
10961,20
10962,20
10963,20
10964,20
10965,184
10966,184
10967,20
10968,20
10969,20
10970,184
10971,184
10972,10
10973,10
10974,10
10975,10
10976,10
10977,10
10978,10
10979,10
10980,85
10981,24
10982,56
10983,56
10984,56
10985,56
10986,141
10987,141
10988,11
10989,11
10990,11
10991,11
10992,11
10993,11
10994,11
10995,11
10996,11
10997,11
10998,11
10999,11
11000,11
11001,11
11002,11
11003,11
11004,11
11005,11
11006,11
11007,11
11008,11
11009,161
11010,161
11011,180
11012,24
11013,24
11014,24
11015,83
11016,28
11017,28
11018,28
11019,24
11020,24
11021,24
11022,24
11023,24
11024,51
11025,18
11026,18
11027,93
11028,18
11029,18
11030,18
11031,18
11032,18
11033,78
11034,78
11035,17
11036,93
11037,5
11038,5
11039,5
11040,113
11041,113
11042,113
11043,113
11044,113
11045,117
11046,117
11047,117
11048,22
11049,22
11050,22
11051,22
11052,8
11053,8
11054,22
11055,22
11056,147
11057,147
11058,8
11059,52
11060,52
11061,52
11062,52
11063,52
11064,52
11065,52
11066,52
11067,8
11068,52
11069,130
11070,130
11071,130
11072,47
11073,47
11074,130
11075,74
11076,74
11077,21
11078,196
11079,74
11080,2
11081,21
11082,2
11083,2
11084,2
11085,154
11086,154
11087,183
11088,183
11089,183
11090,90
11091,74
11092,74
11093,74
11094,40
11095,40
11096,90
11097,40
11098,2
11099,3
11100,191
11101,18
11102,18
11103,18
11104,14
11105,14
11106,14
11107,14
11108,191
11109,191
11110,14
11111,14
11112,14
11113,157
11114,157
11115,191
11116,34
11117,137
11118,137
11119,146
11120,130
11121,46
11122,46
11123,46
11124,46
11125,34
11126,29
11127,34
11128,34
11129,30
11130,29
11131,0
11132,0
11133,0
11134,115
11135,115
11136,36
11137,61
11138,61
11139,36
11140,61
11141,61
11142,61
11143,61
11144,61
11145,61
11146,105
11147,36
11148,36
11149,105
11150,105
11151,81
11152,148
11153,148
11154,32
11155,32
11156,81
11157,81
11158,81
11159,81
11160,195
11161,195
11162,81
11163,73
11164,73
11165,73
11166,181
11167,181
11168,42
11169,129
11170,129
11171,42
11172,55
11173,55
11174,118
11175,118
11176,42
11177,34
11178,42
11179,172
11180,172
11181,73
11182,34
11183,73
11184,73
11185,56
11186,118
11187,9
11188,9
11189,164
11190,36
11191,36
11192,36
11193,36
11194,36
11195,36
11196,36
11197,36
11198,115
11199,36
11200,36
11201,117
11202,36
11203,36
11204,117
11205,117
11206,127
11207,117
11208,36
11209,36
11210,117
11211,117
11212,127
11213,36
11214,36
11215,36
11216,36
11217,36
11218,36
11219,36
11220,36
11221,36
11222,36
11223,36
11224,36
11225,117
11226,43
11227,117
11228,117
11229,117
11230,34
11231,117
11232,117
11233,36
11234,36
11235,29
11236,29
11237,132
11238,132
11239,132
11240,132
11241,132
11242,32
11243,125
11244,125
11245,125
11246,45
11247,38
11248,38
11249,45
11250,77
11251,191
11252,191
11253,191
11254,191
11255,191
11256,191
11257,191
11258,102
11259,191
11260,191
11261,191
11262,191
11263,191
11264,191
11265,191
11266,191
11267,191
11268,102
11269,182
11270,195
11271,195
11272,195
11273,195
11274,164
11275,164
11276,164
11277,164
11278,3
11279,123
11280,9
11281,85
11282,123
11283,39
11284,39
11285,39
11286,164
11287,164
11288,164
11289,123
11290,0
11291,47
11292,56
11293,90
11294,56
11295,56
11296,56
11297,56
11298,56
11299,56
11300,56
11301,56
11302,56
11303,56
11304,56
11305,104
11306,104
11307,104
11308,104
11309,104
11310,104
11311,104
11312,47
11313,56
11314,56
11315,56
11316,104
11317,34
11318,34
11319,34
11320,186
11321,186
11322,186
11323,186
11324,134
11325,134
11326,134
11327,134
11328,21
11329,173
11330,196
11331,196
11332,47
11333,87
11334,87
11335,87
11336,36
11337,36
11338,36
11339,36
11340,47
11341,8
11342,8
11343,0
11344,192
11345,192
11346,192
11347,132
11348,132
11349,132
11350,132
11351,74
11352,74
11353,74
11354,74
11355,141
11356,96
11357,74
11358,28
11359,28
11360,28
11361,28
11362,28
11363,96
11364,28
11365,28
11366,28
11367,28
11368,28
11369,28
11370,141
11371,28
11372,159
11373,159
11374,157
11375,157
11376,157
11377,157
11378,159
11379,157
11380,157
11381,157
11382,9
11383,159
11384,159
11385,159
11386,94
11387,159
11388,29
11389,29
11390,33
11391,33
11392,33
11393,33
11394,33
11395,189
11396,33
11397,33
11398,189
11399,33
11400,33
11401,76
11402,37
11403,37
11404,37
11405,66
11406,73
11407,73
11408,73
11409,73
11410,24
11411,24
11412,71
11413,52
11414,52
11415,52
11416,71
11417,126
11418,126
11419,127
11420,127
11421,106
11422,106
11423,106
11424,106
11425,127
11426,106
11427,106
11428,106
11429,106
11430,52
11431,52
11432,52
11433,134
11434,134
11435,169
11436,169
11437,10
11438,10
11439,22
11440,32
11441,22
11442,21
11443,21
11444,21
11445,68
11446,30
11447,30
11448,30
11449,30
11450,51
11451,106
11452,106
11453,106
11454,107
11455,80
11456,107
11457,159
11458,80
11459,80
11460,80
11461,80
11462,80
11463,80
11464,80
11465,159
11466,127
11467,127
11468,127
11469,147
11470,127
11471,127
11472,147
11473,15
11474,15
11475,15
11476,15
11477,15
11478,15
11479,15
11480,15
11481,37
11482,15
11483,37
11484,127
11485,37
11486,37
11487,37
11488,37
11489,62
11490,37
11491,37
11492,37
11493,37
11494,37
11495,37
11496,37
11497,62
11498,15
11499,15
11500,181
11501,181
11502,115
11503,91
11504,91
11505,91
11506,91
11507,29
11508,29
11509,115
11510,15
11511,15
11512,15
11513,80
11514,80
11515,80
11516,80
11517,80
11518,80
11519,80
11520,80
11521,50
11522,115
11523,195
11524,130
11525,115
11526,130
11527,130
11528,130
11529,130
11530,186
11531,186
11532,186
11533,186
11534,115
11535,0
11536,0
11537,56
11538,56
11539,56
11540,56
11541,0
11542,40
11543,40
11544,45
11545,45
11546,45
11547,83
11548,172
11549,172
11550,35
11551,35
11552,35
11553,35
11554,35
11555,35
11556,35
11557,35
11558,35
11559,26
11560,26
11561,79
11562,79
11563,79
11564,26
11565,79
11566,79
11567,79
11568,179
11569,179
11570,32
11571,179
11572,179
11573,179
11574,179
11575,32
11576,26
11577,32
11578,172
11579,172
11580,172
11581,172
11582,172
11583,172
11584,172
11585,172
11586,172
11587,172
11588,172
11589,29
11590,97
11591,97
11592,172
11593,144
11594,144
11595,144
11596,144
11597,97
11598,144
11599,144
11600,144
11601,144
11602,144
11603,16
11604,16
11605,97
11606,16
11607,46
11608,46
11609,97
11610,46
11611,97
11612,46
11613,16
11614,36
11615,36
11616,177
11617,36
11618,36
11619,36
11620,177
11621,27
11622,27
11623,27
11624,177
11625,27
11626,27
11627,177
11628,27
11629,27
11630,27
11631,27
11632,146
11633,27
11634,177
11635,177
11636,146
11637,146
11638,146
11639,146
11640,146
11641,146
11642,146
11643,146
11644,146
11645,146
11646,146
11647,146
11648,146
11649,130
11650,146
11651,74
11652,183
11653,183
11654,74
11655,14
11656,14
11657,14
11658,14
11659,82
11660,173
11661,173
11662,82
11663,83
11664,107
11665,107
11666,105
11667,3
11668,105
11669,105
11670,105
11671,105
11672,150
11673,3
11674,82
11675,49
11676,49
11677,82
11678,196
11679,196
11680,2
11681,196
11682,196
11683,2
11684,57
11685,57
11686,57
11687,57
11688,57
11689,57
11690,52
11691,52
11692,89
11693,89
11694,17
11695,17
11696,17
11697,17
11698,80
11699,80
11700,80
11701,80
11702,80
11703,80
11704,80
11705,80
11706,125
11707,61
11708,25
11709,25
11710,28
11711,28
11712,33
11713,33
11714,6
11715,6
11716,1
11717,1
11718,33
11719,143
11720,143
11721,143
11722,143
11723,33
11724,37
11725,107
11726,107
11727,32
11728,47
11729,47
11730,32
11731,15
11732,147
11733,147
11734,15
11735,147
11736,51
11737,105
11738,105
11739,51
11740,81
11741,81
11742,81
11743,81
11744,81
11745,51
11746,51
11747,81
11748,51
11749,173
11750,51
11751,81
11752,51
11753,81
11754,81
11755,60
11756,60
11757,65
11758,51
11759,65
11760,42
11761,42
11762,42
11763,42
11764,42
11765,42
11766,42
11767,42
11768,42
11769,97
11770,17
11771,17
11772,97
11773,97
11774,54
11775,54
11776,17
11777,147
11778,17
11779,161
11780,161
11781,161
11782,49
11783,33
11784,17
11785,47
11786,47
11787,63
11788,63
11789,63
11790,63
11791,138
11792,138
11793,138
11794,7
11795,130
11796,130
11797,130
11798,130
11799,17
11800,65
11801,42
11802,169
11803,169
11804,169
11805,172
11806,172
11807,172
11808,172
11809,172
11810,172
11811,45
11812,172
11813,172
11814,172
11815,103
11816,172
11817,107
11818,68
11819,107
11820,107
11821,107
11822,107
11823,107
11824,107
11825,80
11826,80
11827,68
11828,77
11829,68
11830,185
11831,185
11832,77
11833,137
11834,133
11835,137
11836,131
11837,131
11838,45
11839,11
11840,107
11841,107
11842,107
11843,11
11844,97
11845,97
11846,97
11847,97
11848,59
11849,164
11850,41
11851,41
11852,41
11853,41
11854,11
11855,188
11856,11
11857,131
11858,131
11859,131
11860,131
11861,77
11862,155
11863,80
11864,155
11865,70
11866,70
11867,70
11868,6
11869,78
11870,51
11871,43
11872,96
11873,43
11874,43
11875,131
11876,131
11877,131
11878,131
11879,131
11880,131
11881,92
11882,92
11883,34
11884,34
11885,92
11886,92
11887,92
11888,92
11889,92
11890,32
11891,34
11892,113
11893,32
11894,34
11895,92
11896,92
11897,92
11898,131
11899,131
11900,131
11901,34
11902,131
11903,131
11904,73
11905,76
11906,97
11907,106
11908,53
11909,58
11910,58
11911,58
11912,58
11913,58
11914,58
11915,107
11916,107
11917,85
11918,85
11919,85
11920,40
11921,40
11922,23
11923,23
11924,40
11925,130
11926,195
11927,195
11928,195
11929,195
11930,60
11931,68
11932,68
11933,68
11934,68
11935,163
11936,163
11937,123
11938,3
11939,2
11940,86
11941,123
11942,27
11943,121
11944,121
11945,121
11946,121
11947,108
11948,108
11949,108
11950,108
11951,108
11952,141
11953,60
11954,60
11955,60
11956,186
11957,186
11958,186
11959,186
11960,186
11961,186
11962,186
11963,186
11964,186
11965,186
11966,151
11967,151
11968,151
11969,151
11970,8
11971,151
11972,151
11973,151
11974,151
11975,151
11976,151
11977,141
11978,151
11979,186
11980,186
11981,186
11982,186
11983,141
11984,186
11985,186
11986,151
11987,151
11988,151
11989,151
11990,76
11991,96
11992,96
11993,147
11994,147
11995,147
11996,29
11997,147
11998,147
11999,8
12000,29
12001,129
12002,129
12003,132
12004,132
12005,132
12006,132
12007,80
12008,80
12009,80
12010,80
12011,80
12012,80
12013,80
12014,61
12015,80
12016,80
12017,61
12018,61
12019,61
12020,61
12021,61
12022,61
12023,61
12024,61
12025,61
12026,61
12027,61
12028,61
12029,17
12030,17
12031,80
12032,8
12033,147
12034,85
12035,147
12036,27
12037,27
12038,89
12039,89
12040,154
12041,154
12042,66
12043,154
12044,154
12045,154
12046,132
12047,132
12048,32
12049,87
12050,127
12051,127
12052,127
12053,62
12054,62
12055,62
12056,62
12057,62
12058,127
12059,62
12060,62
12061,62
12062,62
12063,62
12064,62
12065,62
12066,62
12067,97
12068,97
12069,97
12070,49
12071,97
12072,97
12073,97
12074,97
12075,97
12076,17
12077,49
12078,49
12079,17
12080,17
12081,17
12082,17
12083,17
12084,17
12085,17
12086,49
12087,17
12088,17
12089,159
12090,159
12091,159
12092,6
12093,6
12094,6
12095,6
12096,6
12097,6
12098,159
12099,159
12100,159
12101,159
12102,89
12103,89
12104,89
12105,159
12106,89
12107,89
12108,89
12109,89
12110,89
12111,89
12112,7
12113,89
12114,89
12115,6
12116,6
12117,75
12118,6
12119,6
12120,6
12121,75
12122,6
12123,136
12124,136
12125,150
12126,73
12127,73
12128,136
12129,44
12130,44
12131,53
12132,39
12133,39
12135,66
12136,66
12137,66
12138,66
12139,66
12140,57
12141,66
12142,66
12143,66
12144,97
12145,49
12146,66
12147,21
12148,21
12149,21
12150,21
12151,21
12152,196
12153,108
12154,200
12155,79
12156,79
12157,79
12158,115
12159,115
12160,70
12161,115
12162,97
12163,118
12164,7
12165,97
12166,2
12167,17
12168,111
12169,111
12170,111
12171,2
12172,2
12173,105
12174,105
12175,2
12176,81
12177,59
12178,59
12179,80
12180,59
12181,132
12182,59
12183,59
12184,59
12185,22
12186,22
12187,22
12188,22
12189,22
12190,22
12191,22
12192,22
12193,22
12194,22
12195,22
12196,22
12197,22
12198,147
12199,147
12200,147
12201,42
12202,42
12203,42
12204,148
12205,148
12206,148
12207,137
12208,137
12209,137
12210,137
12211,123
12212,137
12213,137
12214,26
12215,26
12216,26
12217,26
12218,26
12219,26
12220,51
12221,26
12222,40
12223,40
12224,40
12225,40
12226,40
12227,196
12228,83
12229,96
12230,96
12231,96
12232,10
12233,10
12234,10
12235,71
12236,27
12237,27
12238,27
12239,148
12240,148
12241,148
12242,111
12243,111
12244,111
12245,111
12246,111
12247,159
12248,159
12249,159
12250,148
12251,175
12252,175
12253,44
12254,44
12255,140
12256,140
12257,175
12258,140
12259,175
12260,15
12261,15
12262,176
12263,177
12264,122
12265,49
12266,49
12267,49
12268,164
12269,164
12270,89
12271,164
12272,89
12273,19
12274,19
12275,164
12276,79
12277,164
12278,79
12279,93
12280,183
12281,183
12282,183
12283,183
12284,164
12285,74
12286,74
12287,74
12288,74
12289,74
12290,74
12291,74
12292,29
12293,29
12294,17
12295,106
12296,106
12297,142
12298,106
12299,106
12300,47
12301,80
12302,28
12303,28
12304,80
12305,25
12306,59
12307,59
12308,29
12309,59
12310,20
12311,24
12312,24
12313,178
12314,178
12315,178
12316,178
12317,178
12318,178
12319,178
12320,178
12321,20
12322,155
12323,155
12324,155
12325,123
12326,123
12327,24
12328,24
12329,51
12330,24
12331,24
12332,24
12333,28
12334,28
12335,28
12336,51
12337,182
12338,182
12339,85
12340,85
12341,182
12342,182
12343,182
12344,182
12345,182
12346,182
12347,76
12348,182
12349,182
12350,182
12351,182
12352,182
12353,11
12354,11
12355,172
12356,172
12357,172
12358,172
12359,172
12360,103
12361,103
12362,129
12363,129
12364,38
12365,129
12366,129
12367,129
12368,1
12369,129
12370,197
12371,96
12372,197
12373,38
12374,7
12375,7
12376,138
12377,138
12378,1
12379,1
12380,53
12381,53
12382,53
12383,0
12384,53
12385,53
12386,1
12387,53
12388,123
12389,1
12390,33
12391,33
12392,1
12393,115
12394,1
12395,89
12396,89
12397,115
12398,89
12399,89
12400,6
12401,0
12402,0
12403,97
12404,97
12405,97
12406,26
12407,26
12408,26
12409,26
12410,15
12411,154
12412,154
12413,154
12414,154
12415,154
12416,29
12417,56
12418,56
12419,56
12420,56
12421,56
12422,56
12423,197
12424,197
12425,154
12426,154
12427,154
12428,154
12429,197
12430,154
12431,197
12432,29
12433,44
12434,44
12435,141
12436,197
12437,197
12438,141
12439,110
12440,110
12441,110
12442,44
12443,58
12444,58
12445,44
12446,41
12447,44
12448,41
12449,41
12450,36
12451,44
12452,44
12453,21
12454,0
12455,59
12456,10
12457,199
12458,54
12459,54
12460,103
12461,49
12462,29
12463,69
12464,71
12465,29
12466,177
12467,176
12468,165
12469,177
12470,177
12471,167
12472,167
12473,177
12474,130
12475,130
12476,130
12477,130
12478,130
12479,130
12480,130
12481,148
12482,148
12483,148
12484,81
12485,52
12486,110
12487,52
12488,106
12489,110
12490,176
12491,176
12492,77
12493,77
12494,178
12495,178
12496,178
12497,178
12498,124
12499,124
12500,118
12501,118
12502,118
12503,178
12504,118
12505,124
12506,178
12507,178
12508,88
12509,88
12510,124
12511,76
12512,76
12513,180
12514,180
12515,59
12516,13
12517,161
12518,59
12519,59
12520,64
12521,64
12522,64
12523,5
12524,5
12525,103
12526,5
12527,37
12528,37
12529,37
12530,37
12531,37
12532,103
12533,49
12534,115
12535,15
12536,15
12537,15
12538,15
12539,15
12540,195
12541,195
12542,15
12543,48
12544,48
12545,48
12546,48
12547,30
12548,30
12549,30
12550,30
12551,30
12552,30
12553,30
12554,30
12555,30
12556,30
12557,97
12558,30
12559,30
12560,159
12561,30
12562,8
12563,8
12564,77
12565,77
12566,77
12567,77
12568,77
12569,77
12570,107
12571,47
12572,77
12573,77
12574,77
12575,77
12576,77
12577,77
12578,77
12579,77
12580,80
12581,77
12582,77
12583,80
12584,80
12585,80
12586,80
12587,80
12588,80
12589,60
12590,80
12591,43
12592,151
12593,151
12594,96
12595,96
12596,39
12597,39
12598,39
12599,1
12600,1
12601,1
12602,1
12603,1
12604,1
12605,1
12606,0
12607,1
12608,1
12609,0
12610,131
12611,66
12612,66
12613,66
12614,65
12615,151
12616,151
12617,195
12618,47
12619,158
12620,91
12621,91
12622,91
12623,36
12624,41
12625,41
12626,41
12627,47
12628,41
12629,41
12630,8
12631,8
12632,154
12633,154
12634,154
12635,154
12636,154
12637,154
12638,137
12639,137
12640,154
12641,134
12642,137
12643,137
12644,137
12645,137
12646,195
12647,137
12648,28
12649,137
12650,134
12651,108
12652,108
12653,64
12654,64
12655,19
12656,19
12657,64
12658,19
12659,19
12660,129
12661,129
12662,129
12663,84
12664,84
12665,84
12666,64
12667,145
12668,36
12669,24
12670,36
12671,36
12672,47
12673,47
12674,47
12675,80
12676,19
12677,73
12678,70
12679,103
12680,45
12681,45
12682,117
12683,117
12684,117
12685,117
12686,80
12687,80
12688,98
12689,98
12690,80
12691,97
12692,33
12693,97
12694,179
12695,179
12696,45
12697,45
12698,179
12699,179
12700,33
12701,33
12702,33
12703,33
12704,142
12705,142
12706,155
12707,159
12708,196
12709,36
12710,142
12711,142
12712,4
12713,4
12714,4
12715,159
12716,80
12717,80
12718,80
12719,45
12720,131
12721,155
12722,155
12723,20
12724,133
12725,25
12726,162
12727,162
12728,20
12729,182
12730,182
12731,15
12732,15
12733,15
12734,15
12735,182
12736,51
12737,51
12738,49
12739,49
12740,49
12741,49
12742,49
12743,182
12744,49
12745,49
12746,49
12747,161
12748,161
12749,161
12750,161
12751,161
12752,161
12753,142
12754,88
12755,88
12756,142
12757,88
12758,88
12759,88
12760,88
12761,88
12762,88
12763,88
12764,88
12765,88
12766,21
12767,21
12768,21
12769,21
12770,154
12771,154
12772,154
12773,154
12774,6
12775,6
12776,21
12777,21
12778,6
12779,6
12780,6
12781,21
12782,6
12783,46
12784,46
12785,46
12786,46
12787,21
12788,46
12789,46
12790,46
12791,46
12792,46
12793,46
12794,143
12795,43
12796,143
12797,143
12798,154
12799,154
12800,43
12801,154
12802,96
12803,87
12804,87
12805,11
12806,129
12807,129
12808,129
12809,44
12810,44
12811,22
12812,47
12813,12
12814,25
12815,25
12816,124
12817,124
12818,97
12819,10
12820,10
12821,10
12822,10
12823,196
12824,97
12825,141
12826,141
12827,115
12828,115
12829,86
12830,141
12831,0
12832,0
12833,0
12834,0
12835,0
12836,0
12837,0
12838,0
12839,0
12840,0
12841,131
12842,131
12843,144
12844,141
12845,121
12846,138
12847,138
12848,138
12849,22
12850,101
12851,125
12852,57
12853,57
12854,62
12855,62
12856,36
12857,36
12858,36
12859,36
12860,36
12861,27
12862,27
12863,27
12864,27
12865,27
12866,27
12867,27
12868,27
12869,27
12870,27
12871,146
12872,184
12873,184
12874,47
12875,184
12876,184
12877,52
12878,52
12879,52
12880,52
12881,68
12882,52
12883,52
12884,52
12885,52
12886,47
12887,52
12888,52
12889,52
12890,141
12891,52
12892,52
12893,52
12894,52
12895,141
12896,52
12897,184
12898,27
12899,29
12900,29
12901,27
12902,27
12903,27
12904,185
12905,185
12906,27
12907,27
12908,27
12909,27
12910,27
12911,185
12912,27
12913,27
12914,36
12915,185
12916,74
12917,74
12918,74
12919,71
12920,0
12921,89
12922,89
12923,0
12924,35
12925,35
12926,0
12927,1
12928,84
12929,84
12930,8
12931,84
12932,84
12933,8
12934,84
12935,84
12936,47
12937,127
12938,169
12939,169
12940,127
12941,6
12942,6
12943,6
12944,18
12945,45
12946,45
12947,45
12948,23
12949,45
12950,56
12951,56
12952,56
12953,23
12954,129
12955,129
12956,129
12957,106
12958,106
12959,127
12960,127
12961,127
12962,89
12963,89
12964,89
12965,89
12966,89
12967,89
12968,89
12969,89
12970,127
12971,6
12972,6
12973,1
12974,1
12975,1
12976,65
12977,65
12978,71
12979,50
12980,50
12981,50
12982,50
12983,50
12984,28
12985,28
12986,28
12987,28
12988,111
12989,111
12990,28
12991,28
12992,28
12993,28
12994,28
12995,28
12996,28
12997,111
12998,111
12999,24
13000,24
13001,24
13002,24
13003,24
13004,24
13005,24
13006,24
13007,24
13008,24
13009,24
13010,24
13011,24
13012,24
13013,97
13014,80
13015,80
13016,80
13017,182
13018,182
13019,182
13020,182
13021,182
13022,97
13023,4
13024,12
13025,12
13026,34
13027,66
13028,66
13029,79
13030,68
13031,79
13032,79
13033,68
13034,8
13035,92
13036,92
13037,24
13038,24
13039,92
13040,24
13041,92
13042,24
13043,92
13044,131
13045,92
13046,131
13047,131
13048,131
13049,131
13050,21
13051,46
13052,46
13053,46
13054,3
13055,46
13056,46
13057,3
13058,85
13059,85
13060,143
13061,33
13062,33
13063,33
13064,33
13065,124
13066,33
13067,45
13068,70
13069,70
13070,70
13071,70
13072,124
13073,70
13074,17
13075,17
13076,17
13077,24
13078,24
13079,80
13080,45
13081,45
13082,24
13083,154
13084,121
13085,121
13086,121
13087,121
13088,22
13089,154
13090,22
13091,190
13092,11
13093,127
13094,144
13095,49
13096,144
13097,144
13098,144
13099,33
13100,33
13101,49
13102,49
13103,33
13104,33
13105,49
13106,33
13107,76
13108,76
13109,7
13110,47
13111,47
13112,47
13113,173
13114,59
13115,45
13116,45
13117,45
13118,122
13119,122
13120,45
13121,122
13122,122
13123,123
13124,17
13125,51
13126,84
13127,71
13128,8
13129,8
13130,59
13131,15
13132,15
13133,37
13134,37
13135,6
13136,6
13137,80
13138,30
13139,30
13140,145
13141,145
13142,195
13143,56
13144,195
13145,147
13146,147
13147,108
13148,108
13149,183
13150,183
13151,183
13152,183
13153,3
13154,3
13155,3
13156,3
13157,108
13158,108
13159,199
13160,199
13161,69
13162,108
13163,108
13164,0
13165,0
13166,44
13167,44
13168,44
13169,108
13170,158
13171,158
13172,108
13173,157
13174,157
13175,157
13176,157
13177,108
13178,117
13179,117
13180,117
13181,117
13182,117
13183,108
13184,43
13185,34
13186,118
13187,118
13188,34
13189,118
13190,118
13191,118
13192,118
13193,118
13194,118
13195,118
13196,118
13197,118
13198,118
13199,36
13200,137
13201,137
13202,118
13203,118
13204,118
13205,43
13206,118
13207,130
13208,130
13209,29
13210,185
13211,185
13212,185
13213,185
13214,185
13215,107
13216,107
13217,56
13218,56
13219,56
13220,178
13221,175
13222,175
13223,175
13224,175
13225,51
13226,10
13227,10
13228,10
13229,10
13230,10
13231,10
13232,10
13233,10
13234,10
13235,10
13236,10
13237,146
13238,26
13239,19
13240,38
13241,38
13242,64
13243,60
13244,133
13245,133
13246,24
13247,24
13248,24
13249,135
13250,135
13251,28
13252,10
13253,60
13254,8
13255,185
13256,80
13257,77
13258,77
13259,80
13260,77
13261,45
13262,77
13263,33
13264,45
13265,45
13266,45
13267,45
13268,45
13269,91
13270,40
13271,91
13272,40
13273,35
13274,35
13275,35
13276,35
13277,35
13278,35
13279,191
13280,191
13281,35
13282,35
13283,99
13284,191
13285,106
13286,96
13287,106
13288,106
13289,106
13290,106
13291,106
13292,106
13293,106
13294,162
13295,162
13296,106
13297,161
13298,161
13299,161
13300,161
13301,161
13302,161
13303,161
13304,161
13305,60
13306,161
13307,111
13308,111
13309,111
13310,111
13311,111
13312,111
13313,111
13314,164
13315,164
13316,53
13317,30
13318,30
13319,30
13320,30
13321,30
13322,30
13323,30
13324,30
13325,159
13326,57
13327,139
13328,139
13329,164
13330,164
13331,164
13332,164
13333,164
13334,164
13335,164
13336,164
13337,164
13338,164
13339,101
13340,101
13341,101
13342,57
13343,60
13344,60
13345,57
13346,57
13347,57
13348,119
13349,119
13350,119
13351,119
13352,119
13353,119
13354,119
13355,119
13356,15
13357,37
13358,15
13359,15
13360,37
13361,37
13362,100
13363,100
13364,37
13365,100
13366,100
13367,100
13368,100
13369,165
13370,100
13371,100
13372,100
13373,100
13374,100
13375,100
13376,100
13377,100
13378,100
13379,131
13380,131
13381,131
13382,92
13383,131
13384,131
13385,134
13386,134
13387,134
13388,134
13389,134
13390,134
13391,134
13392,134
13393,134
13394,60
13395,60
13396,25
13397,165
13398,28
13399,28
13400,28
13401,28
13402,28
13403,92
13404,92
13405,92
13406,144
13407,100
13408,100
13409,100
13410,100
13411,144
13412,15
13413,58
13414,58
13415,58
13416,154
13417,58
13418,58
13419,26
13420,107
13421,107
13422,32
13423,32
13424,103
13425,103
13426,103
13427,103
13428,0
13429,0
13430,45
13431,45
13432,45
13433,45
13434,45
13435,24
13436,24
13437,24
13438,24
13439,24
13440,24
13441,24
13442,24
13443,92
13444,32
13445,92
13446,32
13447,32
13448,32
13449,32
13450,32
13451,32
13452,32
13453,32
13454,103
13455,103
13456,103
13457,103
13458,103
13459,103
13460,103
13461,103
13462,0
13463,0
13464,103
13465,103
13466,103
13467,0
13468,0
13469,0
13470,0
13471,24
13472,24
13473,41
13474,41
13475,41
13476,45
13477,45
13478,45
13479,45
13480,45
13481,29
13482,32
13483,0
13484,0
13485,0
13486,77
13487,77
13488,77
13489,77
13490,77
13491,24
13492,32
13493,32
13494,0
13495,0
13496,0
13497,45
13498,44
13499,64
13500,169
13501,81
13502,21
13503,115
13504,93
13505,96
13506,96
13507,96
13508,0
13509,150
13510,108
13511,108
13512,106
13513,105
13514,105
13515,105
13516,107
13517,32
13518,32
13519,32
13520,32
13521,17
13522,169
13523,169
13524,33
13525,33
13526,33
13527,33
13528,33
13529,33
13530,65
13531,65
13532,65
13533,65
13534,65
13535,65
13536,157
13537,157
13538,157
13539,157
13540,136
13541,136
13542,136
13543,130
13544,136
13545,183
13546,48
13547,48
13548,0
13549,48
13550,48
13551,48
13552,48
13553,48
13554,187
13555,187
13556,187
13557,187
13558,187
13559,48
13560,48
13561,48
13562,48
13563,56
13564,165
13565,123
13566,123
13567,139
13568,139
13569,139
13570,139
13571,164
13572,145
13573,139
13574,135
13575,135
13576,135
13577,173
13578,173
13579,7
13580,6
13581,6
13582,6
13583,6
13584,191
13585,191
13586,191
13587,73
13588,173
13589,73
13590,74
13591,74
13592,40
13593,40
13594,84
13595,84
13596,6
13597,6
13598,129
13599,115
13600,129
13601,129
13602,115
13603,115
13604,90
13605,90
13606,162
13607,63
13608,10
13609,10
13610,10
13611,10
13612,10
13613,10
13614,10
13615,10
13616,173
13617,173
13618,10
13619,10
13620,173
13621,10
13622,10
13623,10
13624,10
13625,10
13626,138
13627,125
13628,24
13629,24
13630,24
13631,45
13632,25
13633,123
13634,123
13635,123
13636,123
13637,123
13638,123
13639,123
13640,123
13641,123
13642,123
13643,123
13644,123
13645,123
13646,123
13647,123
13648,123
13649,123
13650,123
13651,197
13652,141
13653,141
13654,141
13655,141
13656,141
13657,175
13658,175
13659,175
13660,175
13661,175
13662,175
13663,175
13664,175
13665,175
13666,175
13667,164
13668,164
13669,164
13670,141
13671,141
13672,141
13673,101
13674,65
13675,65
13676,17
13677,17
13678,17
13679,17
13680,17
13681,110
13682,116
13683,116
13684,89
13685,89
13686,89
13687,90
13688,83
13689,90
13690,90
13691,40
13692,33
13693,48
13694,48
13695,48
13696,91
13697,91
13698,91
13699,24
13700,130
13701,130
13702,130
13703,130
13704,38
13705,38
13706,38
13707,38
13708,38
13709,38
13710,38
13711,38
13712,38
13713,19
13714,19
13715,19
13716,19
13717,19
13718,19
13719,19
13720,19
13721,19
13722,183
13723,183
13724,183
13725,20
13726,183
13727,183
13728,183
13729,20
13730,20
13731,20
13732,20
13733,20
13734,20
13735,20
13736,20
13737,20
13738,20
13739,20
13740,20
13741,3
13742,19
13743,19
13744,19
13745,19
13746,38
13747,38
13748,38
13749,113
13750,113
13751,113
13752,113
13753,113
13754,63
13755,63
13756,63
13757,63
13758,63
13759,63
13760,138
13761,89
13762,89
13763,6
13764,89
13765,6
13766,6
13767,6
13768,6
13769,165
13770,165
13771,90
13772,165
13773,165
13774,165
13775,3
13776,3
13777,77
13778,89
13779,77
13780,80
13781,80
13782,80
13783,85
13784,12
13785,12
13786,23
13787,23
13788,4
13789,4
13790,4
13791,167
13792,167
13793,183
13794,183
13795,87
13796,74
13797,74
13798,75
13799,75
13800,74
13801,74
13802,2
13803,2
13804,2
13805,2
13806,21
13807,21
13808,21
13809,21
13810,22
13811,22
13812,23
13813,22
13814,22
13815,138
13816,125
13817,138
13818,61
13819,185
13820,172
13821,35
13822,35
13823,35
13824,35
13825,106
13826,106
13827,106
13828,106
13829,106
13830,106
13831,49
13832,49
13833,49
13834,49
13835,49
13836,49
13837,180
13838,180
13839,135
13840,180
13841,135
13842,65
13843,14
13844,14
13845,14
13846,121
13847,121
13848,121
13849,121
13850,121
13851,121
13852,121
13853,121
13854,121
13855,23
13856,65
13857,65
13858,164
13859,164
13860,10
13861,10
13862,10
13863,10
13864,10
13865,45
13866,65
13867,50
13868,191
13869,191
13870,45
13871,191
13872,191
13873,191
13874,191
13875,191
13876,191
13877,41
13878,41
13879,34
13880,41
13881,41
13882,41
13883,41
13884,65
13885,65
13886,41
13887,32
13888,32
13889,32
13890,32
13891,172
13892,172
13893,97
13894,97
13895,180
13896,97
13897,97
13898,97
13899,97
13900,90
13901,90
13902,48
13903,67
13904,67
13905,67
13906,103
13907,67
13908,103
13909,103
13910,103
13911,103
13912,103
13913,103
13914,103
13915,103
13916,98
13917,34
13918,7
13919,41
13920,17
13921,17
13922,17
13923,17
13924,40
13925,40
13926,58
13927,58
13928,52
13929,52
13930,52
13931,9
13932,157
13933,9
13934,9
13935,9
13936,9
13937,157
13938,157
13939,157
13940,10
13941,157
13942,157
13943,157
13944,157
13945,157
13946,157
13947,157
13948,157
13949,157
13950,157
13951,157
13952,169
13953,14
13954,14
13955,14
13956,14
13957,14
13958,14
13959,14
13960,34
13961,14
13962,14
13963,14
13964,140
13965,140
13966,140
13967,140
13968,66
13969,66
13970,66
13971,157
13972,157
13973,157
13974,157
13975,157
13976,9
13977,9
13978,9
13979,157
13980,135
13981,154
13982,154
13983,140
13984,14
13985,14
13986,14
13987,14
13988,14
13989,64
13990,157
13991,157
13992,157
13993,172
13994,172
13995,172
13996,172
13997,172
13998,172
13999,103
14000,172
14001,172
14002,27
14003,18
14004,18
14005,18
14006,18
14007,110
14008,76
14009,76
14010,102
14011,164
14012,47
14013,47
14014,73
14015,73
14016,73
14017,123
14018,123
14019,123
14020,123
14021,123
14022,85
14023,123
14024,85
14025,85
14026,22
14027,22
14028,22
14029,22
14030,68
14031,51
14032,51
14033,49
14034,45
14035,45
14036,48
14037,48
14038,48
14039,48
14040,48
14041,48
14042,48
14043,48
14044,48
14045,48
14046,48
14047,60
14048,84
14049,84
14050,5
14051,10
14052,10
14053,159
14054,10
14055,199
14056,199
14057,199
14058,199
14059,199
14060,79
14061,79
14062,65
14063,65
14064,41
14065,41
14066,41
14067,42
14068,42
14069,42
14070,42
14071,42
14072,42
14073,42
14074,42
14075,42
14076,42
14077,42
14078,42
14079,42
14080,42
14081,55
14082,55
14083,113
14084,33
14085,33
14086,33
14087,76
14088,76
14089,24
14090,28
14091,71
14092,56
14093,56
14094,56
14095,56
14096,37
14097,37
14098,37
14099,191
14100,191
14101,85
14102,85
14103,85
14104,85
14105,147
14106,147
14107,147
14108,147
14109,147
14110,147
14111,148
14112,148
14113,84
14114,84
14115,148
14116,148
14117,148
14118,3
14119,154
14120,148
14121,148
14122,148
14123,148
14124,118
14125,17
14126,17
14127,17
14128,17
14129,17
14130,17
14131,154
14132,136
14133,136
14134,136
14135,136
14136,171
14137,171
14138,171
14139,171
14140,181
14141,29
14142,29
14143,34
14144,61
14145,61
14146,6
14147,6
14148,6
14149,6
14150,6
14151,6
14152,84
14153,47
14154,47
14155,47
14156,47
14157,47
14158,87
14159,87
14160,61
14161,61
14162,87
14163,87
14164,87
14165,87
14166,101
14167,87
14168,87
14169,101
14170,101
14171,101
14172,101
14173,101
14174,101
14175,101
14176,101
14177,101
14178,141
14179,101
14180,101
14181,58
14182,58
14183,58
14184,61
14185,8
14186,8
14187,8
14188,106
14189,49
14190,106
14191,61
14192,61
14193,61
14194,18
14195,22
14196,22
14197,38
14198,24
14199,24
14200,24
14201,70
14202,70
14203,70
14204,70
14205,111
14206,111
14207,111
14208,111
14209,21
14210,42
14211,8
14212,169
14213,179
14214,179
14215,179
14216,179
14217,179
14218,93
14219,93
14220,93
14221,32
14222,32
14223,32
14224,32
14225,32
14226,32
14227,32
14228,32
14229,172
14230,172
14231,172
14232,179
14233,103
14234,103
14235,103
14236,103
14237,103
14238,179
14239,103
14240,35
14241,99
14242,99
14243,99
14244,179
14245,99
14246,99
14247,99
14248,93
14249,93
14250,179
14251,93
14252,93
14253,32
14254,32
14255,32
14256,32
14257,172
14258,172
14259,172
14260,172
14261,179
14262,172
14263,172
14264,151
14265,151
14266,179
14267,151
14268,179
14269,45
14270,179
14271,22
14272,22
14273,29
14274,185
14275,185
14276,185
14277,185
14278,185
14279,185
14280,29
14281,29
14282,26
14283,26
14284,131
14285,131
14286,131
14287,131
14288,131
14289,131
14290,146
14291,146
14292,146
14293,10
14294,10
14295,10
14296,10
14297,10
14298,10
14299,43
14300,184
14301,36
14302,184
14303,184
14304,36
14305,36
14306,154
14307,154
14308,162
14309,162
14310,81
14311,81
14312,81
14313,173
14314,173
14315,173
14316,173
14317,34
14318,34
14319,173
14320,173
14321,173
14322,173
14323,22
14324,47
14325,47
14326,47
14327,47
14328,47
14329,47
14330,73
14331,73
14332,47
14333,65
14334,84
14335,84
14336,84
14337,84
14338,70
14339,20
14340,20
14341,191
14342,21
14343,21
14344,21
14345,21
14346,33
14347,33
14348,33
14349,45
14350,133
14351,56
14352,56
14353,41
14354,56
14355,56
14356,136
14357,39
14358,41
14359,136
14360,136
14361,103
14362,103
14363,103
14364,42
14365,42
14366,103
14367,5
14368,5
14369,5
14370,42
14371,41
14372,42
14373,48
14374,41
14375,48
14376,41
14377,125
14378,125
14379,125
14380,63
14381,138
14382,138
14383,63
14384,41
14385,125
14386,39
14387,39
14388,196
14389,140
14390,140
14391,41
14392,137
14393,137
14394,137
14395,137
14396,137
14397,41
14398,62
14399,57
14400,57
14401,41
14402,179
14403,179
14404,7
14405,179
14406,179
14407,165
14408,179
14409,32
14410,172
14411,172
14412,172
14413,39
14414,35
14415,35
14416,35
14417,35
14418,179
14419,77
14420,146
14421,146
14422,146
14423,146
14424,179
14425,8
14426,8
14427,34
14428,179
14429,73
14430,73
14431,19
14432,73
14433,73
14434,70
14435,171
14436,171
14437,171
14438,171
14439,171
14440,171
14441,171
14442,171
14443,187
14444,171
14445,122
14446,130
14447,130
14448,130
14449,130
14450,126
14451,126
14452,126
14453,190
14454,39
14455,35
14456,35
14457,47
14458,47
14459,47
14460,132
14461,132
14462,18
14463,18
14464,37
14465,15
14466,37
14467,37
14468,37
14469,37
14470,162
14471,183
14472,96
14473,183
14474,96
14475,96
14476,96
14477,96
14478,96
14479,122
14480,122
14481,133
14482,61
14483,61
14484,61
14485,84
14486,84
14487,47
14488,47
14489,151
14490,132
14491,132
14492,132
14493,94
14494,94
14495,94
14496,94
14497,94
14498,94
14499,94
14500,94
14501,48
14502,48
14503,48
14504,48
14505,48
14506,48
14507,48
14508,48
14509,48
14510,48
14511,48
14512,48
14513,48
14514,48
14515,173
14516,122
14517,97
14518,122
14519,147
14520,51
14521,147
14522,147
14523,147
14524,87
14525,87
14526,39
14527,88
14528,102
14529,82
14530,88
14531,88
14532,88
14533,47
14534,159
14535,123
14536,87
14537,101
14538,146
14539,105
14540,105
14541,105
14542,191
14543,159
14544,191
14545,155
14546,159
14547,15
14548,15
14549,159
14550,6
14551,6
14552,51
14553,51
14554,14
14555,10
14556,10
14557,10
14558,10
14559,10
14560,10
14561,10
14562,10
14563,43
14564,77
14565,185
14566,128
14567,128
14568,100
14569,128
14570,171
14571,171
14572,51
14573,48
14574,48
14575,48
14576,48
14577,35
14578,35
14579,35
14580,35
14581,43
14582,44
14583,105
14584,105
14585,6
14586,6
14587,191
14588,191
14589,191
14590,191
14591,191
14592,191
14593,105
14594,161
14595,161
14596,49
14597,65
14598,65
14599,45
14600,33
14601,45
14602,17
14603,17
14604,65
14605,65
14606,65
14607,65
14608,65
14609,45
14610,45
14611,33
14612,45
14613,33
14614,45
14615,96
14616,43
14617,96
14618,43
14619,43
14620,182
14621,182
14622,148
14623,185
14624,185
14625,44
14626,51
14627,1
14628,8
14629,8
14630,8
14631,8
14632,8
14633,8
14634,8
14635,8
14636,8
14637,8
14638,8
14639,138
14640,89
14641,89
14642,89
14643,46
14644,46
14645,37
14646,37
14647,66
14648,198
14649,154
14650,198
14651,127
14652,129
14653,129
14654,129
14655,129
14656,27
14657,26
14658,26
14659,8
14660,8
14661,110
14662,18
14663,110
14664,110
14665,169
14666,169
14667,50
14668,14
14669,37
14670,37
14671,42
14672,42
14673,15
14674,15
14675,49
14676,17
14677,49
14678,17
14679,17
14680,17
14681,49
14682,17
14683,17
14684,49
14685,49
14686,164
14687,164
14688,164
14689,164
14690,164
14691,116
14692,116
14693,116
14694,116
14695,116
14696,116
14697,116
14698,116
14699,116
14700,123
14701,123
14702,123
14703,123
14704,123
14705,123
14706,123
14707,123
14708,123
14709,123
14710,123
14711,123
14712,59
14713,59
14714,123
14715,116
14716,116
14717,116
14718,116
14719,123
14720,123
14721,123
14722,123
14723,123
14724,59
14725,59
14726,123
14727,123
14728,123
14729,123
14730,123
14731,123
14732,124
14733,124
14734,124
14735,124
14736,91
14737,22
14738,22
14739,192
14740,192
14741,91
14742,179
14743,179
14744,172
14745,172
14746,172
14747,96
14748,196
14749,196
14750,196
14751,196
14752,132
14753,29
14754,29
14755,19
14756,185
14757,113
14758,113
14759,63
14760,5
14761,64
14762,64
14763,5
14764,5
14765,5
14766,5
14767,5
14768,5
14769,117
14770,117
14771,62
14772,62
14773,127
14774,63
14775,63
14776,63
14777,91
14778,94
14779,91
14780,91
14781,38
14782,38
14783,38
14784,91
14785,33
14786,5
14787,14
14788,91
14789,157
14790,157
14791,153
14792,153
14793,70
14794,70
14795,40
14796,33
14797,45
14798,40
14799,45
14800,45
14801,45
14802,40
14803,45
14804,45
14805,45
14806,184
14807,184
14808,184
14809,184
14810,179
14811,179
14812,40
14813,179
14814,52
14815,40
14816,52
14817,40
14818,28
14819,28
14820,40
14821,44
14822,44
14823,15
14824,44
14825,191
14826,191
14827,191
14828,36
14829,44
14830,44
14831,36
14832,89
14833,44
14834,148
14835,148
14836,44
14837,117
14838,56
14839,56
14840,56
14841,147
14842,167
14843,167
14844,167
14845,61
14846,73
14847,44
14848,73
14849,26
14850,148
14851,26
14852,135
14853,130
14854,107
14855,107
14856,107
14857,107
14858,107
14859,107
14860,130
14861,63
14862,63
14863,63
14864,63
14865,63
14866,63
14867,61
14868,130
14869,61
14870,61
14871,61
14872,61
14873,130
14874,130
14875,0
14876,0
14877,99
14878,130
14879,93
14880,130
14881,5
14882,110
14883,110
14884,155
14885,130
14886,155
14887,130
14888,151
14889,181
14890,181
14891,181
14892,181
14893,130
14894,99
14895,99
14896,19
14897,183
14898,183
14899,143
14900,143
14901,168
14902,130
14903,16
14904,16
14905,156
14906,8
14907,8
14908,130
14909,91
14910,91
14911,41
14912,41
14913,41
14914,41
14915,42
14916,42
14917,18
14918,18
14919,18
14920,18
14921,122
14922,122
14923,122
14924,122
14925,122
14926,97
14927,97
14928,97
14929,17
14930,49
14931,17
14932,80
14933,130
14934,97
14935,97
14936,97
14937,122
14938,122
14939,85
14940,97
14941,49
14942,17
14943,17
14944,78
14945,78
14946,78
14947,97
14948,22
14949,130
14950,22
14951,22
14952,22
14953,22
14954,22
14955,110
14956,110
14957,110
14958,110
14959,110
14960,110
14961,110
14962,32
14963,179
14964,179
14965,130
14966,179
14967,34
14968,34
14969,70
14970,70
14971,70
14972,70
14973,70
14974,70
14975,70
14976,70
14977,70
14978,70
14979,70
14980,70
14981,70
14982,130
14983,70
14984,70
14985,70
14986,70
14987,70
14988,38
14989,38
14990,38
14991,38
14992,38
14993,38
14994,38
14995,38
14996,38
14997,38
14998,38
14999,110
15000,38
15001,38
15002,110
15003,110
15004,130
15005,110
15006,110
15007,110
15008,110
15009,188
15010,188
15011,188
15012,188
15013,188
15014,188
15015,188
15016,188
15017,188
15018,188
15019,188
15020,188
15021,130
15022,130
15023,117
15024,130
15025,40
15026,40
15027,182
15028,91
15029,91
15030,182
15031,91
15032,91
15033,91
15034,91
15035,91
15036,91
15037,40
15038,40
15039,182
15040,40
15041,48
15042,48
15043,182
15044,97
15045,97
15046,182
15047,182
15048,84
15049,93
15050,182
15051,20
15052,74
15053,196
15054,196
15055,196
15056,196
15057,182
15058,49
15059,182
15060,49
15061,110
15062,110
15063,182
15064,110
15065,110
15066,182
15067,74
15068,74
15069,74
15070,182
15071,186
15072,186
15073,186
15074,186
15075,51
15076,182
15077,51
15078,51
15079,137
15080,137
15081,137
15082,51
15083,177
15084,177
15085,182
15086,134
15087,33
15088,61
15089,148
15090,148
15091,55
15092,148
15093,36
15094,36
15095,36
15096,36
15097,185
15098,61
15099,84
15100,24
15101,24
15102,195
15103,182
15104,195
15105,33
15106,102
15107,68
15108,68
15109,51
15110,51
15111,50
15112,14
15113,50
15114,14
15115,85
15116,55
15117,55
15118,17
15119,55
15120,55
15121,55
15122,55
15123,196
15124,196
15125,16
15126,16
15127,16
15128,61
15129,177
15130,177
15131,177
15132,177
15133,96
15134,30
15135,48
15136,48
15137,48
15138,48
15139,48
15140,48
15141,48
15142,48
15143,48
15144,48
15145,48
15146,151
15147,132
15148,132
15149,132
15150,132
15151,132
15152,93
15153,93
15154,93
15155,93
15156,93
15157,99
15158,99
15159,99
15160,35
15161,35
15162,35
15163,35
15164,35
15165,48
15166,48
15167,48
15168,48
15169,48
15170,48
15171,48
15172,48
15173,187
15174,99
15175,99
15176,93
15177,93
15178,93
15179,93
15180,93
15181,132
15182,111
15183,87
15184,82
15185,111
15186,68
15187,68
15188,68
15189,48
15190,48
15191,141
15192,156
15193,21
15194,21
15195,21
15196,21
15197,94
15198,94
15199,181
15200,181
15201,181
15202,181
15203,1
15204,11
15205,11
15206,56
15207,96
15208,96
15209,96
15210,96
15211,168
15212,168
15213,168
15214,80
15215,80
15216,63
15217,63
15218,63
15219,63
15220,63
15221,80
15222,42
15223,88
15224,88
15225,141
15226,44
15227,44
15228,26
15229,26
15230,26
15231,26
15232,146
15233,146
15234,146
15235,146
15236,130
15237,146
15238,130
15239,130
15240,130
15241,130
15242,130
15243,130
15244,130
15245,130
15246,52
15247,52
15248,52
15249,52
15250,52
15251,52
15252,182
15253,52
15254,130
15255,130
15256,130
15257,130
15258,146
15259,146
15260,146
15261,146
15262,26
15263,26
15264,26
15265,26
15266,70
15267,93
15268,59
15269,59
15270,39
15271,49
15272,49
15273,182
15274,182
15275,130
15276,39
15277,22
15278,22
15279,22
15280,22
15281,80
15282,52
15283,141
15284,92
15285,92
15286,92
15287,92
15288,92
15289,134
15290,25
15291,25
15292,24
15293,24
15294,65
15295,65
15296,65
15297,65
15298,45
15299,45
15300,45
15301,33
15302,33
15303,134
15304,134
15305,134
15306,134
15307,134
15308,134
15309,134
15310,134
15311,52
15312,147
15313,147
15314,147
15315,110
15316,110
15317,18
15318,18
15319,18
15320,71
15321,71
15322,71
15323,71
15324,71
15325,71
15326,3
15327,168
15328,168
15329,168
15330,141
15331,56
15332,56
15333,165
15334,165
15335,139
15336,139
15337,101
15338,167
15339,81
15340,89
15341,89
15342,89
15343,81
15344,153
15345,153
15346,131
15347,131
15348,81
15349,89
15350,154
15351,168
15352,168
15353,143
15354,143
15355,143
15356,20
15357,20
15358,17
15359,80
15360,17
15361,80
15362,11
15363,185
15364,106
15365,169
15366,169
15367,107
15368,63
15369,14
15370,14
15371,14
15372,14
15373,43
15374,136
15375,136
15376,96
15377,108
15378,162
15379,56
15380,165
15381,169
15382,169
15383,157
15384,167
15385,148
15386,148
15387,68
15388,40
15389,91
15390,40
15391,91
15392,59
15393,59
15394,59
15395,59
15396,23
15397,59
15398,59
15399,23
15400,23
15401,23
15402,23
15403,23
15404,23
15405,132
15406,23
15407,132
15408,132
15409,132
15410,132
15411,132
15412,93
15413,93
15414,93
15415,93
15416,23
15417,132
15418,59
15419,167
15420,167
15421,23
15422,59
15423,59
15424,59
15425,59
15426,84
15427,42
15428,41
15429,42
15430,42
15431,138
15432,138
15433,191
15434,191
15435,191
15436,33
15437,165
15438,165
15439,165
15440,97
15441,97
15442,97
15443,194
15444,194
15445,179
15446,179
15447,194
15448,194
15449,65
15450,77
15451,147
15452,147
15453,147
15454,147
15455,153
15456,153
15457,153
15458,153
15459,153
15460,70
15461,153
15462,70
15463,113
15464,153
15465,70
15466,70
15467,70
15468,113
15469,154
15470,154
15471,154
15472,154
15473,154
15474,154
15475,97
15476,168
15477,168
15478,168
15479,168
15480,168
15481,170
15482,170
15483,170
15484,170
15485,170
15486,170
15487,170
15488,170
15489,170
15490,170
15491,170
15492,170
15493,168
15494,23
15495,23
15496,23
15497,23
15498,115
15499,115
15500,190
15501,17
15502,185
15503,185
15504,185
15505,185
15506,8
15507,8
15508,8
15509,8
15510,8
15511,8
15512,8
15513,8
15514,8
15515,8
15516,8
15517,91
15518,91
15519,91
15520,106
15521,106
15522,106
15523,106
15524,107
15525,46
15526,143
15527,97
15528,121
15529,68
15530,68
15531,68
15532,68
15533,93
15534,93
15535,23
15536,132
15537,132
15538,132
15539,23
15540,132
15541,23
15542,23
15543,23
15544,23
15545,23
15546,186
15547,186
15548,186
15549,48
15550,171
15551,171
15552,171
15553,171
15554,171
15555,171
15556,23
15557,23
15558,23
15559,23
15560,23
15561,186
15562,48
15563,79
15564,79
15565,79
15566,97
15567,79
15568,79
15569,35
15570,79
15571,35
15572,35
15573,35
15574,35
15575,35
15576,35
15577,35
15578,35
15579,73
15580,73
15581,73
15582,73
15583,73
15584,172
15585,172
15586,172
15587,172
15588,172
15589,172
15590,172
15594,179
15595,34
15596,34
15597,34
15598,34
15599,73
15600,73
15601,185
15602,73
15603,73
15604,35
15605,35
15606,35
15607,35
15608,35
15609,35
15610,35
15611,35
15612,45
15613,45
15614,45
15615,61
15616,185
15617,137
15618,137
15619,157
15620,182
15621,182
15622,61
15623,36
15624,36
15625,169
15626,38
15627,38
15628,192
15629,41
15630,41
15631,94
15632,94
15633,157
15634,157
15635,157
15636,157
15637,157
15638,157
15639,157
15640,9
15641,5
15642,5
15643,5
15644,148
15645,161
15646,161
15647,161
15648,161
15649,161
15650,148
15651,8
15652,185
15653,8
15654,185
15655,30
15656,30
15657,58
15658,58
15659,89
15660,89
15661,89
15662,161
15663,161
15664,64
15665,64
15666,64
15667,170
15668,148
15669,1
15670,1
15671,1
15672,106
15673,105
15674,106
15675,80
15676,127
15677,121
15678,121
15679,121
15680,121
15681,121
15682,121
15683,121
15684,19
15685,137
15686,135
15687,135
15688,135
15689,135
15690,7
15691,7
15692,7
15693,7
15694,7
15695,135
15696,135
15697,135
15698,8
15699,65
15700,199
15701,10
15702,140
15703,137
15704,30
15705,30
15706,30
15707,168
15708,106
15709,106
15710,47
15711,47
15712,47
15713,173
15714,81
15715,137
15716,42
15717,42
15718,42
15719,42
15720,24
15721,191
15722,191
15723,191
15724,179
15725,179
15726,42
15727,42
15728,52
15729,196
15730,196
15731,21
15732,21
15733,2
15734,75
15735,145
15736,51
15737,51
15738,51
15739,18
15740,18
15741,18
15742,18
15743,112
15744,30
15745,30
15746,30
15747,7
15748,111
15749,111
15750,111
15751,111
15752,111
15753,111
15754,111
15755,111
15756,159
15757,159
15758,30
15759,30
15760,30
15761,30
15762,111
15763,88
15764,88
15765,88
15766,88
15767,88
15768,88
15769,10
15770,10
15771,7
15772,132
15773,132
15774,181
15775,107
15776,63
15777,63
15778,80
15779,107
15780,107
15781,107
15782,153
15783,44
15784,44
15785,62
15786,97
15787,42
15788,42
15789,42
15790,42
15791,42
15792,41
15793,41
15794,41
15795,180
15796,97
15797,97
15798,180
15799,180
15800,42
15801,52
15802,52
15803,52
15804,199
15805,199
15806,199
15807,199
15808,199
15809,199
15810,94
15811,94
15812,48
15813,48
15814,57
15815,57
15816,65
15817,45
15818,45
15819,46
15820,46
15821,46
15822,143
15823,143
15824,143
15825,143
15826,143
15827,143
15828,168
15829,168
15830,172
15831,172
15832,168
15833,170
15834,170
15835,73
15836,52
15837,148
15838,148
15839,172
15840,148
15841,81
15842,81
15843,181
15844,191
15845,191
15846,191
15847,191
15848,1
15849,1
15850,1
15851,88
15852,88
15853,1
15854,80
15855,80
15856,80
15857,78
15858,78
15859,78
15860,78
15861,78
15862,78
15863,88
15864,78
15865,78
15866,0
15867,0
15868,46
15869,46
15870,46
15871,46
15872,143
15873,55
15874,55
15875,42
15876,42
15877,42
15878,192
15879,192
15880,192
15881,97
15882,97
15883,97
15884,88
15885,157
15886,157
15887,157
15888,157
15889,88
15890,126
15891,60
15892,60
15893,61
15894,169
15895,10
15896,22
15897,22
15898,184
15899,184
15900,184
15901,77
15902,77
15903,33
15904,33
15905,33
15906,33
15907,134
15908,134
15909,134
15910,134
15911,134
15912,134
15913,134
15914,134
15915,33
15916,33
15917,33
15918,142
15919,134
15920,134
15921,153
15922,159
15923,159
15924,30
15925,30
15926,30
15927,194
15928,30
15929,159
15930,194
15931,159
15932,159
15933,128
15934,128
15935,128
15936,128
15937,89
15938,89
15939,46
15940,147
15941,107
15942,107
15943,21
15944,161
15945,23
15946,23
15947,23
15948,23
15949,59
15950,59
15951,23
15952,23
15953,23
15954,23
15955,23
15956,23
15957,23
15958,23
15959,23
15960,23
15961,23
15962,23
15963,23
15964,23
15965,23
15966,132
15967,132
15968,132
15969,132
15970,132
15971,132
15972,132
15973,132
15974,23
15975,23
15976,23
15977,23
15978,23
15979,132
15980,132
15981,132
15982,132
15983,125
15984,125
15985,180
15986,28
15987,52
15988,124
15989,80
15990,138
15991,138
15992,138
15993,138
15994,138
15995,138
15996,125
15997,125
15998,185
15999,7
16000,44
16001,44
16002,7
16003,129
16004,129
16005,129
16006,147
16007,93
16008,93
16009,91
16010,7
16011,91
16012,40
16013,40
16014,17
16015,45
16016,45
16017,45
16018,45
16019,45
16020,164
16021,164
16022,164
16023,164
16024,164
16025,164
16026,164
16027,164
16028,102
16029,101
16030,101
16031,101
16032,57
16033,57
16034,57
16035,57
16036,11
16037,38
16038,8
16039,8
16040,8
16041,8
16042,8
16043,8
16044,8
16045,8
16046,148
16047,59
16048,17
16049,17
16050,17
16051,17
16052,17
16053,17
16054,17
16055,17
16056,65
16057,19
16058,77
16059,135
16060,61
16061,61
16062,61
16063,58
16064,58
16065,58
16066,135
16067,61
16068,61
16069,44
16070,44
16071,44
16072,44
16073,135
16074,54
16075,54
16076,97
16077,42
16078,42
16079,135
16080,38
16081,38
16082,19
16083,183
16084,183
16085,183
16086,183
16087,115
16088,179
16089,179
16090,191
16091,191
16092,191
16093,191
16094,53
16095,53
16096,183
16097,47
16098,129
16099,107
16100,107
16101,48
16102,48
16103,182
16104,195
16105,195
16106,195
16107,195
16108,195
16109,165
16110,56
16111,187
16112,187
16113,191
16114,191
16115,80
16116,80
16117,168
16118,29
16119,17
16120,17
16121,29
16122,26
16123,114
16124,33
16125,33
16126,33
16127,16
16128,16
16129,16
16130,22
16131,22
16132,21
16133,40
16134,40
16135,7
16136,7
16137,16
16138,16
16139,124
16140,97
16141,97
16142,97
16143,97
16144,97
16145,182
16146,195
16147,80
16148,195
16149,195
16150,17
16151,17
16152,80
16153,80
16154,17
16155,80
16156,80
16157,80
16158,80
16159,90
16160,55
16161,113
16162,91
16163,132
16164,80
16165,109
16166,109
16167,109
16168,109
16169,109
16170,109
16171,109
16172,109
16173,109
16174,109
16175,109
16176,109
16177,109
16178,91
16179,94
16180,94
16181,101
16182,40
16183,40
16184,106
16185,148
16186,148
16187,8
16188,28
16189,28
16190,135
16191,7
16192,121
16193,99
16194,99
16195,80
16196,70
16197,70
16198,33
16199,33
16200,177
16201,177
16202,177
16203,177
16204,109
16205,109
16206,177
16207,149
16208,20
16209,20
16210,74
16211,74
16212,11
16213,11
16214,69
16215,94
16216,80
16217,66
16218,66
16219,66
16220,180
16221,180
16222,180
16223,180
16224,157
16225,157
16226,7
16227,7
16228,7
16229,7
16230,7
16231,7
16232,7
16233,66
16234,66
16235,66
16236,66
16237,21
16238,196
16239,196
16240,196
16241,196
16242,196
16243,196
16244,7
16245,7
16246,7
16247,7
16248,66
16249,66
16250,66
16251,66
16252,66
16253,66
16254,196
16255,196
16256,196
16257,196
16258,196
16259,196
16260,196
16261,21
16262,21
16263,21
16264,22
16265,22
16266,22
16267,22
16268,169
16269,169
16270,169
16271,10
16272,199
16273,199
16274,199
16275,21
16276,22
16277,22
16278,22
16279,10
16280,10
16281,10
16282,199
16283,6
16284,164
16285,164
16286,164
16287,164
16288,121
16289,121
16290,121
16291,121
16292,154
16293,49
16294,49
16295,49
16296,49
16297,49
16298,49
16299,49
16300,161
16301,49
16302,161
16303,161
16304,161
16305,161
16306,161
16307,161
16308,161
16309,161
16310,161
16311,161
16312,111
16313,111
16314,111
16315,111
16316,111
16317,111
16318,80
16319,30
16320,30
16321,30
16322,30
16323,30
16324,30
16325,30
16326,30
16327,30
16328,30
16329,111
16330,111
16331,111
16332,161
16333,161
16334,161
16335,161
16336,161
16337,49
16338,49
16339,49
16340,49
16341,49
16342,49
16343,91
16344,91
16345,91
16346,91
16347,29
16348,29
16349,29
16350,80
16351,0
16352,0
16353,106
16354,33
16355,148
16356,54
16357,54
16358,54
16359,54
16360,133
16361,133
16362,34
16363,157
16364,157
16365,157
16366,157
16367,157
16368,157
16369,157
16370,157
16371,157
16372,157
16373,157
16374,157
16375,157
16376,157
16377,157
16378,64
16379,157
16380,157
16381,157
16382,127
16383,127
16384,127
16385,175
16386,175
16387,90
16388,56
16389,115
16390,94
16391,94
16392,52
16393,17
16394,17
16395,52
16396,52
16397,135
16398,45
16399,125
16400,100
16401,100
16402,100
16403,161
16404,81
16405,81
16406,108
16407,108
16408,80
16409,108
16410,163
16411,163
16412,163
16413,50
16414,94
16415,131
16416,44
16417,44
16418,48
16419,135
16420,135
16421,167
16422,172
16423,71
16424,48
16425,133
16426,133
16427,170
16428,170
16429,81
16430,13
16431,30
16432,139
16433,89
16434,6
16435,89
16436,77
16437,23
16438,23
16439,23
16440,59
16441,59
16442,59
16443,59
16444,59
16445,23
16446,23
16447,130
16448,130
16449,130
16450,130
16451,71
16452,190
16453,184
16454,184
16455,184
16456,17
16457,107
16458,77
16459,77
16460,107
16461,77
16462,77
16463,77
16464,8
16465,8
16466,8
16467,8
16468,8
16469,8
16470,71
16471,124
16472,192
16473,192
16474,140
16475,71
16476,46
16477,46
16478,46
16479,191
16480,47
16481,133
16482,133
16483,43
16484,43
16485,43
16486,43
16487,30
16488,30
16489,30
16490,30
16491,30
16492,30
16493,71
16494,71
16495,112
16496,112
16497,112
16498,112
16499,112
16500,112
16501,112
16502,191
16503,19
16504,19
16505,183
16506,19
16507,20
16508,108
16509,108
16510,91
16511,33
16512,71
16513,41
16514,24
16515,24
16516,24
16517,53
16518,53
16519,81
16520,70
16521,57
16522,57
16523,57
16524,57
16525,24
16526,28
16527,28
16528,28
16529,50
16530,50
16531,80
16532,80
16533,80
16534,33
16535,33
16536,33
16537,136
16538,44
16539,71
16540,145
16541,82
16542,41
16543,41
16544,71
16545,24
16546,135
16547,188
16548,43
16549,3
16550,116
16551,157
16552,163
16553,163
16554,163
16555,163
16556,163
16557,52
16558,52
16559,50
16560,52
16561,182
16562,182
16563,50
16564,74
16565,71
16566,74
16567,36
16568,41
16569,41
16570,41
16571,41
16572,41
16573,41
16574,41
16575,24
16576,24
16577,5
16578,17
16579,41
16580,41
16581,96
16582,96
16583,96
16584,96
16585,200
16586,120
16587,200
16588,120
16589,120
16590,5
16591,64
16592,5
16593,22
16594,22
16595,22
16596,22
16597,5
16598,22
16599,22
16600,81
16601,71
16602,69
16603,69
16604,61
16605,61
16606,61
16607,33
16608,33
16609,147
16610,51
16611,51
16612,107
16613,107
16614,107
16615,80
16616,80
16617,80
16618,80
16619,80
16620,107
16621,107
16622,107
16623,107
16624,97
16625,117
16626,98
16627,98
16628,98
16629,135
16630,135
16631,135
16632,8
16633,51
16634,33
16635,0
16636,185
16637,61
16638,29
16639,44
16640,44
16641,168
16642,168
16643,168
16644,173
16645,82
16646,82
16647,82
16648,82
16649,82
16650,44
16651,130
16652,119
16653,138
16654,63
16655,138
16656,55
16657,55
16658,55
16659,55
16660,52
16661,52
16662,52
16663,52
16664,18
16665,153
16666,8
16667,164
16668,164
16669,40
16670,144
16671,144
16672,64
16673,5
16674,5
16675,5
16676,64
16677,70
16678,70
16679,53
16680,44
16681,44
16682,34
16683,53
16684,53
16685,30
16686,161
16687,77
16688,77
16689,146
16690,33
16691,121
16692,121
16693,49
16694,49
16695,107
16696,107
16697,107
16698,107
16699,181
16700,181
16701,181
16702,34
16703,7
16704,7
16705,6
16706,6
16707,41
16708,1
16709,1
16710,185
16711,61
16712,70
16713,24
16714,159
16715,129
16716,129
16717,39
16718,39
16719,39
16720,39
16721,33
16722,33
16723,38
16724,38
16725,38
16726,38
16727,89
16728,89
16729,52
16730,33
16731,33
16732,33
16733,135
16734,138
16735,22
16736,56
16737,56
16738,177
16739,177
16740,14
16741,14
16742,27
16743,27
16744,27
16745,27
16746,146
16747,146
16748,130
16749,130
16750,91
16751,91
16752,91
16753,91
16754,91
16755,49
16756,97
16757,115
16758,115
16759,41
16760,150
16761,45
16762,105
16763,61
16764,61
16765,61
16766,185
16767,185
16768,80
16769,80
16770,169
16771,21
16772,50
16773,64
16774,64
16775,64
16776,183
16777,45
16778,183
16779,195
16780,191
16781,191
16782,81
16783,81
16784,81
16785,81
16786,81
16787,81
16788,145
16789,145
16790,82
16791,82
16792,64
16793,8
16794,137
16795,179
16796,22
16797,110
16798,17
16799,17
16800,17
16801,17
16802,145
16803,28
16804,28
16805,112
16806,72
16807,72
16808,41
16809,41
16810,135
16811,20
16812,183
16813,183
16814,181
16815,77
16816,97
16819,55
16820,55
16821,55
16822,55
16823,54
16824,54
16825,80
16826,81
16827,20
16828,20
16829,20
16830,20
16831,3
16832,3
16833,6
16834,46
16835,46
16836,46
16837,46
16838,46
16839,46
16840,46
16841,46
16842,195
16843,195
16844,52
16845,44
16846,44
16847,44
16848,44
16849,36
16850,36
16851,16
16852,16
16853,16
16854,16
16855,16
16856,16
16857,16
16858,16
16859,16
16860,16
16861,16
16862,16
16863,16
16864,16
16865,67
16866,16
16867,67
16868,67
16869,67
16870,67
16871,67
16872,67
16873,67
16874,67
16875,67
16876,67
16877,32
16878,32
16879,32
16880,32
16881,32
16882,32
16883,92
16884,92
16885,24
16886,24
16887,32
16888,32
16889,32
16890,67
16891,67
16892,67
16893,67
16894,67
16895,67
16896,16
16897,16
16898,80
16899,80
16900,42
16901,42
16902,97
16903,18
16904,18
16905,18
16906,185
16907,185
16908,185
16909,185
16910,185
16911,185
16912,185
16913,185
16914,185
16915,69
16916,29
16917,80
16918,80
16919,29
16920,185
16921,29
16922,69
16923,29
16924,29
16925,69
16926,69
16927,17
16928,17
16929,17
16930,191
16931,143
16932,122
16933,122
16934,122
16935,122
16936,122
16937,122
16938,122
16939,7
16940,103
16941,80
16942,80
16943,80
16944,80
16945,80
16946,80
16947,80
16948,80
16949,80
16950,80
16951,49
16952,80
16953,49
16954,71
16955,54
16956,136
16957,76
16958,76
16959,27
16960,26
16961,2
16962,42
16963,130
16964,44
16965,44
16966,136
16967,136
16968,41
16969,170
16970,170
16971,170
16972,59
16973,82
16974,82
16975,39
16976,106
16977,65
16978,105
16979,172
16980,172
16981,36
16982,184
16983,184
16984,184
16985,184
16986,8
16987,8
16988,8
16989,148
16990,18
16991,18
16992,18
16993,18
16994,38
16995,38
16996,129
16997,129
16998,129
16999,129
17000,129
17001,129
17002,69
17003,69
17004,6
17005,6
17006,44
17007,44
17008,64
17009,26
17010,26
17011,64
17012,169
17013,21
17014,21
17015,21
17016,21
17017,47
17018,45
17019,47
17020,47
17021,47
17022,41
17023,41
17024,47
17025,41
17026,82
17027,82
17028,82
17029,82
17030,24
17031,24
17032,81
17033,47
17034,77
17035,47
17036,69
17037,69
17038,23
17039,23
17040,84
17041,46
17042,34
17043,34
17044,34
17045,34
17046,34
17047,123
17048,41
17049,41
17050,45
17051,143
17052,38
17053,12
17054,127
17055,81
17056,81
17057,81
17058,81
17059,61
17060,123
17061,48
17062,48
17063,48
17064,48
17065,144
17066,100
17067,144
17068,2
17069,2
17070,38
17071,38
17072,41
17073,41
17074,41
17075,59
17076,79
17077,48
17078,48
17079,138
17080,5
17081,145
17082,145
17083,145
17084,145
17085,145
17086,145
17087,145
17088,67
17089,67
17090,121
17091,121
17092,8
17093,107
17094,77
17095,77
17096,77
17097,177
17098,177
17099,60
17100,70
17101,167
17102,57
17103,57
17104,57
17105,57
17106,24
17107,24
17108,33
17109,63
17110,97
17111,97
17112,97
17113,57
17114,68
17115,68
17116,57
17117,101
17118,8
17119,145
17120,145
17121,103
17122,70
17123,103
17124,11
17125,48
17126,48
17127,22
17128,22
17129,22
17130,168
17131,100
17132,50
17133,100
17134,159
17135,159
17136,49
17137,80
17138,80
17139,159
17140,159
17141,159
17142,7
17143,187
17144,187
17145,85
17146,3
17147,3
17148,83
17149,6
17150,47
17151,63
17152,47
17153,80
17154,80
17155,80
17156,49
17157,6
17158,6
17159,47
17160,47
17161,47
17162,47
17163,47
17164,17
17165,28
17166,81
17167,71
17168,71
17169,60
17170,60
17171,184
17172,146
17173,146
17174,146
17175,146
17176,14
17177,14
17178,14
17179,14
17180,21
17181,21
17182,39
17183,39
17184,39
17185,21
17186,21
17187,21
17188,21
17189,21
17190,21
17191,21
17192,21
17193,44
17194,21
17195,21
17196,21
17197,14
17198,14
17199,50
17200,50
17201,50
17202,50
17203,5
17204,5
17205,121
17206,184
17207,184
17208,146
17209,146
17210,130
17211,130
17212,136
17213,136
17214,39
17215,39
17216,136
17217,6
17218,191
17219,191
17220,46
17221,46
17222,46
17223,46
17224,46
17225,46
17226,46
17227,143
17228,143
17229,143
17230,143
17231,143
17232,143
17233,143
17234,143
17235,170
17236,170
17237,170
17238,170
17239,170
17240,36
17241,36
17242,143
17243,143
17244,170
17245,170
17246,104
17247,36
17248,36
17249,36
17250,6
17251,191
17252,191
17253,46
17254,46
17255,46
17256,46
17257,143
17258,143
17259,143
17260,70
17261,70
17262,70
17263,70
17264,53
17265,136
17266,73
17267,73
17268,73
17269,181
17270,181
17271,181
17272,74
17273,53
17274,74
17275,74
17276,75
17277,76
17278,75
17279,70
17280,70
17281,73
17282,181
17283,73
17284,181
17285,181
17286,181
17287,181
17288,181
17289,186
17290,186
17291,2
17292,76
17293,76
17294,76
17295,52
17296,52
17297,52
17298,105
17299,80
17300,61
17301,48
17302,34
17303,70
17304,34
17305,70
17306,73
17307,73
17308,107
17309,109
17310,54
17311,66
17312,140
17313,196
17314,140
17315,196
17316,81
17317,173
17318,28
17319,193
17320,193
17321,56
17322,105
17323,186
17324,39
17325,39
17326,191
17327,191
17328,191
17329,191
17330,191
17331,29
17332,130
17333,80
17334,107
17335,49
17336,17
17337,97
17338,140
17339,140
17340,89
17341,89
17342,46
17343,89
17344,89
17345,89
17346,154
17347,154
17348,154
17349,17
17350,17
17351,154
17352,154
17353,154
17354,6
17355,6
17356,6
17357,191
17358,191
17359,191
17360,191
17361,191
17362,147
17363,147
17364,97
17365,143
17366,159
17367,46
17368,46
17369,46
17370,46
17371,46
17372,90
17373,143
17374,168
17375,150
17376,153
17377,17
17378,49
17379,191
17380,191
17381,191
17382,46
17383,81
17384,163
17385,163
17386,138
17387,61
17388,76
17389,59
17390,59
17391,0
17392,0
17393,115
17394,163
17395,163
17396,115
17397,3
17398,3
17399,59
17400,0
17401,0
17402,1
17403,1
17404,67
17405,103
17406,103
17407,67
17408,105
17409,105
17410,122
17411,122
17412,162
17413,196
17414,153
17415,153
17416,153
17417,153
17418,70
17419,70
17420,153
17421,122
17422,182
17423,121
17424,121
17425,31
17426,79
17427,142
17428,142
17429,142
17430,142
17431,142
17432,142
17433,142
17434,142
17435,142
17436,37
17437,37
17438,122
17439,124
17440,140
17441,120
17442,96
17443,108
17444,108
17445,84
17446,108
17447,84
17448,108
17449,108
17450,137
17451,137
17452,137
17453,137
17454,122
17455,42
17456,42
17457,23
17458,23
17459,23
17460,137
17461,137
17462,137
17463,107
17464,107
17465,107
17466,107
17467,137
17468,61
17469,29
17470,29
17471,137
17472,63
17473,137
17474,145
17475,145
17476,145
17477,183
17478,183
17479,183
17480,183
17481,63
17482,63
17483,22
17484,22
17485,137
17486,137
17487,38
17488,54
17489,54
17490,54
17491,54
17492,71
17493,18
17494,18
17495,18
17496,110
17497,110
17498,110
17499,147
17500,54
17501,54
17502,137
17503,18
17504,18
17505,110
17506,110
17507,110
17508,147
17509,137
17510,147
17511,137
17512,137
17513,105
17514,47
17515,17
17516,37
17517,145
17518,1
17519,129
17520,129
17521,129
17522,129
17523,129
17524,129
17525,129
17526,129
17527,6
17528,168
17529,168
17530,44
17531,97
17532,57
17533,57
17534,68
17535,108
17536,108
17537,57
17538,57
17539,59
17540,51
17541,51
17542,24
17543,57
17544,68
17545,68
17546,26
17547,26
17548,145
17549,145
17550,145
17551,82
17552,145
17553,82
17554,145
17555,82
17556,82
17557,82
17558,82
17559,63
17560,145
17561,68
17562,83
17563,68
17564,68
17565,68
17566,68
17567,162
17568,162
17569,162
17570,137
17571,108
17572,108
17573,108
17574,108
17575,83
17576,68
17577,68
17578,68
17579,68
17580,68
17581,96
17582,97
17583,28
17584,60
17585,60
17586,60
17587,60
17588,48
17589,48
17590,48
17591,48
17592,48
17593,60
17594,48
17595,48
17596,48
17597,48
17598,185
17599,185
17600,145
17601,82
17602,27
17603,148
17604,148
17605,24
17606,24
17607,24
17608,97
17609,54
17610,44
17611,122
17612,91
17613,91
17614,91
17615,73
17616,97
17617,103
17618,103
17619,137
17620,32
17621,97
17622,97
17623,97
17624,97
17625,97
17626,180
17627,180
17628,137
17629,122
17630,122
17631,122
17632,122
17633,122
17634,180
17635,180
17636,180
17637,180
17638,180
17639,124
17640,124
17641,122
17642,122
17643,122
17644,167
17645,167
17646,167
17647,169
17648,169
17649,17
17650,24
17651,24
17652,52
17653,52
17654,24
17655,52
17656,182
17657,182
17658,182
17659,52
17660,52
17661,24
17662,8
17663,153
17664,153
17665,153
17666,2
17667,2
17668,24
17669,72
17670,96
17671,96
17672,96
17673,96
17674,96
17675,200
17676,200
17677,200
17678,200
17679,200
17680,200
17681,200
17682,200
17683,200
17684,200
17685,200
17686,200
17687,200
17688,200
17689,200
17690,200
17691,200
17692,200
17693,200
17694,200
17695,200
17696,48
17697,17
17698,8
17699,91
17700,44
17701,44
17702,195
17703,49
17704,49
17705,49
17706,9
17707,28
17708,9
17710,37
17711,17
17712,28
17713,61
17714,28
17715,170
17716,56
17717,177
17718,177
17719,177
17720,177
17721,6
17722,17
17723,28
17724,64
17725,64
17726,64
17727,41
17728,41
17729,55
17730,153
17731,153
17732,45
17733,41
17734,41
17735,41
17736,119
17737,55
17738,55
17739,55
17740,41
17741,33
17742,42
17743,41
17744,41
17745,59
17746,59
17747,23
17748,23
17749,23
17750,16
17751,17
17752,42
17753,42
17754,42
17755,42
17756,16
17757,102
17758,102
17759,102
17760,102
17761,18
17762,18
17763,183
17764,183
17765,183
17766,183
17767,183
17768,183
17769,183
17770,183
17771,16
17772,16
17773,72
17774,72
17775,183
17776,183
17777,183
17778,183
17779,129
17780,38
17781,69
17782,37
17783,37
17784,5
17785,69
17786,49
17787,49
17788,49
17789,49
17790,39
17791,39
17792,101
17793,101
17794,101
17795,101
17796,34
17797,34
17798,30
17799,43
17800,37
17801,37
17802,68
17803,63
17804,63
17805,138
17806,138
17807,6
17808,53
17809,53
17810,17
17811,165
17812,44
17813,44
17814,57
17815,57
17816,57
17817,57
17818,49
17819,49
17820,49
17821,49
17822,49
17823,197
17824,7
17825,77
17826,22
17827,71
17828,22
17829,22
17830,77
17831,22
17832,22
17833,22
17834,22
17835,22
17836,22
17837,77
17838,100
17839,100
17840,100
17841,71
17842,77
17843,136
17844,136
17845,136
17846,136
17847,44
17848,44
17849,44
17850,44
17851,44
17852,44
17853,44
17854,44
17855,77
17856,44
17857,44
17858,77
17859,44
17860,44
17861,115
17862,115
17863,77
17864,37
17865,37
17866,37
17867,37
17868,5
17869,5
17870,5
17871,5
17872,5
17873,37
17874,37
17875,15
17876,115
17877,115
17878,115
17879,115
17880,84
17881,84
17882,44
17883,84
17884,84
17885,191
17886,191
17887,21
17888,21
17889,47
17890,80
17891,185
17892,185
17893,97
17894,97
17895,80
17896,22
17897,80
17898,112
17899,112
17900,98
17901,44
17902,80
17903,80
17904,37
17905,145
17906,145
17907,82
17908,102
17909,102
17910,102
17911,102
17912,102
17913,101
17914,101
17915,57
17916,57
17917,57
17918,80
17919,57
17920,57
17921,57
17922,57
17923,185
17924,57
17925,102
17926,82
17927,145
17928,145
17929,185
17930,187
17931,187
17932,26
17933,185
17934,26
17935,27
17936,26
17937,26
17938,26
17939,44
17940,39
17941,39
17942,27
17943,185
17944,17
17945,185
17946,185
17947,145
17948,44
17949,185
17950,80
17951,65
17952,41
17953,39
17954,3
17955,185
17956,185
17957,64
17958,64
17959,65
17960,65
17961,65
17962,65
17963,65
17964,65
17965,185
17966,65
17967,65
17968,32
17969,144
17970,32
17971,32
17972,144
17973,19
17974,19
17975,19
17976,19
17977,185
17978,19
17979,19
17980,19
17981,19
17982,147
17983,53
17984,53
17985,196
17986,196
17987,140
17988,185
17989,134
17990,117
17991,39
17992,39
17993,117
17994,117
17995,124
17996,179
17997,117
17998,117
17999,9
18000,9
18001,9
18002,9
18003,100
18004,50
18005,117
18006,117
18007,50
18008,9
18009,64
18010,64
18011,64
18012,70
18013,70
18014,70
18015,117
18016,131
18017,131
18018,117
18019,47
18020,41
18021,2
18022,2
18023,110
18024,117
18025,38
18026,117
18027,118
18028,118
18029,118
18030,60
18031,60
18032,60
18033,60
18034,187
18035,187
18036,187
18037,187
18038,178
18039,178
18040,178
18041,178
18042,118
18043,118
18044,118
18045,178
18046,178
18047,178
18048,95
18049,178
18050,171
18051,171
18052,187
18053,171
18054,178
18055,178
18056,178
18057,178
18058,178
18059,178
18060,178
18061,178
18062,178
18063,178
18064,178
18065,171
18066,171
18067,171
18068,171
18069,187
18070,187
18071,187
18072,117
18073,187
18074,187
18075,187
18076,187
18077,187
18078,178
18079,178
18080,178
18081,178
18082,178
18083,178
18084,178
18085,187
18086,187
18087,187
18088,178
18089,178
18090,178
18091,178
18092,60
18093,60
18094,178
18095,178
18096,178
18097,178
18098,171
18099,171
18100,171
18101,171
18102,178
18103,178
18104,178
18105,178
18106,178
18107,178
18108,178
18109,178
18110,178
18111,178
18112,178
18113,178
18114,118
18115,118
18116,171
18117,171
18118,187
18119,171
18120,187
18121,187
18122,178
18123,178
18124,178
18125,60
18126,60
18127,60
18128,95
18129,95
18130,95
18131,178
18132,95
18133,178
18134,178
18135,178
18136,187
18137,187
18138,187
18139,178
18140,95
18141,187
18142,178
18143,178
18144,178
18145,95
18146,95
18147,110
18148,60
18149,60
18150,171
18151,171
18152,187
18153,187
18154,178
18155,171
18156,171
18157,171
18158,171
18159,171
18160,60
18161,60
18162,60
18163,60
18164,178
18165,118
18166,118
18167,118
18168,118
18169,60
18170,60
18171,187
18172,187
18173,187
18174,178
18175,178
18176,178
18177,178
18178,171
18179,187
18180,187
18181,178
18182,178
18183,178
18184,171
18185,118
18186,118
18187,171
18188,171
18189,178
18190,178
18191,60
18192,60
18193,187
18194,171
18195,171
18196,171
18197,95
18198,95
18199,95
18200,118
18201,118
18202,110
18203,118
18204,118
18205,187
18206,187
18207,187
18208,187
18209,187
18210,187
18211,187
18212,187
18213,187
18214,187
18215,187
18216,187
18217,187
18218,128
18219,128
18220,187
18221,187
18222,187
18223,187
18224,187
18225,187
18226,128
18227,187
18228,187
18229,187
18230,187
18231,187
18232,187
18233,187
18234,187
18235,187
18236,128
18237,187
18238,187
18239,187
18240,187
18241,187
18242,187
18243,187
18244,187
18245,187
18246,187
18247,128
18248,187
18249,187
18250,187
18251,104
18252,104
18253,178
18254,178
18255,178
18256,178
18257,178
18258,178
18259,178
18260,178
18261,178
18262,178
18263,178
18264,178
18265,60
18266,60
18267,128
18268,178
18269,178
18270,178
18271,178
18272,178
18273,178
18274,178
18275,178
18276,60
18277,60
18278,60
18279,171
18280,187
18281,187
18282,187
18283,128
18284,187
18285,187
18286,187
18287,187
18288,187
18289,187
18290,187
18291,187
18292,187
18293,187
18294,128
18295,187
18296,187
18297,187
18298,104
18299,187
18300,187
18301,187
18302,187
18303,187
18304,187
18305,187
18306,128
18307,187
18308,187
18309,171
18310,171
18311,171
18312,118
18313,178
18314,128
18315,118
18316,118
18317,60
18318,118
18319,60
18320,187
18321,128
18322,171
18323,171
18324,128
18325,171
18326,171
18327,171
18328,171
18329,171
18330,171
18331,171
18332,171
18333,128
18334,171
18335,171
18336,171
18337,88
18338,171
18339,171
18340,171
18341,171
18342,171
18343,171
18344,88
18345,171
18346,171
18347,187
18348,187
18349,187
18350,187
18351,118
18352,118
18353,88
18354,118
18355,118
18356,118
18357,178
18358,88
18359,187
18360,187
18361,187
18362,88
18363,171
18364,171
18365,171
18366,171
18367,88
18368,187
18369,187
18370,187
18371,171
18372,171
18373,187
18374,171
18375,171
18376,171
18377,88
18378,187
18379,187
18380,171
18381,171
18382,171
18383,171
18384,178
18385,178
18386,178
18387,118
18388,118
18389,118
18390,118
18391,88
18392,54
18393,187
18394,88
18395,171
18396,171
18397,171
18398,171
18399,187
18400,171
18401,171
18402,171
18403,171
18404,171
18405,88
18406,171
18407,171
18408,178
18409,178
18410,178
18411,171
18412,171
18413,171
18414,171
18415,171
18416,88
18417,88
18418,187
18419,187
18420,187
18421,88
18422,187
18423,187
18424,187
18425,187
18426,118
18427,178
18428,178
18429,88
18430,178
18431,118
18432,118
18433,88
18434,60
18435,187
18436,187
18437,171
18438,171
18439,171
18440,60
18441,60
18442,171
18443,171
18444,171
18445,118
18446,128
18447,171
18448,171
18449,128
18450,178
18451,187
18452,187
18453,128
18454,187
18455,128
18456,171
18457,171
18458,128
18459,60
18460,60
18461,60
18462,60
18463,187
18464,187
18465,187
18466,187
18467,187
18468,187
18469,187
18470,187
18471,187
18472,187
18473,187
18474,128
18475,187
18476,187
18477,187
18478,187
18479,187
18480,171
18481,128
18482,187
18483,187
18484,187
18485,171
18486,171
18487,171
18488,128
18489,128
18490,128
18491,128
18492,171
18493,128
18494,118
18495,128
18496,187
18497,187
18498,187
18499,95
18500,187
18501,187
18502,187
18503,187
18504,171
18505,171
18506,171
18507,187
18508,187
18509,187
18510,187
18511,187
18512,187
18513,187
18514,171
18515,171
18516,187
18517,128
18518,171
18519,178
18520,171
18521,171
18522,128
18523,178
18524,178
18525,128
18526,128
18527,118
18528,178
18529,178
18530,178
18531,49
18532,171
18533,171
18534,171
18535,171
18536,171
18537,171
18538,187
18539,187
18540,187
18541,187
18542,187
18543,49
18544,171
18545,171
18546,171
18547,49
18548,49
18549,95
18550,95
18551,171
18552,171
18553,60
18554,178
18555,178
18556,178
18557,178
18558,108
18559,60
18560,60
18561,60
18562,118
18563,118
18564,187
18565,187
18566,187
18567,187
18568,178
18569,187
18570,178
18571,178
18572,178
18573,187
18574,171
18575,95
18576,95
18577,171
18578,171
18579,171
18580,80
18581,107
18582,107
18583,107
18584,17
18585,65
18586,110
18587,110
18588,45
18589,45
18590,1
18591,1
18592,0
18593,0
18594,0
18595,0
18596,0
18597,0
18598,0
18599,0
18600,1
18601,1
18602,0
18603,61
18604,81
18605,145
18606,145
18607,145
18608,41
18609,41
18610,45
18611,45
18612,45
18613,45
18614,68
18615,68
18616,115
18617,3
18618,3
18619,107
18620,0
18621,1
18622,0
18623,0
18624,0
18625,54
18626,54
18627,54
18628,54
18629,17
18630,17
18631,17
18632,17
18633,17
18634,17
18635,17
18636,159
18637,159
18638,159
18639,159
18640,159
18641,159
18642,159
18643,159
18644,159
18645,159
18646,24
18647,96
18648,96
18649,96
18650,96
18651,96
18652,96
18653,96
18654,96
18655,96
18656,96
18657,96
18658,96
18659,96
18660,96
18661,30
18662,159
18663,29
18664,29
18665,17
18666,17
18667,17
18668,17
18669,17
18670,17
18671,49
18672,186
18673,186
18674,23
18675,23
18676,60
18677,117
18678,117
18679,163
18680,51
18681,51
18682,51
18683,51
18684,51
18685,51
18686,137
18687,137
18688,137
18689,137
18690,137
18691,137
18692,162
18693,162
18694,162
18695,162
18696,57
18697,57
18698,114
18699,23
18700,23
18701,167
18702,167
18703,42
18704,42
18705,42
18706,55
18707,55
18708,41
18709,41
18710,41
18711,149
18712,149
18713,149
18714,177
18715,104
18716,83
18717,80
18718,196
18719,179
18723,179
18724,179
18725,179
18726,54
18727,110
18728,110
18729,76
18730,154
18731,0
18732,0
18733,0
18734,115
18735,32
18736,32
18737,32
18738,32
18739,141
18740,141
18741,141
18742,141
18743,141
18744,102
18745,102
18746,112
18747,41
18748,41
18749,32
18750,8
18751,65
18752,65
18753,65
18754,45
18755,45
18756,45
18757,45
18758,45
18759,45
18760,45
18761,45
18762,45
18763,45
18764,45
18765,29
18766,45
18767,45
18768,30
18769,85
18770,85
18771,85
18772,85
18773,167
18774,167
18775,167
18776,167
18777,167
18778,167
18779,167
18780,123
18781,123
18782,123
18783,167
18784,85
18785,85
18786,85
18787,167
18788,167
18789,85
18790,85
18791,88
18792,88
18793,88
18794,88
18795,88
18796,88
18797,88
18798,88
18799,88
18800,88
18801,159
18802,88
18803,88
18804,88
18805,88
18806,88
18807,159
18808,159
18809,159
18810,159
18811,116
18812,116
18813,116
18814,116
18815,116
18816,116
18817,167
18818,167
18819,167
18820,167
18821,167
18822,167
18823,116
18824,167
18825,167
18826,167
18827,167
18828,167
18829,167
18830,167
18831,167
18832,122
18833,167
18834,167
18835,167
18836,122
18837,167
18838,34
18839,75
18840,34
18841,34
18842,34
18843,34
18844,34
18845,34
18846,34
18847,75
18848,75
18849,142
18850,55
18851,97
18852,77
18853,107
18854,107
18855,107
18856,80
18857,105
18858,105
18859,105
18860,105
18861,80
18862,80
18863,107
18864,107
18865,107
18866,105
18867,105
18868,107
18869,107
18870,107
18871,80
18872,107
18873,49
18874,80
18875,80
18876,80
18877,80
18878,80
18879,80
18880,80
18881,80
18882,80
18883,80
18884,49
18885,107
18886,107
18887,49
18888,49
18889,49
18890,49
18891,49
18892,49
18893,49
18894,47
18895,30
18896,45
18897,45
18898,45
18899,45
18900,45
18901,178
18902,187
18903,137
18904,137
18905,3
18906,3
18907,3
18908,3
18909,71
18910,71
18911,71
18912,155
18913,155
18914,155
18915,164
18916,175
18917,164
18918,95
18919,171
18920,171
18921,118
18922,118
18923,118
18924,200
18925,200
18926,96
18927,96
18928,200
18929,200
18930,200
18931,200
18932,200
18933,200
18934,200
18935,200
18936,96
18937,200
18938,200
18939,200
18940,159
18941,159
18942,159
18943,159
18944,159
18945,159
18946,159
18947,159
18948,30
18949,162
18950,51
18951,51
18952,64
18953,51
18954,90
18955,90
18956,90
18957,176
18958,176
18959,171
18960,64
18961,71
18962,71
18963,71
18964,64
18965,78
18966,78
18967,115
18968,171
18969,178
18970,171
18971,171
18972,171
18973,171
18974,171
18975,177
18976,177
18977,177
18978,177
18979,177
18980,64
18981,177
18982,177
18983,177
18984,127
18985,127
18986,83
18987,83
18988,83
18989,83
18990,83
18991,64
18992,6
18993,6
18994,6
18995,87
18996,87
18997,64
18998,87
18999,6
19000,6
19001,6
19002,87
19003,87
19004,87
19005,6
19006,87
19007,101
19008,101
19009,101
19010,87
19011,6
19012,47
19013,6
19014,47
19015,87
19016,47
19017,47
19018,47
19019,6
19020,64
19021,141
19022,42
19023,42
19024,97
19025,42
19026,42
19027,42
19028,42
19029,42
19030,64
19031,97
19032,97
19033,42
19034,42
19035,42
19036,42
19037,97
19038,97
19039,42
19040,42
19041,42
19042,42
19043,42
19044,97
19045,42
19046,42
19047,42
19048,97
19049,97
19050,97
19051,64
19052,42
19053,97
19054,42
19055,97
19056,64
19057,42
19058,42
19059,42
19060,42
19061,97
19062,97
19063,97
19064,64
19065,42
19066,97
19067,42
19068,97
19069,97
19070,97
19071,97
19072,97
19073,97
19074,97
19075,97
19076,97
19077,64
19078,116
19079,39
19080,92
19081,32
19082,92
19083,59
19084,59
19085,59
19086,59
19087,59
19088,59
19089,59
19090,59
19091,64
19092,79
19093,79
19094,79
19095,35
19096,35
19097,35
19098,35
19099,35
19100,35
19101,79
19102,79
19103,79
19104,79
19105,79
19106,79
19107,79
19108,35
19109,79
19110,79
19111,35
19112,64
19113,79
19114,79
19115,79
19116,79
19117,79
19118,79
19119,79
19120,79
19121,79
19122,35
19123,79
19124,79
19125,64
19126,79
19127,35
19128,153
19129,55
19130,55
19131,55
19132,55
19133,55
19134,55
19135,55
19136,64
19137,55
19138,55
19139,64
19140,38
19141,59
19142,47
19143,47
19144,47
19145,159
19146,159
19147,7
19148,64
19149,7
19150,65
19151,49
19152,49
19153,49
19154,49
19155,49
19156,49
19157,49
19158,49
19159,49
19160,49
19161,64
19162,186
19163,49
19164,49
19165,64
19166,193
19167,193
19168,64
19169,64
19170,10
19171,10
19172,10
19173,64
19174,64
19175,0
19176,0
19177,124
19178,124
19179,142
19180,124
19181,124
19182,64
19183,124
19184,142
19185,142
19186,142
19187,142
19188,64
19189,142
19190,142
19191,142
19192,142
19193,124
19194,124
19195,124
19196,124
19197,124
19198,124
19199,103
19200,103
19201,103
19202,103
19203,103
19204,16
19205,67
19206,67
19207,67
19208,67
19209,67
19210,169
19211,169
19212,13
19213,13
19214,169
19215,31
19216,31
19217,31
19218,31
19219,31
19220,96
19221,32
19222,32
19223,161
19224,64
19225,161
19226,59
19227,59
19228,59
19229,59
19230,59
19231,59
19232,59
19233,59
19234,59
19235,59
19236,59
19237,23
19238,64
19239,64
19240,88
19241,88
19242,128
19243,128
19244,128
19245,128
19246,128
19247,128
19248,128
19249,128
19250,128
19251,128
19252,128
19253,128
19254,128
19255,128
19256,64
19257,88
19258,88
19259,88
19260,88
19261,88
19262,88
19263,128
19264,88
19265,128
19266,88
19267,128
19268,128
19269,64
19270,128
19271,128
19272,88
19273,64
19274,88
19275,142
19276,128
19277,142
19278,142
19279,128
19280,142
19281,142
19282,142
19283,142
19284,88
19285,142
19286,142
19287,142
19288,142
19289,142
19290,142
19291,88
19292,142
19293,142
19294,106
19295,106
19296,64
19297,106
19298,106
19299,106
19300,106
19301,106
19302,106
19303,106
19304,49
19305,180
19306,180
19307,180
19308,180
19309,49
19310,49
19311,180
19312,49
19313,64
19314,49
19315,106
19316,106
19317,49
19318,49
19319,106
19320,49
19321,180
19322,49
19323,49
19324,64
19325,106
19326,106
19327,43
19328,49
19329,188
19330,112
19331,107
19332,107
19333,49
19334,49
19335,49
19336,49
19337,49
19338,49
19339,49
19340,49
19341,64
19342,49
19343,49
19344,49
19345,49
19346,97
19347,59
19348,59
19349,1
19350,1
19351,1
19352,59
19353,1
19354,1
19355,64
19356,59
19357,1
19358,59
19359,1
19360,1
19361,1
19362,1
19363,1
19364,1
19365,1
19366,1
19367,64
19368,60
19369,60
19370,60
19371,178
19372,60
19373,17
19374,54
19375,54
19376,54
19377,64
19378,45
19379,83
19380,47
19381,97
19382,35
19383,64
19384,54
19385,54
19386,54
19387,54
19388,54
19389,64
19390,177
19391,64
19392,41
19393,0
19394,121
19395,121
19396,8
19397,61
19398,61
19399,64
19400,64
19401,64
19402,186
19403,64
19404,60
19405,60
19406,17
19407,17
19408,17
19409,17
19410,110
19411,110
19412,64
19413,41
19414,41
19415,41
19416,41
19417,64
19418,24
19419,7
19420,14
19421,14
19422,14
19423,108
19424,147
19425,90
19426,90
19427,90
19428,83
19429,83
19430,83
19431,83
19432,83
19433,51
19434,51
19435,51
19436,51
19437,7
19438,195
19439,195
19440,195
19441,195
19442,96
19443,96
19444,173
19445,173
19446,173
19447,7
19448,102
19449,102
19450,102
19451,102
19452,102
19453,102
19454,102
19455,106
19456,90
19457,90
19458,90
19459,90
19460,90
19461,90
19462,90
19463,90
19464,90
19465,56
19466,56
19467,177
19468,165
19469,149
19470,165
19471,165
19472,96
19473,96
19474,96
19475,96
19476,49
19477,49
19478,49
19479,11
19480,11
19481,11
19482,11
19483,11
19484,11
19485,11
19486,11
19487,11
19488,11
19489,4
19490,4
19491,36
19492,130
19493,195
19494,195
19495,195
19496,53
19497,39
19498,39
19499,6
19500,40
19501,6
19502,6
19503,6
19504,55
19505,6
19506,24
19507,24
19508,24
19509,24
19510,24
19511,24
19512,70
19513,32
19514,32
19515,32
19516,32
19517,6
19518,110
19519,110
19520,77
19521,45
19522,45
19523,45
19524,45
19525,45
19526,45
19527,47
19528,47
19529,47
19530,47
19531,17
19532,17
19533,47
19534,42
19535,42
19536,47
19537,47
19538,26
19539,26
19540,26
19541,26
19542,47
19543,26
19544,26
19545,47
19546,47
19547,44
19548,44
19549,44
19550,47
19551,44
19552,44
19553,44
19554,53
19555,53
19556,47
19557,53
19558,47
19559,53
19560,53
19561,53
19562,53
19563,39
19564,39
19565,39
19566,39
19567,47
19568,39
19569,39
19570,39
19571,39
19572,39
19573,39
19574,39
19575,39
19576,7
19577,7
19578,47
19579,39
19580,7
19581,39
19582,47
19583,47
19584,42
19585,88
19586,47
19587,59
19588,59
19589,59
19590,59
19591,3
19592,59
19593,173
19594,173
19595,78
19596,78
19597,179
19598,179
19599,173
19600,97
19601,97
19602,97
19603,173
19604,178
19605,187
19606,187
19607,173
19608,71
19609,187
19610,187
19611,173
19612,60
19613,48
19614,48
19615,23
19616,173
19617,173
19618,16
19619,16
19620,119
19621,123
19622,159
19623,60
19624,38
19625,173
19626,173
19627,173
19628,52
19629,157
19630,68
19631,173
19632,173
19633,47
19634,118
19635,0
19636,82
19637,0
19638,45
19639,70
19640,23
19641,23
19642,23
19643,82
19644,85
19645,82
19646,71
19647,3
19648,3
19649,3
19650,82
19651,3
19652,3
19653,3
19654,3
19655,3
19656,3
19657,59
19658,82
19659,3
19660,3
19661,3
19662,3
19663,3
19664,3
19665,82
19666,71
19667,71
19668,78
19669,78
19670,78
19671,72
19672,3
19673,78
19674,188
19675,82
19676,82
19677,45
19678,196
19679,48
19680,82
19681,162
19682,102
19683,109
19684,109
19685,96
19686,95
19687,95
19688,95
19689,95
19690,95
19691,187
19692,95
19693,102
19694,95
19695,95
19696,72
19697,72
19698,41
19699,178
19700,178
19701,60
19702,102
19703,60
19704,60
19705,60
19706,85
19707,85
19708,85
19709,85
19710,85
19711,102
19712,85
19713,85
19714,167
19715,102
19716,102
19717,123
19718,85
19719,102
19720,122
19721,97
19722,188
19723,102
19724,96
19725,96
19726,96
19727,96
19728,141
19729,102
19730,141
19731,161
19732,161
19733,43
19734,102
19735,43
19736,162
19737,102
19738,37
19739,37
19740,37
19741,102
19742,102
19743,102
19744,37
19745,15
19746,17
19747,98
19748,141
19749,141
19750,102
19751,171
19752,106
19753,106
19754,106
19755,130
19756,51
19757,51
19758,177
19759,177
19760,51
19761,51
19762,90
19763,90
19764,90
19765,90
19766,90
19767,90
19768,90
19769,90
19770,90
19771,14
19772,14
19773,59
19774,59
19775,59
19776,179
19777,179
19778,179
19779,179
19780,157
19781,157
19782,118
19783,118
19784,157
19785,118
19786,97
19787,0
19788,0
19789,18
19790,18
19791,187
19792,97
19793,97
19794,97
19795,97
19796,97
19797,17
19798,17
19799,138
19800,138
19801,107
19802,106
19803,71
19804,6
19805,59
19806,59
19807,3
19808,59
19809,3
19810,59
19811,59
19812,59
19813,23
19814,166
19815,166
19816,166
19817,166
19818,186
19819,186
19820,186
19821,186
19822,186
19823,15
19824,96
19825,62
19826,97
19827,97
19828,97
19829,97
19830,47
19831,41
19832,59
19833,47
19834,119
19835,119
19836,129
19837,129
19838,129
19839,0
19840,0
19841,0
19842,0
19843,0
19844,0
19845,0
19846,90
19847,90
19848,51
19849,51
19850,51
19851,51
19852,47
19853,80
19854,80
19855,80
19856,80
19857,80
19858,80
19859,80
19860,49
19861,107
19862,47
19863,107
19864,107
19865,59
19866,59
19867,93
19868,93
19869,47
19870,132
19871,23
19872,23
19873,23
19874,23
19875,79
19876,47
19877,75
19878,2
19879,2
19880,3
19881,79
19882,79
19883,99
19884,99
19885,99
19888,79
19889,79
19890,173
19891,0
19892,0
19893,0
19894,0
19895,0
19896,0
19897,59
19898,0
19899,0
19900,0
19901,0
19902,173
19903,0
19904,76
19905,76
19906,23
19907,23
19908,23
19909,23
19910,23
19911,23
19912,23
19913,23
19914,173
19915,23
19916,23
19917,23
19918,38
19919,173
19920,38
19921,38
19922,38
19923,38
19924,110
19925,110
19926,110
19927,173
19928,38
19929,38
19930,38
19931,18
19932,18
19933,18
19934,18
19935,173
19936,18
19937,18
19938,9
19939,9
19940,9
19941,9
19942,157
19943,157
19944,157
19945,64
19946,157
19947,172
19948,73
19949,73
19950,64
19951,64
19952,64
19953,64
19954,64
19955,64
19956,82
19957,18
19958,70
19959,82
19960,188
19961,188
19962,157
19963,157
19964,38
19965,82
19966,38
19967,32
19968,100
19969,188
19970,188
19971,32
19972,38
19973,38
19974,38
19975,188
19976,188
19977,82
19978,188
19979,38
19980,38
19981,38
19982,38
19983,38
19984,38
19985,19
19986,70
19987,70
19988,82
19989,18
19990,18
19991,82
19992,16
19993,16
19994,16
19995,86
19996,86
19997,86
19998,82
19999,99
20000,99
20001,34
20002,82
20003,82
20004,112
20005,114
20006,71
20007,71
20008,71
20009,82
20010,103
20011,103
20012,82
20013,5
20014,103
20015,102
20016,82
20017,183
20018,183
20019,102
20020,73
20021,73
20022,183
20023,18
20024,18
20025,67
20026,67
20027,67
20028,183
20029,183
20030,102
20031,73
20032,73
20033,18
20034,18
20035,18
20036,102
20037,18
20038,3
20039,116
20040,116
20041,102
20042,134
20043,167
20044,41
20045,41
20046,41
20047,41
20048,41
20049,102
20050,55
20051,140
20052,55
20053,55
20054,55
20055,140
20056,55
20057,55
20058,55
20059,55
20060,55
20061,14
20062,14
20063,14
20064,55
20065,14
20066,102
20067,153
20068,102
20069,153
20070,153
20071,55
20072,24
20073,102
20074,153
20075,147
20076,110
20077,110
20078,157
20079,157
20080,153
20081,153
20082,153
20083,153
20084,153
20085,97
20086,97
20087,180
20088,180
20089,180
20090,180
20091,180
20092,180
20093,180
20094,180
20095,124
20096,167
20097,167
20098,167
20099,167
20100,167
20101,116
20102,116
20103,116
20104,116
20105,116
20106,116
20107,116
20108,116
20109,116
20110,116
20111,122
20112,122
20113,122
20114,122
20115,122
20116,122
20117,122
20118,122
20119,122
20120,122
20121,167
20122,167
20123,54
20124,85
20125,85
20126,85
20127,85
20128,140
20129,140
20130,140
20131,140
20132,42
20133,85
20134,85
20135,85
20136,55
20137,55
20138,55
20139,55
20140,140
20141,9
20142,9
20143,9
20144,92
20145,113
20146,113
20147,113
20148,113
20149,153
20150,0
20151,99
20152,0
20153,0
20154,154
20155,58
20156,58
20157,58
20158,58
20159,159
20160,159
20161,142
20162,142
20163,142
20164,88
20165,44
20166,44
20167,44
20168,69
20169,69
20170,154
20171,154
20172,154
20173,154
20174,154
20175,82
20176,63
20177,164
20178,164
20179,81
20180,81
20181,154
20182,154
20183,154
20184,154
20185,175
20186,154
20187,58
20188,30
20189,30
20190,145
20191,88
20192,88
20193,142
20194,142
20195,142
20196,142
20197,88
20198,88
20199,88
20200,88
20201,88
20202,88
20203,88
20204,88
20205,88
20206,88
20207,88
20208,88
20209,88
20210,142
20211,142
20212,161
20213,49
20214,159
20215,159
20216,88
20217,68
20218,88
20219,88
20220,88
20221,128
20222,128
20223,128
20224,88
20225,102
20226,102
20227,173
20228,173
20229,51
20230,51
20231,177
20232,68
20233,68
20234,68
20235,68
20236,68
20237,57
20238,57
20239,57
20240,68
20241,68
20242,68
20243,68
20244,68
20245,68
20246,68
20247,68
20248,68
20249,68
20250,84
20251,84
20252,84
20253,84
20254,68
20255,56
20256,56
20257,56
20258,56
20259,56
20260,56
20261,68
20262,68
20263,47
20264,47
20265,104
20266,104
20267,191
20268,104
20269,6
20270,6
20271,104
20272,143
20273,56
20274,56
20275,47
20276,47
20277,143
20278,143
20279,87
20280,87
20281,87
20282,87
20283,87
20284,170
20285,170
20286,47
20287,47
20288,47
20289,47
20290,191
20291,102
20292,102
20293,102
20294,102
20295,102
20296,102
20297,191
20298,141
20299,82
20300,82
20301,191
20302,191
20303,191
20304,0
20305,0
20306,0
20307,0
20308,0
20309,0
20310,0
20311,0
20312,0
20313,0
20314,0
20315,191
20316,0
20317,0
20318,187
20319,63
20320,6
20321,6
20322,6
20323,6
20324,6
20325,6
20326,6
20327,6
20328,6
20329,6
20330,6
20331,6
20332,6
20333,89
20334,191
20335,89
20336,191
20337,61
20338,186
20339,107
20340,191
20341,49
20342,49
20343,186
20344,191
20345,17
20346,191
20347,175
20348,96
20349,96
20350,96
20351,96
20352,96
20353,200
20354,137
20355,137
20356,1
20357,1
20358,129
20359,86
20360,86
20361,0
20362,69
20363,103
20364,190
20365,6
20366,90
20367,90
20368,90
20369,90
20370,119
20371,115
20372,200
20373,101
20374,101
20375,101
20376,37
20377,37
20378,42
20379,51
20380,51
20381,51
20382,49
20383,80
20384,49
20385,107
20386,107
20387,49
20388,49
20389,80
20390,107
20391,107
20392,107
20393,159
20394,159
20395,123
20396,3
20397,1
20398,1
20399,1
20400,49
20401,80
20402,192
20403,192
20404,71
20405,42
20406,42
20407,83
20408,127
20409,127
20410,127
20411,6
20412,54
20413,121
20414,39
20415,39
20416,39
20417,21
20418,130
20419,130
20420,136
20421,136
20422,39
20423,53
20424,53
20425,39
20426,29
20427,29
20428,29
20429,29
20430,69
20431,29
20432,29
20433,29
20434,29
20435,29
20436,29
20437,29
20438,29
20441,17
20442,17
20443,0
20444,0
20445,0
20446,59
20447,0
20448,0
20449,0
20450,0
20451,0
20452,0
20453,0
20454,0
20455,80
20456,148
20457,148
20458,148
20459,24
20460,148
20461,148
20462,148
20463,88
20464,88
20465,88
20466,88
20467,88
20468,124
20469,128
20470,128
20471,110
20472,18
20473,18
20474,45
20475,38
20476,38
20477,110
20478,110
20479,110
20480,110
20481,110
20482,110
20483,187
20484,48
20485,48
20486,118
20487,118
20488,186
20489,186
20490,48
20491,48
20492,178
20493,1
20494,171
20495,171
20496,171
20497,171
20498,171
20499,171
20500,0
20501,0
20502,0
20503,0
20504,1
20505,1
20506,187
20507,187
20508,129
20509,129
20510,129
20511,129
20512,129
20513,132
20514,3
20515,71
20516,71
20517,59
20519,86
20520,86
20521,86
20522,15
20523,15
20524,15
20525,37
20526,37
20527,37
20528,37
20529,119
20530,119
20531,115
20532,115
20533,115
20534,115
20535,103
20536,16
20537,16
20538,103
20539,1
20540,1
20541,115
20542,115
20543,115
20544,115
20545,115
20546,115
20547,115
20548,115
20549,115
20550,115
20551,115
20552,188
20553,188
20554,188
20555,15
20556,67
20557,64
20561,5
20562,5
20563,5
20564,157
20565,157
20566,157
20567,157
20568,157
20569,9
20570,9
20571,9
20572,22
20573,10
20574,10
20575,40
20576,11
20577,40
20578,40
20579,40
20580,40
20581,40
20582,40
20583,114
20584,114
20585,114
20586,36
20587,36
20588,36
20589,36
20590,11
20591,11
20592,11
20593,11
20594,11
20595,11
20596,11
20597,11
20598,11
20599,11
20600,11
20601,190
20602,31
20603,27
20604,27
20605,51
20606,51
20607,3
20608,104
20609,104
20610,44
20611,26
20612,26
20613,26
20614,26
20615,51
20616,109
20617,109
20618,109
20619,109
20620,109
20621,109
20622,109
20623,109
20624,109
20625,109
20626,109
20627,109
20628,109
20629,109
20630,109
20631,109
20632,109
20633,109
20634,109
20635,109
20636,109
20637,109
20638,109
20639,177
20640,109
20641,109
20642,149
20643,141
20644,175
20645,90
20646,90
20647,170
20648,106
20649,106
20650,177
20651,177
20652,70
20653,108
20654,108
20655,108
20656,113
20657,113
20658,113
20659,113
20660,113
20661,113
20662,113
20663,113
20664,113
20665,113
20666,113
20667,113
20668,113
20669,113
20670,113
20671,138
20672,138
20673,138
20674,138
20675,148
20676,148
20677,102
20678,102
20680,55
20681,101
20682,101
20683,186
20684,191
20685,191
20686,191
20687,102
20688,191
20689,137
20690,137
20691,137
20692,137
20693,102
20694,137
20695,47
20696,102
20697,6
20698,6
20699,6
20700,6
20701,6
20702,6
20703,6
20704,6
20705,6
20706,84
20707,84
20708,57
20709,57
20710,68
20711,101
20712,101
20713,101
20714,101
20715,101
20716,101
20717,101
20718,101
20719,101
20720,39
20721,39
20722,39
20723,39
20724,44
20725,136
20726,53
20727,182
20728,195
20729,195
20730,195
20731,195
20732,195
20733,195
20734,122
20735,52
20736,52
20737,52
20738,52
20739,30
20740,30
20741,30
20742,148
20743,30
20744,30
20745,30
20746,122
20747,29
20748,185
20749,185
20750,185
20751,61
20752,30
20753,30
20754,30
20755,195
20756,195
20757,195
20758,195
20759,195
20760,195
20761,185
20762,121
20763,121
20764,121
20765,121
20766,121
20767,169
20768,169
20769,169
20770,169
20771,169
20772,169
20773,169
20774,8
20775,196
20776,196
20777,196
20778,196
20779,21
20780,121
20781,22
20782,22
20783,21
20784,21
20785,21
20786,21
20787,21
20788,21
20789,21
20790,21
20791,21
20792,21
20793,21
20794,21
20795,21
20796,21
20797,21
20798,196
20799,14
20800,21
20801,22
20802,22
20803,7
20804,7
20805,7
20806,7
20807,122
20808,44
20809,44
20810,44
20811,44
20812,44
20813,44
20814,14
20815,14
20816,63
20817,14
20818,14
20819,22
20820,122
20821,22
20822,194
20823,43
20824,194
20825,193
20826,193
20827,193
20828,193
20829,22
20830,22
20831,22
20832,22
20833,22
20834,22
20835,22
20836,22
20837,22
20838,134
20839,135
20840,42
20841,42
20842,42
20843,42
20844,42
20845,42
20846,196
20847,8
20848,140
20849,140
20850,192
20851,192
20852,41
20853,65
20854,65
20855,65
20856,65
20857,65
20858,77
20859,77
20860,45
20861,45
20862,45
20863,49
20864,49
20865,49
20866,49
20867,49
20868,49
20869,49
20870,49
20871,49
20872,49
20873,49
20874,45
20875,24
20876,77
20877,97
20878,97
20879,97
20880,41
20881,17
20882,124
20883,17
20884,49
20885,49
20886,192
20887,192
20888,192
20889,192
20890,192
20891,192
20892,192
20893,192
20894,192
20895,192
20896,192
20897,42
20898,42
20899,141
20900,114
20901,114
20902,50
20903,188
20904,63
20905,186
20906,69
20907,69
20908,42
20909,143
20910,134
20911,134
20912,66
20913,66
20914,97
20917,140
20918,21
20919,186
20920,16
20921,31
20922,118
20923,131
20924,92
20925,92
20926,92
20927,148
20928,119
20929,157
20930,54
20931,167
20932,97
20933,97
20934,85
20935,54
20936,42
20937,42
20938,103
20939,115
20940,115
20941,47
20942,40
20943,92
20944,92
20945,92
20946,103
20947,103
20948,97
20949,54
20950,114
20951,57
20952,104
20953,15
20954,45
20955,97
20956,97
20957,80
20958,80
20959,107
20960,97
20961,97
20962,97
20963,54
20964,54
20965,17
20966,17
20967,65
20968,0
20969,0
20970,110
20971,41
20972,41
20973,157
20974,41
20975,123
20976,123
20977,45
20978,45
20979,110
20980,77
20981,32
20982,78
20983,71
20984,2
20985,115
20986,47
20987,29
20988,29
20989,29
20990,29
20991,29
20992,29
20993,29
20994,29
20995,54
20996,70
20997,109
20998,36
20999,36
21000,110
21001,47
21002,55
21003,55
21004,110
21005,110
21006,110
21007,188
21008,153
21009,153
21010,18
21011,147
21012,147
21013,147
21014,147
21015,29
21016,29
21017,45
21018,67
21019,108
21020,104
21021,104
21022,104
21023,104
21024,155
21025,29
21026,29
21027,29
21028,29
21029,104
21030,29
21031,90
21032,30
21033,49
21034,29
21035,69
21036,69
21037,69
21038,187
21039,115
21040,29
21041,29
21042,17
21043,17
21044,63
21045,17
21046,104
21047,104
21048,104
21049,104
21050,104
21051,104
21052,67
21053,67
21054,49
21055,86
21056,106
21057,106
21058,106
21059,69
21060,69
21061,63
21062,63
21063,33
21064,187
21065,90
21066,90
21067,28
21068,69
21069,54
21070,97
21071,97
21072,50
21073,70
21074,81
21075,81
21076,81
21077,81
21078,81
21079,30
21080,105
21081,3
21082,3
21083,134
21084,177
21085,115
21086,115
21087,89
10000000,15
10000001,38
10000002,28
10000003,126
10000004,149
10000005,165
10000006,176
10000007,109
10000008,8
10000009,80
10000010,116
10000011,139
10000012,104
10000013,179
10000014,70
10000015,147
10000016,151
10000017,94
10000018,160
10000019,0
10000020,24
10000021,142
10000022,24
10000023,115
10000024,119
10000025,86
10000026,1
10000027,119
10000028,115
10000029,115
10000030,129
10000031,0
10000032,129
10000033,193
10000034,9
10000035,119
10000036,137
10000037,141
10000038,137
10000039,108
10000040,197
10000041,162
10000042,137
10000043,31
10000044,108
10000045,120
10000046,78
10000047,4
10000048,62
10000049,163
10000050,163
10000051,52
10000052,52
10000053,182
10000054,195
10000055,9
10000056,199
10000057,182
10000058,152
10000059,199
10000060,10
10000061,198
10000062,130
10000063,184
10000064,190
10000065,11
10000066,12
10000067,182
10000068,22
10000069,10
10000070,51
10000071,57
10000072,114
10000073,188
10000074,72
10000075,3
10000076,166
10000077,75
10000078,3
10000079,2
10000080,2
10000081,74
10000082,3
10000083,3
10000084,74
10000085,59
10000086,60
10000087,76
10000088,132
10000089,132
10000090,23
10000091,118
10000092,132
10000093,23
10000094,23
10000095,23
10000096,23
10000097,59
10000098,191
10000099,56
10000100,48
10000101,60
10000102,151
10000103,94
10000104,186
10000105,46
10000106,46
10000107,143
10000108,143
10000109,48
10000110,48
10000111,94
10000112,48
10000113,1
10000114,156
10000115,103
10000116,99
10000117,93
10000118,79
10000119,34
10000120,172
10000121,181
10000122,35
10000123,34
10000124,103
10000125,67
10000126,103
10000127,103
10000128,103
10000129,16
10000130,15
10000131,16
10000132,15
10000133,37
10000134,37
10000135,5
10000136,5
10000137,5
10000138,5
10000139,158
10000140,14
10000141,100
10000142,67
10000143,144
10000144,131
10000145,144
10000146,144
10000147,144
10000148,100
10000149,131
10000150,131
10000151,32
10000152,92
10000153,92
10000154,131
10000155,32
10000156,14
10000157,169
10000158,10
10000159,169
10000160,55
10000161,153
10000162,38
10000163,113
10000164,70
10000165,92
10000166,122
10000167,189
10000168,53
10000169,22
10000170,157
10000171,136
10000172,146
10000173,27
10000174,21
10000175,146
10000176,146
10000177,66
10000178,53
10000179,196
10000180,21
10000181,36
10000182,49
10000183,44
10000184,161
10000185,180
10000186,88
10000187,128
10000188,128
10000189,140
10000190,89
10000191,6
10000192,47
10000193,47
10000194,29
10000195,154
10000196,170
10000197,168
10000198,154
10000199,154
10000200,36
10000201,69
10000202,125
10000203,125
10000204,61
10000205,29
10000206,29
10000207,27
10000208,63
10000209,106
10000210,105
10000211,148
10000212,105
10000213,105
10000214,63
10000215,30
10000216,111
10000217,194
10000218,161
10000219,159
10000220,90
10000221,84
10000222,84
10000223,83
10000224,83
10000225,81
10000226,47
10000227,81
10000228,173
10000229,81
10000230,84
10000231,51
10000232,105
10000233,138
10000234,102
10000235,51
10000236,68
10000237,148
10000238,57
10000239,145
10000240,145
10000241,82
10000242,145
10000243,139
10000244,139
10000245,164
10000246,82
10000247,96
10000248,175
10000249,24
10000250,38
10000251,19
10000252,73
10000253,19
10000254,19
10000255,183
10000256,20
10000257,183
10000258,7
10000259,91
10000260,91
10000261,91
10000262,40
10000263,185
10000264,121
10000265,40
10000266,17
10000267,17
10000268,65
10000269,17
10000270,33
10000271,98
10000272,135
10000273,33
10000274,135
10000275,98
10000276,135
10000277,33
10000278,134
10000279,33
10000280,33
10000281,45
10000282,45
10000283,65
10000284,65
10000285,107
10000286,42
10000287,41
10000288,41
10000289,41
10000290,42
10000291,41
10000292,45
10000293,135
10000294,25
10000295,134
10000296,42
10000297,33
10000298,133
10000299,28
10000300,54
10000301,147
10000302,24
10000303,133
10000304,55
10000305,24
10000306,24
10000307,118
10000308,118
10000309,178
10000310,155
10000311,178
10000312,155
10000313,95
10000314,187
10000315,187
10000316,187
10000317,187
10000318,171
10000319,171
10000320,171
10000321,171
10000322,178
10000323,178
10000324,178
10000325,60
10000326,118
10000327,178
