node_id,community_id
0,0
1,0
2,1
3,1
4,2
5,2
6,3
7,3
8,4
9,4
10,4
11,3
12,5
13,6
14,6
15,7
16,7
17,7
18,7
19,7
20,8
21,8
22,8
23,6
24,6
25,8
26,8
27,8
28,9
29,9
30,10
31,10
32,10
33,10
34,9
35,10
36,9
37,3
38,3
39,11
40,11
41,3
42,3
43,11
44,3
45,3
46,11
47,12
48,12
49,12
50,13
51,13
52,14
53,15
54,15
55,2
56,2
57,16
58,16
59,16
60,2
61,2
62,17
63,17
64,18
65,18
66,18
67,18
68,18
69,18
70,19
71,19
72,19
73,20
74,20
75,20
76,20
77,20
78,20
79,20
80,20
81,20
82,20
83,21
84,21
85,22
86,22
87,22
88,6
89,6
90,22
91,22
92,22
93,6
94,23
95,24
96,24
97,25
98,26
99,26
100,23
101,26
102,25
103,27
104,27
105,27
106,28
107,28
108,28
109,27
110,28
111,28
112,29
113,29
114,1
115,1
116,1
117,29
118,1
119,1
120,1
121,1
122,1
123,1
124,1
125,1
126,1
127,1
128,5
129,5
130,29
131,5
132,29
133,10
134,10
135,10
136,21
137,29
138,12
139,12
140,12
141,20
142,20
143,15
144,15
145,15
146,15
147,15
148,15
149,20
150,15
151,15
152,15
153,15
154,15
155,15
156,20
157,30
158,30
159,30
160,30
161,20
162,20
163,30
164,30
165,30
166,30
167,30
168,20
169,30
170,30
171,30
172,30
173,31
174,31
175,12
176,12
177,12
178,31
179,32
180,32
181,32
182,32
183,31
184,31
185,33
186,34
187,33
188,34
189,34
190,34
191,31
192,34
193,34
194,31
195,34
196,34
197,34
198,34
199,35
200,31
201,35
202,16
203,16
204,16
205,16
206,35
207,10
208,10
209,6
210,6
211,10
212,10
213,10
214,10
215,10
216,36
217,36
218,10
219,10
220,21
221,21
222,21
223,21
224,21
225,21
226,21
227,36
228,37
229,37
230,38
231,38
232,38
233,37
234,5
235,5
236,37
237,33
238,33
239,39
240,39
241,39
242,33
243,40
244,40
245,20
246,41
247,41
248,41
249,41
250,41
251,14
252,14
253,41
254,41
255,42
256,42
257,14
258,11
259,11
260,43
261,43
262,44
263,44
264,44
265,43
266,45
267,45
268,45
269,45
270,46
271,47
272,47
273,47
274,46
275,43
276,35
277,35
278,35
279,43
280,43
281,42
282,42
283,42
284,48
285,48
286,48
287,43
288,48
289,48
290,48
291,48
292,48
293,48
294,48
295,43
296,34
297,34
298,34
299,34
300,48
301,43
302,43
303,49
304,49
305,49
306,43
307,43
308,43
309,50
310,50
311,50
312,51
313,51
314,52
315,2
316,43
317,53
318,53
319,53
320,53
321,38
322,38
323,43
324,54
325,43
326,43
327,38
328,38
329,35
330,35
331,54
332,19
333,19
334,19
335,19
336,19
337,19
338,19
339,19
340,29
341,19
342,29
343,29
344,29
345,29
346,29
347,29
348,29
349,24
350,24
351,29
352,29
353,55
354,55
355,55
356,55
357,55
358,55
359,55
360,55
361,55
362,55
363,55
364,24
365,56
366,55
367,56
368,55
369,55
370,55
371,55
372,55
373,55
374,55
375,55
376,55
377,19
378,19
379,19
380,19
381,19
382,19
383,19
384,53
385,53
386,17
387,17
388,17
389,17
390,6
391,6
392,57
393,57
394,57
395,57
396,6
397,6
398,14
399,14
400,58
401,58
402,58
403,4
404,47
405,13
406,13
407,13
408,33
409,33
410,33
411,2
412,31
413,31
414,59
415,59
416,2
417,23
418,23
419,59
420,59
421,59
422,59
423,54
424,54
425,54
426,23
427,33
428,13
429,33
430,60
431,60
432,60
433,13
434,13
435,23
436,32
437,13
438,20
439,20
440,13
441,45
442,45
443,45
444,16
445,16
446,131
447,131
448,131
449,62
450,52
451,52
452,131
453,131
454,131
455,131
456,62
457,62
458,23
459,23
460,63
461,63
462,63
463,23
464,63
465,63
466,63
467,63
468,23
469,63
470,63
471,63
472,64
473,52
474,23
475,52
476,52
477,63
478,63
479,63
480,52
481,52
482,63
483,63
484,65
485,65
486,65
487,65
488,6
489,6
490,66
491,67
492,6
493,6
494,6
495,6
496,19
497,19
498,6
499,6
500,19
501,19
502,68
503,68
504,68
505,19
506,68
507,68
508,68
509,68
510,52
511,27
512,27
513,27
514,68
515,68
516,69
517,69
518,27
519,69
520,69
521,69
522,27
523,13
524,13
525,13
526,27
527,31
528,31
529,31
530,31
531,13
532,13
533,13
534,13
535,13
536,13
537,13
538,13
539,27
540,27
541,13
542,13
543,13
544,13
545,13
546,13
547,13
548,27
549,13
550,13
551,13
552,13
553,13
554,13
555,13
556,13
557,13
558,5
559,5
560,70
561,70
562,70
563,52
564,64
565,45
566,45
567,12
568,12
569,71
570,71
571,71
572,71
573,0
574,0
575,72
576,72
577,72
578,73
579,73
580,73
581,0
582,74
583,74
584,74
585,74
586,0
587,44
588,44
589,44
590,44
591,0
592,5
593,5
594,5
595,32
596,32
597,0
598,32
599,52
600,75
601,75
602,75
603,6
604,6
605,76
606,76
607,76
608,76
609,76
610,76
611,76
612,6
613,76
614,76
615,76
616,76
617,76
618,76
619,76
620,76
621,52
622,1
623,77
624,77
625,77
626,52
627,52
628,60
629,60
630,60
631,5
632,5
633,5
634,69
635,69
636,69
637,69
638,32
639,32
640,32
641,5
642,32
643,32
644,40
645,40
646,40
647,40
648,40
649,78
650,78
651,36
652,36
653,40
654,40
655,40
656,40
657,40
658,79
659,79
660,40
661,40
662,40
663,40
664,6
665,6
666,6
667,28
668,28
669,80
670,80
671,23
672,23
673,23
674,23
675,81
676,81
677,81
678,82
679,81
680,23
681,81
682,81
683,81
684,23
685,81
686,23
687,23
688,0
689,0
690,0
691,23
692,0
693,0
694,0
695,0
696,0
697,0
698,0
699,0
700,37
701,78
702,37
703,83
704,83
705,83
706,83
707,83
708,37
709,37
710,83
711,23
712,67
713,23
714,23
715,23
716,23
717,23
718,23
719,37
720,23
721,23
722,23
723,23
724,23
725,23
726,23
727,23
728,37
729,54
730,54
731,46
732,46
733,84
734,84
735,23
736,50
737,50
738,50
739,50
740,50
741,50
742,23
743,59
744,59
745,59
746,12
747,12
748,23
749,84
750,13
751,13
752,13
753,13
754,23
755,85
756,85
757,85
758,85
759,85
760,85
761,78
762,78
763,13
764,13
765,86
766,86
767,86
768,39
769,39
770,13
771,14
772,14
773,14
774,14
775,14
776,14
777,14
778,14
779,14
780,14
781,14
782,78
783,78
784,58
785,58
786,59
787,59
788,59
789,59
790,59
791,59
792,58
793,60
794,60
795,60
796,87
797,87
798,33
799,33
800,20
801,20
802,20
803,16
804,16
805,16
806,78
807,88
808,88
809,36
810,36
811,88
812,36
813,36
814,36
815,88
816,88
817,24
818,24
819,24
820,9
821,9
822,88
823,9
824,62
825,62
826,62
827,62
828,88
829,57
830,57
831,57
832,90
833,90
834,90
835,78
836,91
837,91
838,91
839,91
840,91
841,91
842,62
843,91
844,88
845,62
846,62
847,62
848,62
849,62
850,62
851,62
852,62
853,62
854,62
855,62
856,88
857,62
858,62
859,62
860,62
861,62
862,62
863,62
864,88
865,62
866,62
867,62
868,62
869,62
870,62
871,62
872,62
873,62
874,16
875,88
876,62
877,16
878,62
879,62
880,62
881,62
882,52
883,52
884,16
885,52
886,2
887,2
888,2
889,2
890,2
891,2
892,88
893,2
894,2
895,2
896,2
897,2
898,2
899,2
900,88
901,66
902,2
903,2
904,2
905,2
906,2
907,2
908,2
909,2
910,2
911,88
912,2
913,2
914,2
915,17
916,17
917,17
918,17
919,28
920,28
921,78
922,17
923,17
924,17
925,17
926,17
927,17
928,66
929,17
930,17
931,17
932,17
933,20
934,20
935,17
936,17
937,17
938,17
939,17
940,17
941,17
942,20
943,63
944,63
945,63
946,63
947,63
948,20
949,63
950,63
951,63
952,63
953,63
954,63
955,63
956,63
957,20
958,63
959,63
960,63
961,63
962,63
963,63
964,63
965,63
966,63
967,63
968,63
969,63
970,63
971,63
972,63
973,29
974,29
975,29
976,29
977,29
978,29
979,29
980,82
981,82
982,82
983,82
984,45
985,45
986,82
987,82
988,82
989,82
990,82
991,82
992,82
993,82
994,81
995,81
996,81
997,81
998,81
999,81
1000,59
1001,81
1002,81
1003,78
1004,50
1005,50
1006,59
1007,59
1008,59
1009,59
1010,59
1011,59
1012,59
1013,59
1014,59
1015,59
1016,59
1017,45
1018,45
1019,45
1020,45
1021,45
1022,45
1023,45
1024,45
1025,45
1026,45
1027,45
1028,45
1029,12
1030,12
1031,12
1032,12
1033,12
1034,12
1035,12
1036,12
1037,50
1038,50
1039,12
1040,12
1041,12
1042,12
1043,12
1044,12
1045,5
1046,5
1047,12
1048,12
1049,12
1050,12
1051,12
1052,12
1053,12
1054,12
1055,12
1056,0
1057,47
1058,47
1059,0
1060,0
1061,0
1062,0
1063,0
1064,91
1065,91
1066,62
1067,62
1068,62
1069,62
1070,62
1071,62
1072,62
1073,62
1074,52
1075,52
1076,62
1077,62
1078,62
1079,16
1080,62
1081,16
1082,16
1083,78
1084,47
1085,47
1086,16
1087,16
1088,16
1089,16
1090,16
1091,6
1092,2
1093,2
1094,2
1095,2
1096,2
1097,2
1098,2
1099,92
1100,92
1101,2
1102,2
1103,2
1104,2
1105,2
1106,2
1107,92
1108,2
1109,2
1110,92
1111,2
1112,17
1113,17
1114,17
1115,92
1116,17
1117,17
1118,17
1119,17
1120,92
1121,92
1122,17
1123,17
1124,17
1125,17
1126,62
1127,63
1128,17
1129,63
1130,62
1131,63
1132,63
1133,78
1134,63
1135,63
1136,63
1137,63
1138,63
1139,63
1140,63
1141,63
1142,63
1143,29
1144,29
1145,29
1146,29
1147,29
1148,82
1149,29
1150,82
1151,1
1152,29
1153,82
1154,82
1155,82
1156,82
1157,82
1158,82
1159,19
1160,19
1161,82
1162,82
1163,59
1164,82
1165,59
1166,59
1167,59
1168,59
1169,59
1170,59
1171,59
1172,19
1173,59
1174,59
1175,59
1176,59
1177,59
1178,59
1179,59
1180,19
1181,45
1182,45
1183,59
1184,45
1185,45
1186,45
1187,45
1188,45
1189,45
1190,12
1191,45
1192,10
1193,10
1194,12
1195,12
1196,12
1197,12
1198,78
1199,10
1200,12
1201,12
1202,12
1203,12
1204,12
1205,12
1206,10
1207,12
1208,0
1209,12
1210,0
1211,127
1212,127
1213,42
1214,42
1215,42
1216,42
1217,47
1218,47
1219,127
1220,47
1221,127
1222,94
1223,94
1224,94
1225,13
1226,13
1227,0
1228,0
1229,13
1230,0
1231,0
1232,0
1233,0
1234,0
1235,30
1236,30
1237,78
1238,13
1239,30
1240,30
1241,96
1242,96
1243,96
1244,33
1245,33
1246,97
1247,97
1248,33
1249,98
1250,98
1251,38
1252,38
1253,98
1254,98
1255,6
1256,6
1257,6
1258,6
1259,6
1260,6
1261,6
1262,6
1263,98
1264,6
1265,6
1266,6
1267,6
1268,6
1269,31
1270,31
1271,31
1272,31
1273,31
1274,31
1275,6
1276,6
1277,63
1278,63
1279,66
1280,66
1281,66
1282,6
1283,6
1284,6
1285,6
1286,6
1287,6
1288,65
1289,6
1290,6
1291,66
1292,66
1293,66
1294,6
1295,6
1296,50
1297,50
1298,53
1299,53
1300,53
1301,53
1302,53
1303,63
1304,53
1305,23
1306,23
1307,23
1308,23
1309,23
1310,23
1311,65
1312,65
1313,23
1314,23
1315,23
1316,23
1317,23
1318,65
1319,4
1320,4
1321,4
1322,99
1323,99
1324,99
1325,99
1326,65
1327,79
1328,79
1329,64
1330,64
1331,64
1332,64
1333,64
1334,64
1335,64
1336,64
1337,64
1338,64
1339,64
1340,64
1341,64
1342,79
1343,70
1344,70
1345,70
1346,70
1347,70
1348,79
1349,40
1350,40
1351,79
1352,79
1353,78
1354,79
1355,79
1356,79
1357,79
1358,79
1359,100
1360,53
1361,53
1362,71
1363,71
1364,71
1365,71
1366,9
1367,9
1368,9
1369,53
1370,9
1371,9
1372,9
1373,10
1374,10
1375,10
1376,101
1377,101
1378,101
1379,50
1380,50
1381,78
1382,78
1383,101
1384,50
1385,50
1386,101
1387,102
1388,102
1389,102
1390,102
1391,63
1392,63
1393,63
1394,63
1395,101
1396,63
1397,63
1398,63
1399,103
1400,103
1401,76
1402,76
1403,83
1404,83
1405,83
1406,83
1407,83
1408,83
1409,103
1410,1
1411,1
1412,103
1413,104
1414,104
1415,90
1416,103
1417,33
1418,33
1419,78
1420,52
1421,52
1422,105
1423,105
1424,105
1425,52
1426,105
1427,105
1428,105
1429,52
1430,105
1431,105
1432,105
1433,52
1434,52
1435,105
1436,105
1437,105
1438,5
1439,5
1440,5
1441,5
1442,5
1443,5
1444,5
1445,5
1446,46
1447,5
1448,5
1449,46
1450,5
1451,5
1452,46
1453,5
1454,46
1455,46
1456,46
1457,46
1458,46
1459,46
1460,46
1461,46
1462,46
1463,46
1464,43
1465,43
1466,43
1467,54
1468,43
1469,43
1470,43
1471,54
1472,54
1473,54
1474,54
1475,54
1476,54
1477,5
1478,46
1479,46
1480,46
1481,46
1482,46
1483,46
1484,46
1485,106
1486,106
1487,46
1488,46
1489,46
1490,46
1491,54
1492,106
1493,46
1494,54
1495,54
1496,43
1497,54
1498,107
1499,107
1500,6
1501,6
1502,54
1503,108
1504,108
1505,108
1506,108
1507,108
1508,6
1509,108
1510,108
1511,108
1512,108
1513,108
1514,108
1515,108
1516,6
1517,6
1518,108
1519,108
1520,108
1521,108
1522,108
1523,18
1524,18
1525,6
1526,5
1527,5
1528,5
1529,5
1530,58
1531,58
1532,58
1533,59
1534,59
1535,59
1536,59
1537,58
1538,58
1539,58
1540,58
1541,58
1542,58
1543,58
1544,107
1545,53
1546,69
1547,69
1548,69
1549,32
1550,32
1551,32
1552,32
1553,86
1554,86
1555,86
1556,5
1557,5
1558,66
1559,66
1560,66
1561,12
1562,20
1563,20
1564,20
1565,109
1566,109
1567,109
1568,109
1569,107
1570,109
1571,109
1572,110
1573,110
1574,109
1575,110
1576,110
1577,45
1578,45
1579,45
1580,111
1581,111
1582,111
1583,112
1584,112
1585,112
1586,111
1587,70
1588,70
1589,70
1590,27
1591,27
1592,27
1593,79
1594,79
1595,27
1596,27
1597,27
1598,27
1599,27
1600,79
1601,27
1602,27
1603,27
1604,27
1605,27
1606,27
1607,27
1608,27
1609,79
1610,27
1611,27
1612,27
1613,69
1614,69
1615,21
1616,21
1617,21
1618,68
1619,28
1620,28
1621,28
1622,28
1623,28
1624,28
1625,28
1626,48
1627,48
1628,20
1629,20
1630,20
1631,20
1632,48
1633,18
1634,18
1635,18
1636,18
1637,18
1638,18
1639,73
1640,73
1641,48
1642,13
1643,13
1644,13
1645,78
1646,13
1647,13
1648,78
1649,78
1650,78
1651,36
1652,36
1653,36
1654,36
1655,78
1656,78
1657,78
1658,13
1659,13
1660,13
1661,78
1662,33
1663,33
1664,34
1665,34
1666,34
1667,34
1668,42
1669,42
1670,13
1671,13
1672,42
1673,85
1674,85
1675,85
1676,85
1677,85
1678,85
1679,42
1680,68
1681,68
1682,42
1683,70
1684,70
1685,66
1686,66
1687,66
1688,45
1689,45
1690,55
1691,55
1692,45
1693,45
1694,45
1695,12
1696,12
1697,16
1698,16
1699,16
1700,27
1701,78
1702,78
1703,78
1704,113
1705,113
1706,113
1707,55
1708,6
1709,6
1710,6
1711,114
1712,114
1713,115
1714,115
1715,45
1716,21
1717,21
1718,45
1719,21
1720,21
1721,21
1722,21
1723,21
1724,21
1725,21
1726,45
1727,27
1728,45
1729,45
1730,45
1731,21
1732,69
1733,69
1734,116
1735,116
1736,12
1737,99
1738,0
1739,69
1740,69
1741,69
1742,69
1743,69
1744,69
1745,18
1746,18
1747,99
1748,117
1749,117
1750,58
1751,58
1752,40
1753,40
1754,115
1755,40
1756,77
1757,77
1758,77
1759,77
1760,77
1761,77
1762,77
1763,40
1764,40
1765,59
1766,59
1767,59
1768,115
1769,115
1770,47
1771,47
1772,47
1773,47
1774,47
1775,47
1776,47
1777,47
1778,115
1779,12
1780,12
1781,42
1782,42
1783,47
1784,47
1785,5
1786,5
1787,5
1788,118
1789,118
1790,118
1791,5
1792,31
1793,31
1794,31
1795,15
1796,15
1797,15
1798,31
1799,31
1800,4
1801,0
1802,4
1803,0
1804,0
1805,0
1806,0
1807,27
1808,31
1809,0
1810,12
1811,12
1812,31
1813,12
1814,108
1815,108
1816,106
1817,106
1818,106
1819,31
1820,31
1821,31
1822,119
1823,119
1824,119
1825,119
1826,120
1827,120
1828,120
1829,53
1830,53
1831,53
1832,52
1833,52
1834,53
1835,53
1836,53
1837,53
1838,20
1839,20
1840,64
1841,64
1842,20
1843,116
1844,116
1845,116
1846,53
1847,53
1848,67
1849,67
1850,67
1851,53
1852,41
1853,41
1854,41
1855,40
1856,40
1857,40
1858,53
1859,45
1860,53
1861,52
1862,52
1863,52
1864,52
1865,52
1866,52
1867,27
1868,20
1869,52
1870,52
1871,52
1872,52
1873,52
1874,27
1875,27
1876,40
1877,40
1878,54
1879,54
1880,54
1881,40
1882,40
1883,70
1884,70
1885,54
1886,94
1887,94
1888,30
1889,30
1890,94
1891,30
1892,2
1893,2
1894,2
1895,30
1896,30
1897,30
1898,121
1899,121
1900,9
1901,14
1902,14
1903,14
1904,30
1905,13
1906,13
1907,45
1908,1
1909,45
1910,30
1911,30
1912,67
1913,67
1914,67
1915,53
1916,53
1917,67
1918,67
1919,67
1920,53
1921,67
1922,67
1923,67
1924,53
1925,53
1926,53
1927,67
1928,3
1929,3
1930,53
1931,49
1932,49
1933,28
1934,28
1935,28
1936,28
1937,28
1938,28
1939,53
1940,20
1941,20
1942,53
1943,20
1944,12
1945,106
1946,106
1947,53
1948,21
1949,21
1950,103
1951,103
1952,53
1953,10
1954,10
1955,10
1956,10
1957,27
1958,27
1959,76
1960,27
1961,27
1962,27
1963,27
1964,34
1965,34
1966,53
1967,18
1968,18
1969,18
1970,23
1971,23
1972,23
1973,53
1974,59
1975,59
1976,59
1977,82
1978,82
1979,82
1980,82
1981,82
1982,82
1983,82
1984,82
1985,82
1986,82
1987,82
1988,82
1989,82
1990,59
1991,59
1992,53
1993,28
1994,28
1995,28
1996,28
1997,28
1998,28
1999,28
2000,6
2001,59
2002,59
2003,6
2004,6
2005,59
2006,6
2007,6
2008,6
2009,6
2010,6
2011,59
2012,6
2013,6
2014,6
2015,6
2016,36
2017,36
2018,6
2019,6
2020,6
2021,6
2022,36
2023,6
2024,6
2025,6
2026,6
2027,36
2028,6
2029,6
2030,6
2031,106
2032,106
2033,106
2034,105
2035,106
2036,106
2037,6
2038,105
2039,6
2040,6
2041,105
2042,59
2043,59
2044,105
2045,105
2046,105
2047,105
2048,106
2049,27
2050,105
2051,105
2052,105
2053,105
2054,105
2055,105
2056,105
2057,105
2058,105
2059,105
2060,59
2061,105
2062,105
2063,69
2064,69
2065,105
2066,105
2067,105
2068,105
2069,22
2070,22
2071,22
2072,59
2073,59
2074,22
2075,22
2076,22
2077,59
2078,59
2079,22
2080,22
2081,22
2082,22
2083,22
2084,22
2085,22
2086,22
2087,22
2088,22
2089,22
2090,22
2091,27
2092,22
2093,22
2094,22
2095,22
2096,22
2097,22
2098,22
2099,83
2100,22
2101,22
2102,76
2103,22
2104,22
2105,22
2106,22
2107,83
2108,83
2109,76
2110,83
2111,83
2112,83
2113,83
2114,59
2115,83
2116,83
2117,83
2118,83
2119,83
2120,83
2121,83
2122,83
2123,83
2124,14
2125,14
2126,83
2127,83
2128,83
2129,83
2130,83
2131,83
2132,83
2133,83
2134,83
2135,83
2136,83
2137,83
2138,83
2139,83
2140,83
2141,83
2142,27
2143,27
2144,27
2145,27
2146,36
2147,36
2148,27
2149,27
2150,27
2151,83
2152,27
2153,45
2154,45
2155,45
2156,36
2157,36
2158,45
2159,45
2160,36
2161,45
2162,45
2163,45
2164,45
2165,45
2166,6
2167,6
2168,45
2169,45
2170,12
2171,45
2172,45
2173,45
2174,45
2175,45
2176,45
2177,99
2178,6
2179,45
2180,45
2181,45
2182,45
2183,45
2184,6
2185,45
2186,1
2187,1
2188,1
2189,105
2190,105
2191,105
2192,105
2193,66
2194,106
2195,105
2196,106
2197,106
2198,106
2199,106
2200,106
2201,106
2202,66
2203,66
2204,106
2205,106
2206,106
2207,102
2208,45
2209,23
2210,66
2211,102
2212,102
2213,102
2214,102
2215,102
2216,102
2217,102
2218,102
2219,99
2220,99
2221,23
2222,99
2223,12
2224,12
2225,12
2226,36
2227,85
2228,85
2229,12
2230,12
2231,85
2232,12
2233,12
2234,85
2235,45
2236,12
2237,12
2238,12
2239,12
2240,62
2241,52
2242,83
2243,83
2244,83
2245,83
2246,62
2247,83
2248,83
2249,83
2250,83
2251,83
2252,83
2253,83
2254,83
2255,13
2256,83
2257,83
2258,83
2259,83
2260,33
2261,83
2262,83
2263,83
2264,83
2265,83
2266,83
2267,33
2268,83
2269,83
2270,83
2271,83
2272,33
2273,33
2274,83
2275,83
2276,83
2277,33
2278,83
2279,83
2280,83
2281,22
2282,36
2283,22
2284,22
2285,22
2286,22
2287,106
2288,106
2289,106
2290,106
2291,106
2292,106
2293,106
2294,33
2295,33
2296,106
2297,105
2298,106
2299,105
2300,33
2301,105
2302,105
2303,105
2304,105
2305,105
2306,33
2307,94
2308,94
2309,94
2310,94
2311,11
2312,11
2313,11
2314,121
2315,121
2316,7
2317,7
2318,7
2319,25
2320,111
2321,111
2322,37
2323,37
2324,111
2325,111
2326,111
2327,25
2328,25
2329,24
2330,25
2331,25
2332,25
2333,86
2334,66
2335,86
2336,66
2337,36
2338,36
2339,92
2340,92
2341,66
2342,111
2343,111
2344,25
2345,111
2346,25
2347,25
2348,25
2349,25
2350,108
2351,108
2352,25
2353,25
2354,25
2355,25
2356,25
2357,108
2358,31
2359,58
2360,58
2361,58
2362,31
2363,28
2364,28
2365,28
2366,31
2367,31
2368,4
2369,0
2370,36
2371,31
2372,31
2373,31
2374,58
2375,58
2376,58
2377,88
2378,88
2379,6
2380,58
2381,58
2382,58
2383,58
2384,58
2385,58
2386,58
2387,58
2388,58
2389,58
2390,58
2391,5
2392,5
2393,6
2394,6
2395,6
2396,45
2397,45
2398,36
2399,41
2400,77
2401,45
2402,45
2403,104
2404,104
2405,41
2406,14
2407,57
2408,57
2409,77
2410,57
2411,41
2412,77
2413,57
2414,57
2415,127
2416,57
2417,127
2418,41
2419,127
2420,127
2421,127
2422,127
2423,127
2424,127
2425,127
2426,127
2427,77
2428,3
2429,3
2430,3
2431,3
2432,50
2433,50
2434,77
2435,77
2436,50
2437,77
2438,77
2439,29
2440,29
2441,50
2442,77
2443,29
2444,29
2445,29
2446,63
2447,50
2448,83
2449,83
2450,83
2451,83
2452,50
2453,83
2454,83
2455,83
2456,53
2457,53
2458,108
2459,108
2460,53
2461,120
2462,120
2463,120
2464,120
2465,53
2466,53
2467,63
2468,63
2469,63
2470,63
2471,63
2472,53
2473,52
2474,52
2475,11
2476,11
2477,11
2478,11
2479,11
2480,52
2481,11
2482,11
2483,11
2484,11
2485,11
2486,0
2487,0
2488,11
2489,11
2490,90
2491,0
2492,11
2493,11
2494,11
2495,11
2496,47
2497,47
2498,0
2499,0
2500,47
2501,47
2502,47
2503,47
2504,47
2505,47
2506,47
2507,47
2508,47
2509,47
2510,47
2511,14
2512,14
2513,47
2514,47
2515,47
2516,47
2517,47
2518,14
2519,13
2520,47
2521,11
2522,11
2523,11
2524,11
2525,11
2526,11
2527,11
2528,14
2529,49
2530,49
2531,49
2532,13
2533,14
2534,90
2535,13
2536,87
2537,87
2538,87
2539,116
2540,116
2541,116
2542,116
2543,116
2544,85
2545,116
2546,116
2547,13
2548,13
2549,116
2550,85
2551,116
2552,116
2553,116
2554,26
2555,116
2556,116
2557,116
2558,13
2559,116
2560,116
2561,24
2562,26
2563,24
2564,26
2565,24
2566,24
2567,26
2568,24
2569,24
2570,24
2571,24
2572,24
2573,111
2574,24
2575,111
2576,111
2577,111
2578,111
2579,111
2580,111
2581,111
2582,111
2583,111
2584,111
2585,111
2586,111
2587,111
2588,111
2589,111
2590,111
2591,111
2592,13
2593,111
2594,111
2595,111
2596,100
2597,73
2598,85
2599,85
2600,13
2601,13
2602,85
2603,85
2604,85
2605,85
2606,26
2607,85
2608,26
2609,26
2610,26
2611,26
2612,90
2613,1
2614,1
2615,26
2616,26
2617,26
2618,1
2619,26
2620,111
2621,26
2622,111
2623,1
2624,111
2625,68
2626,68
2627,115
2628,115
2629,125
2630,125
2631,58
2632,58
2633,125
2634,78
2635,108
2636,125
2637,58
2638,41
2639,41
2640,41
2641,58
2642,30
2643,30
2644,58
2645,30
2646,30
2647,58
2648,58
2649,47
2650,47
2651,58
2652,12
2653,12
2654,12
2655,126
2656,126
2657,58
2658,12
2659,58
2660,9
2661,9
2662,54
2663,54
2664,54
2665,54
2666,54
2667,54
2668,54
2669,54
2670,54
2671,54
2672,54
2673,54
2674,54
2675,54
2676,54
2677,54
2678,54
2679,54
2680,54
2681,41
2682,41
2683,41
2684,126
2685,7
2686,7
2687,7
2688,127
2689,127
2690,127
2691,44
2692,44
2693,35
2694,6
2695,6
2696,6
2697,6
2698,58
2699,58
2700,86
2701,58
2702,86
2703,66
2704,110
2705,110
2706,110
2707,45
2708,45
2709,45
2710,1
2711,66
2712,1
2713,1
2714,1
2715,1
2716,1
2717,1
2718,66
2719,66
2720,49
2721,49
2722,49
2723,62
2724,62
2725,62
2726,62
2727,66
2728,66
2729,66
2730,86
2731,86
2732,73
2733,73
2734,73
2735,79
2736,79
2737,70
2738,70
2739,70
2740,70
2741,70
2742,70
2743,70
2744,70
2745,3
2746,3
2747,70
2748,79
2749,70
2750,70
2751,70
2752,70
2753,79
2754,126
2755,5
2756,5
2757,0
2758,99
2759,5
2760,5
2761,5
2762,99
2763,5
2764,85
2765,85
2766,85
2767,85
2768,85
2769,85
2770,86
2771,86
2772,87
2773,86
2774,86
2775,86
2776,86
2777,58
2778,58
2779,86
2780,86
2781,86
2782,87
2783,58
2784,86
2785,86
2786,86
2787,87
2788,86
2789,86
2790,87
2791,87
2792,87
2793,58
2794,87
2795,87
2796,87
2797,45
2798,45
2799,115
2800,58
2801,45
2802,45
2803,45
2804,50
2805,50
2806,115
2807,45
2808,45
2809,45
2810,45
2811,45
2812,45
2813,45
2814,58
2815,45
2816,45
2817,45
2818,27
2819,27
2820,45
2821,45
2822,27
2823,112
2824,112
2825,27
2826,27
2827,112
2828,27
2829,36
2830,36
2831,9
2832,9
2833,36
2834,9
2835,36
2836,18
2837,18
2838,7
2839,7
2840,50
2841,7
2842,7
2843,116
2844,116
2845,7
2846,1
2847,1
2848,112
2849,112
2850,84
2851,84
2852,19
2853,19
2854,60
2855,60
2856,128
2857,128
2858,128
2859,60
2860,60
2861,0
2862,0
2863,5
2864,5
2865,0
2866,99
2867,41
2868,41
2869,41
2870,41
2871,41
2872,41
2873,127
2874,127
2875,127
2876,10
2877,10
2878,127
2879,10
2880,127
2881,127
2882,41
2883,41
2884,41
2885,83
2886,83
2887,127
2888,83
2889,83
2890,83
2891,99
2892,99
2893,127
2894,129
2895,129
2896,5
2897,50
2898,127
2899,110
2900,110
2901,36
2902,36
2903,127
2904,127
2905,36
2906,36
2907,128
2908,90
2909,127
2910,127
2911,90
2912,10
2913,127
2914,32
2915,32
2916,32
2917,106
2918,106
2919,106
2920,6
2921,6
2922,115
2923,115
2924,115
2925,6
2926,130
2927,130
2928,130
2929,130
2930,130
2931,6
2932,37
2933,37
2934,37
2935,37
2936,6
2937,69
2938,69
2939,69
2940,69
2941,14
2942,14
2943,63
2944,63
2945,33
2946,33
2947,63
2948,19
2949,19
2950,116
2951,116
2952,33
2953,116
2954,116
2955,33
2956,33
2957,115
2958,58
2959,115
2960,115
2961,1
2962,98
2963,115
2964,33
2965,33
2966,119
2967,119
2968,1
2969,119
2970,98
2971,106
2972,106
2973,106
2974,110
2975,78
2976,13
2977,84
2978,84
2979,1
2980,1
2981,84
2982,84
2983,84
2984,33
2985,33
2986,0
2987,0
2988,33
2989,19
2990,19
2991,19
2992,19
2993,19
2994,19
2995,33
2996,105
2997,105
2998,105
2999,105
3000,105
3001,105
3002,81
3003,81
3004,105
3005,105
3006,105
3007,105
3008,105
3009,105
3010,105
3011,105
3012,105
3013,50
3014,50
3015,50
3016,50
3017,50
3018,50
3019,98
3020,98
3021,50
3022,23
3023,23
3024,56
3025,56
3026,94
3027,94
3028,1
3029,78
3030,71
3031,71
3032,71
3033,78
3034,78
3035,78
3036,17
3037,17
3038,63
3039,63
3040,30
3041,30
3042,30
3043,2
3044,18
3045,118
3046,118
3047,78
3048,118
3049,118
3050,118
3051,18
3052,118
3053,78
3054,78
3055,20
3056,20
3057,20
3058,106
3059,106
3060,106
3061,106
3062,78
3063,54
3064,5
3065,5
3066,5
3067,46
3068,5
3069,46
3070,46
3071,46
3072,126
3073,126
3074,46
3075,46
3076,46
3077,46
3078,46
3079,46
3080,46
3081,46
3082,46
3083,23
3084,23
3085,46
3086,46
3087,46
3088,46
3089,46
3090,23
3091,46
3092,46
3093,46
3094,46
3095,46
3096,23
3097,46
3098,46
3099,46
3100,46
3101,46
3102,46
3103,46
3104,46
3105,10
3106,10
3107,46
3108,54
3109,10
3110,54
3111,54
3112,54
3113,54
3114,54
3115,54
3116,31
3117,10
3118,126
3119,58
3120,54
3121,29
3122,29
3123,128
3124,128
3125,128
3126,128
3127,128
3128,128
3129,128
3130,58
3131,128
3132,128
3133,128
3134,128
3135,128
3136,128
3137,5
3138,128
3139,18
3140,18
3141,5
3142,18
3143,18
3144,5
3145,79
3146,79
3147,79
3148,69
3149,69
3150,69
3151,20
3152,20
3153,23
3154,23
3155,25
3156,27
3157,27
3158,27
3159,27
3160,27
3161,27
3162,27
3163,27
3164,27
3165,27
3166,27
3167,59
3168,59
3169,59
3170,59
3171,25
3172,27
3173,27
3174,59
3175,27
3176,27
3177,59
3178,79
3179,79
3180,59
3181,59
3182,59
3183,79
3184,59
3185,59
3186,59
3187,59
3188,59
3189,79
3190,59
3191,59
3192,59
3193,59
3194,59
3195,59
3196,12
3197,12
3198,12
3199,12
3200,12
3201,12
3202,126
3203,37
3204,48
3205,48
3206,9
3207,9
3208,9
3209,119
3210,48
3211,119
3212,119
3213,119
3214,119
3215,100
3216,100
3217,78
3218,78
3219,100
3220,100
3221,78
3222,44
3223,44
3224,44
3225,78
3226,78
3227,78
3228,74
3229,74
3230,23
3231,23
3232,23
3233,41
3234,41
3235,55
3236,55
3237,55
3238,55
3239,45
3240,45
3241,45
3242,76
3243,76
3244,66
3245,42
3246,42
3247,76
3248,131
3249,131
3250,131
3251,131
3252,42
3253,7
3254,7
3255,7
3256,7
3257,42
3258,42
3259,74
3260,120
3261,74
3262,51
3263,51
3264,51
3265,2
3266,2
3267,2
3268,97
3269,97
3270,97
3271,51
3272,6
3273,5
3274,66
3275,66
3276,48
3277,48
3278,48
3279,60
3280,60
3281,60
3282,70
3283,5
3284,70
3285,70
3286,70
3287,66
3288,70
3289,70
3290,70
3291,23
3292,129
3293,70
3294,70
3295,70
3296,70
3297,12
3298,40
3299,70
3300,40
3301,40
3302,40
3303,12
3304,40
3305,40
3306,7
3307,7
3308,18
3309,18
3310,18
3311,18
3312,5
3313,5
3314,5
3315,14
3316,14
3317,14
3318,6
3319,5
3320,26
3321,26
3322,26
3323,26
3324,20
3325,20
3326,26
3327,24
3328,24
3329,24
3330,20
3331,20
3332,44
3333,44
3334,97
3335,97
3336,31
3337,128
3338,128
3339,128
3340,27
3341,20
3342,128
3343,128
3344,82
3345,82
3346,27
3347,27
3348,27
3349,82
3350,82
3351,82
3352,94
3353,94
3354,27
3355,27
3356,94
3357,94
3358,105
3359,105
3360,20
3361,6
3362,27
3363,64
3364,64
3365,20
3366,96
3367,96
3368,48
3369,48
3370,97
3371,2
3372,2
3373,2
3374,104
3375,104
3376,53
3377,53
3378,104
3379,104
3380,104
3381,53
3382,104
3383,104
3384,104
3385,104
3386,53
3387,104
3388,104
3389,104
3390,33
3391,13
3392,73
3393,73
3394,73
3395,127
3396,127
3397,59
3398,59
3399,27
3400,33
3401,33
3402,45
3403,45
3404,85
3405,85
3406,127
3407,127
3408,6
3409,6
3410,6
3411,85
3412,58
3413,58
3414,58
3415,58
3416,85
3417,58
3418,58
3419,58
3420,58
3421,10
3422,10
3423,58
3424,58
3425,58
3426,58
3427,5
3428,5
3429,85
3430,23
3431,23
3432,23
3433,23
3434,85
3435,85
3436,39
3437,39
3438,39
3439,39
3440,39
3441,39
3442,85
3443,39
3444,39
3445,127
3446,127
3447,127
3448,127
3449,24
3450,24
3451,24
3452,96
3453,96
3454,90
3455,59
3456,59
3457,104
3458,104
3459,104
3460,132
3461,132
3462,132
3463,9
3464,9
3465,9
3466,44
3467,44
3468,59
3469,59
3470,54
3471,70
3472,23
3473,54
3474,70
3475,54
3476,40
3477,54
3478,54
3479,131
3480,131
3481,131
3482,131
3483,59
3484,2
3485,2
3486,2
3487,59
3488,59
3489,59
3490,59
3491,59
3492,59
3493,59
3494,59
3495,99
3496,31
3497,31
3498,31
3499,46
3500,46
3501,55
3502,55
3503,46
3504,94
3505,131
3506,131
3507,131
3508,46
3509,77
3510,77
3511,77
3512,46
3513,46
3514,82
3515,82
3516,67
3517,67
3518,82
3519,82
3520,42
3521,42
3522,67
3523,42
3524,2
3525,2
3526,23
3527,16
3528,16
3529,3
3530,3
3531,49
3532,49
3533,16
3534,16
3535,15
3536,2
3537,109
3538,109
3539,15
3540,27
3541,9
3542,63
3543,63
3544,2
3545,63
3546,63
3547,63
3548,63
3549,63
3550,16
3551,16
3552,16
3553,120
3554,120
3555,120
3556,120
3557,120
3558,120
3559,56
3560,56
3561,56
3562,16
3563,47
3564,47
3565,47
3566,4
3567,4
3568,75
3569,75
3570,75
3571,32
3572,32
3573,32
3574,32
3575,32
3576,32
3577,32
3578,24
3579,24
3580,32
3581,32
3582,32
3583,67
3584,67
3585,24
3586,32
3587,32
3588,32
3589,62
3590,62
3591,32
3592,32
3593,32
3594,32
3595,32
3596,32
3597,62
3598,32
3599,32
3600,32
3601,32
3602,34
3603,34
3604,62
3605,62
3606,62
3607,130
3608,130
3609,62
3610,130
3611,130
3612,63
3613,63
3614,63
3615,63
3616,17
3617,17
3618,17
3619,62
3620,37
3621,17
3622,67
3623,37
3624,50
3625,50
3626,50
3627,50
3628,82
3629,82
3630,42
3631,42
3632,81
3633,81
3634,81
3635,81
3636,42
3637,42
3638,44
3639,44
3640,42
3641,44
3642,33
3643,77
3644,77
3645,77
3646,33
3647,77
3648,77
3649,33
3650,77
3651,92
3652,77
3653,41
3654,116
3655,67
3656,92
3657,131
3658,131
3659,131
3660,131
3661,8
3662,8
3663,8
3664,8
3665,0
3666,0
3667,64
3668,64
3669,0
3670,97
3671,97
3672,64
3673,97
3674,97
3675,77
3676,77
3677,77
3678,77
3679,77
3680,6
3681,6
3682,6
3683,6
3684,6
3685,6
3686,6
3687,6
3688,6
3689,6
3690,6
3691,6
3692,6
3693,6
3694,6
3695,6
3696,14
3697,84
3698,84
3699,84
3700,84
3701,84
3702,6
3703,84
3704,84
3705,84
3706,84
3707,84
3708,67
3709,127
3710,127
3711,127
3712,35
3713,35
3714,80
3715,80
3716,35
3717,35
3718,35
3719,41
3720,41
3721,41
3722,7
3723,7
3724,7
3725,7
3726,7
3727,41
3728,7
3729,7
3730,45
3731,45
3732,67
3733,67
3734,67
3735,45
3736,67
3737,67
3738,67
3739,67
3740,67
3741,67
3742,67
3743,67
3744,67
3745,67
3746,67
3747,45
3748,67
3749,67
3750,67
3751,67
3752,67
3753,45
3754,45
3755,67
3756,67
3757,67
3758,45
3759,67
3760,67
3761,32
3762,32
3763,32
3764,32
3765,45
3766,32
3767,32
3768,32
3769,32
3770,53
3771,53
3772,32
3773,32
3774,32
3775,32
3776,129
3777,129
3778,32
3779,32
3780,32
3781,32
3782,32
3783,129
3784,32
3785,32
3786,32
3787,32
3788,23
3789,32
3790,129
3791,67
3792,129
3793,68
3794,68
3795,115
3796,14
3797,14
3798,13
3799,4
3800,4
3801,4
3802,4
3803,13
3804,116
3805,116
3806,13
3807,13
3808,63
3809,63
3810,63
3811,80
3812,80
3813,80
3814,10
3815,10
3816,10
3817,14
3818,58
3819,58
3820,58
3821,58
3822,27
3823,103
3824,103
3825,103
3826,103
3827,103
3828,103
3829,103
3830,66
3831,36
3832,36
3833,36
3834,23
3835,23
3836,23
3837,23
3838,9
3839,9
3840,9
3841,9
3842,9
3843,9
3844,9
3845,9
3846,9
3847,133
3848,9
3849,9
3850,9
3851,9
3852,133
3853,133
3854,36
3855,36
3856,58
3857,58
3858,58
3859,58
3860,58
3861,58
3862,58
3863,58
3864,58
3865,58
3866,53
3867,58
3868,53
3869,36
3870,36
3871,53
3872,53
3873,53
3874,79
3875,79
3876,53
3877,53
3878,53
3879,53
3880,53
3881,79
3882,53
3883,53
3884,53
3885,53
3886,79
3887,53
3888,53
3889,127
3890,71
3891,71
3892,84
3893,84
3894,84
3895,71
3896,9
3897,9
3898,71
3899,67
3900,67
3901,67
3902,1
3903,1
3904,1
3905,67
3906,67
3907,67
3908,1
3909,66
3910,66
3911,66
3912,31
3913,31
3914,31
3915,35
3916,66
3917,35
3918,9
3919,9
3920,23
3921,23
3922,84
3923,84
3924,9
3925,9
3926,9
3927,9
3928,9
3929,9
3930,9
3931,9
3932,84
3933,9
3934,9
3935,9
3936,9
3937,9
3938,9
3939,9
3940,127
3941,103
3942,103
3943,103
3944,103
3945,103
3946,9
3947,134
3948,134
3949,98
3950,59
3951,98
3952,98
3953,98
3954,6
3955,6
3956,98
3957,98
3958,1
3959,1
3960,1
3961,1
3962,1
3963,1
3964,1
3965,104
3966,1
3967,1
3968,1
3969,104
3970,1
3971,1
3972,1
3973,31
3974,1
3975,1
3976,1
3977,1
3978,17
3979,17
3980,31
3981,1
3982,1
3983,1
3984,1
3985,29
3986,1
3987,98
3988,98
3989,98
3990,98
3991,98
3992,98
3993,1
3994,1
3995,1
3996,1
3997,1
3998,104
3999,104
4000,104
4001,104
4002,104
4003,104
4004,104
4005,104
4006,104
4007,104
4008,104
4009,12
4010,0
4011,12
4012,83
4013,83
4014,83
4015,83
4016,83
4017,12
4018,12
4019,12
4020,17
4021,83
4022,135
4023,135
4024,135
4025,135
4026,135
4027,135
4028,96
4029,96
4030,96
4031,48
4032,48
4033,48
4034,84
4035,9
4036,9
4037,9
4038,9
4039,84
4040,84
4041,92
4042,92
4043,92
4044,39
4045,39
4046,3
4047,3
4048,71
4049,71
4050,71
4051,112
4052,112
4053,112
4054,71
4055,39
4056,39
4057,39
4058,71
4059,71
4060,39
4061,39
4062,39
4063,17
4064,17
4065,17
4066,35
4067,35
4068,80
4069,80
4070,106
4071,106
4072,106
4073,106
4074,106
4075,33
4076,33
4077,106
4078,106
4079,106
4080,106
4081,106
4082,106
4083,105
4084,105
4085,105
4086,105
4087,105
4088,105
4089,105
4090,105
4091,105
4092,105
4093,105
4094,28
4095,28
4096,105
4097,105
4098,105
4099,105
4100,28
4101,105
4102,105
4103,17
4104,28
4105,105
4106,105
4107,98
4108,98
4109,105
4110,105
4111,28
4112,105
4113,28
4114,28
4115,28
4116,28
4117,28
4118,28
4119,28
4120,28
4121,98
4122,28
4123,28
4124,28
4125,28
4126,28
4127,28
4128,28
4129,98
4130,28
4131,28
4132,28
4133,58
4134,58
4135,28
4136,28
4137,28
4138,28
4139,28
4140,58
4141,28
4142,28
4143,13
4144,64
4145,64
4146,64
4147,56
4148,56
4149,56
4150,57
4151,57
4152,57
4153,127
4154,112
4155,112
4156,112
4157,56
4158,112
4159,112
4160,112
4161,112
4162,104
4163,104
4164,112
4165,112
4166,112
4167,112
4168,66
4169,66
4170,112
4171,13
4172,13
4173,13
4174,13
4175,13
4176,13
4177,13
4178,13
4179,13
4180,13
4181,13
4182,13
4183,13
4184,13
4185,13
4186,131
4187,131
4188,131
4189,131
4190,70
4191,70
4192,70
4193,70
4194,46
4195,70
4196,10
4197,10
4198,46
4199,46
4200,46
4201,46
4202,0
4203,0
4204,46
4205,46
4206,0
4207,46
4208,46
4209,46
4210,0
4211,46
4212,46
4213,68
4214,68
4215,68
4216,68
4217,68
4218,103
4219,21
4220,68
4221,68
4222,85
4223,85
4224,21
4225,85
4226,85
4227,85
4228,21
4229,68
4230,68
4231,68
4232,31
4233,31
4234,68
4235,68
4236,68
4237,31
4238,111
4239,111
4240,111
4241,78
4242,63
4243,63
4244,63
4245,63
4246,63
4247,63
4248,29
4249,19
4250,19
4251,19
4252,19
4253,19
4254,19
4255,19
4256,19
4257,19
4258,19
4259,104
4260,104
4261,56
4262,94
4263,94
4264,48
4265,48
4266,48
4267,94
4268,48
4269,48
4270,48
4271,48
4272,48
4273,10
4274,10
4275,45
4276,45
4277,45
4278,45
4279,45
4280,45
4281,45
4282,10
4283,45
4284,45
4285,45
4286,45
4287,1
4288,45
4289,45
4290,1
4291,45
4292,1
4293,10
4294,45
4295,45
4296,45
4297,45
4298,32
4299,32
4300,127
4301,101
4302,101
4303,57
4304,132
4305,132
4306,132
4307,132
4308,132
4309,132
4310,127
4311,5
4312,5
4313,115
4314,115
4315,115
4316,57
4317,115
4318,0
4319,0
4320,46
4321,46
4322,46
4323,23
4324,72
4325,72
4326,5
4327,5
4328,72
4329,72
4330,72
4331,94
4332,94
4333,94
4334,94
4335,80
4336,80
4337,80
4338,80
4339,9
4340,9
4341,48
4342,48
4343,45
4344,45
4345,45
4346,45
4347,48
4348,45
4349,45
4350,48
4351,35
4352,35
4353,45
4354,45
4355,45
4356,45
4357,35
4358,45
4359,35
4360,17
4361,17
4362,63
4363,63
4364,35
4365,63
4366,63
4367,103
4368,103
4369,103
4370,22
4371,22
4372,22
4373,31
4374,35
4375,112
4376,112
4377,112
4378,31
4379,58
4380,58
4381,31
4382,31
4383,1
4384,31
4385,31
4386,58
4387,58
4388,58
4389,58
4390,24
4391,24
4392,31
4393,13
4394,13
4395,13
4396,33
4397,33
4398,33
4399,33
4400,33
4401,11
4402,11
4403,13
4404,13
4405,13
4406,13
4407,127
4408,127
4409,13
4410,13
4411,13
4412,13
4413,127
4414,36
4415,136
4416,136
4417,136
4418,136
4419,46
4420,46
4421,46
4422,70
4423,70
4424,70
4425,25
4426,25
4427,25
4428,14
4429,13
4430,14
4431,14
4432,14
4433,14
4434,13
4435,14
4436,14
4437,31
4438,31
4439,31
4440,31
4441,46
4442,46
4443,46
4444,46
4445,46
4446,46
4447,3
4448,3
4449,3
4450,3
4451,20
4452,20
4453,20
4454,20
4455,20
4456,27
4457,20
4458,20
4459,20
4460,22
4461,106
4462,22
4463,22
4464,27
4465,22
4466,22
4467,22
4468,22
4469,22
4470,22
4471,22
4472,42
4473,27
4474,42
4475,42
4476,42
4477,42
4478,42
4479,76
4480,42
4481,42
4482,42
4483,83
4484,42
4485,83
4486,83
4487,42
4488,83
4489,15
4490,15
4491,42
4492,42
4493,42
4494,53
4495,15
4496,71
4497,131
4498,131
4499,131
4500,131
4501,47
4502,47
4503,48
4504,48
4505,46
4506,46
4507,46
4508,70
4509,70
4510,2
4511,2
4512,2
4513,48
4514,22
4515,22
4516,22
4517,22
4518,64
4519,125
4520,125
4521,68
4522,68
4523,68
4524,125
4525,68
4526,68
4527,68
4528,68
4529,106
4530,106
4531,55
4532,55
4533,55
4534,55
4535,55
4536,55
4537,55
4538,55
4539,55
4540,55
4541,41
4542,41
4543,41
4544,41
4545,41
4546,69
4547,69
4548,69
4549,74
4550,74
4551,33
4552,33
4553,27
4554,14
4555,14
4556,14
4557,13
4558,13
4559,13
4560,13
4561,13
4562,13
4563,13
4564,23
4565,64
4566,64
4567,64
4568,64
4569,64
4570,64
4571,64
4572,64
4573,64
4574,6
4575,6
4576,6
4577,6
4578,6
4579,64
4580,6
4581,6
4582,6
4583,28
4584,6
4585,28
4586,28
4587,28
4588,28
4589,28
4590,28
4591,28
4592,28
4593,59
4594,90
4595,90
4596,90
4597,90
4598,90
4599,90
4600,59
4601,10
4602,10
4603,10
4604,10
4605,85
4606,85
4607,86
4608,86
4609,86
4610,86
4611,86
4612,86
4613,86
4614,86
4615,86
4616,86
4617,86
4618,40
4619,54
4620,86
4621,86
4622,86
4623,40
4624,10
4625,10
4626,78
4627,78
4628,37
4629,37
4630,54
4631,37
4632,37
4633,37
4634,37
4635,59
4636,59
4637,5
4638,5
4639,13
4640,13
4641,13
4642,13
4643,13
4644,97
4645,97
4646,97
4647,36
4648,97
4649,97
4650,103
4651,28
4652,28
4653,79
4654,28
4655,18
4656,18
4657,28
4658,18
4659,17
4660,63
4661,84
4662,84
4663,63
4664,60
4665,60
4666,60
4667,84
4668,5
4669,5
4670,10
4671,10
4672,57
4673,57
4674,84
4675,32
4676,84
4677,32
4678,32
4679,32
4680,32
4681,32
4682,32
4683,32
4684,84
4685,32
4686,32
4687,32
4688,32
4689,32
4690,32
4691,32
4692,84
4693,32
4694,32
4695,32
4696,32
4697,32
4698,32
4699,9
4700,9
4701,32
4702,32
4703,32
4704,32
4705,32
4706,84
4707,32
4708,32
4709,32
4710,32
4711,84
4712,32
4713,32
4714,32
4715,32
4716,32
4717,32
4718,32
4719,32
4720,32
4721,32
4722,32
4723,32
4724,32
4725,84
4726,32
4727,32
4728,32
4729,32
4730,32
4731,32
4732,84
4733,32
4734,32
4735,23
4736,23
4737,32
4738,32
4739,32
4740,32
4741,32
4742,23
4743,32
4744,32
4745,32
4746,32
4747,32
4748,32
4749,32
4750,32
4751,32
4752,32
4753,32
4754,32
4755,32
4756,8
4757,8
4758,32
4759,86
4760,86
4761,85
4762,85
4763,85
4764,85
4765,85
4766,85
4767,116
4768,116
4769,87
4770,87
4771,20
4772,20
4773,87
4774,85
4775,23
4776,103
4777,103
4778,103
4779,21
4780,21
4781,103
4782,121
4783,121
4784,121
4785,8
4786,94
4787,121
4788,70
4789,70
4790,70
4791,70
4792,70
4793,70
4794,70
4795,3
4796,5
4797,33
4798,33
4799,78
4800,78
4801,78
4802,78
4803,33
4804,104
4805,104
4806,104
4807,104
4808,33
4809,20
4810,20
4811,20
4812,20
4813,20
4814,20
4815,8
4816,33
4817,33
4818,20
4819,20
4820,20
4821,64
4822,64
4823,20
4824,64
4825,85
4826,85
4827,85
4828,85
4829,64
4830,114
4831,114
4832,78
4833,78
4834,78
4835,110
4836,78
4837,108
4838,108
4839,108
4840,108
4841,116
4842,116
4843,116
4844,116
4845,116
4846,116
4847,116
4848,14
4849,14
4850,68
4851,68
4852,68
4853,68
4854,110
4855,78
4856,68
4857,116
4858,110
4859,44
4860,44
4861,44
4862,44
4863,38
4864,38
4865,103
4866,103
4867,16
4868,16
4869,29
4870,29
4871,29
4872,16
4873,63
4874,63
4875,63
4876,63
4877,63
4878,63
4879,63
4880,63
4881,63
4882,63
4883,63
4884,63
4885,63
4886,63
4887,63
4888,63
4889,63
4890,63
4891,63
4892,16
4893,63
4894,63
4895,63
4896,63
4897,14
4898,16
4899,63
4900,63
4901,63
4902,63
4903,63
4904,131
4905,131
4906,131
4907,131
4908,131
4909,131
4910,131
4911,131
4912,131
4913,131
4914,131
4915,131
4916,131
4917,131
4918,90
4919,16
4920,90
4921,90
4922,90
4923,90
4924,90
4925,90
4926,90
4927,90
4928,62
4929,90
4930,90
4931,90
4932,90
4933,90
4934,90
4935,90
4936,90
4937,62
4938,90
4939,90
4940,90
4941,90
4942,90
4943,90
4944,90
4945,90
4946,90
4947,90
4948,96
4949,96
4950,96
4951,96
4952,96
4953,96
4954,96
4955,96
4956,96
4957,96
4958,78
4959,96
4960,96
4961,96
4962,96
4963,78
4964,96
4965,96
4966,48
4967,48
4968,48
4969,48
4970,48
4971,48
4972,10
4973,10
4974,48
4975,48
4976,48
4977,48
4978,48
4979,48
4980,48
4981,92
4982,92
4983,48
4984,48
4985,48
4986,48
4987,48
4988,48
4989,48
4990,48
4991,48
4992,48
4993,48
4994,92
4995,48
4996,48
4997,48
4998,48
4999,48
5000,48
5001,48
5002,48
5003,48
5004,48
5005,79
5006,79
5007,79
5008,79
5009,79
5010,79
5011,79
5012,100
5013,92
5014,63
5015,63
5016,63
5017,63
5018,63
5019,63
5020,29
5021,29
5022,58
5023,63
5024,131
5025,58
5026,131
5027,131
5028,131
5029,115
5030,131
5031,131
5032,131
5033,131
5034,131
5035,131
5036,90
5037,42
5038,42
5039,90
5040,90
5041,90
5042,90
5043,90
5044,90
5045,90
5046,90
5047,90
5048,90
5049,10
5050,42
5051,90
5052,90
5053,90
5054,90
5055,42
5056,90
5057,90
5058,90
5059,96
5060,96
5061,96
5062,96
5063,96
5064,96
5065,96
5066,42
5067,96
5068,96
5069,96
5070,48
5071,48
5072,48
5073,48
5074,48
5075,5
5076,5
5077,48
5078,48
5079,48
5080,48
5081,43
5082,48
5083,48
5084,48
5085,48
5086,56
5087,56
5088,56
5089,27
5090,56
5091,48
5092,48
5093,48
5094,48
5095,48
5096,79
5097,79
5098,79
5099,79
5100,56
5101,56
5102,79
5103,100
5104,100
5105,10
5106,42
5107,8
5108,133
5109,8
5110,42
5111,111
5112,73
5113,111
5114,31
5115,31
5116,73
5117,52
5118,52
5119,2
5120,2
5121,53
5122,127
5123,53
5124,57
5125,132
5126,132
5127,132
5128,132
5129,132
5130,132
5131,103
5132,103
5133,41
5134,0
5135,0
5136,0
5137,0
5138,31
5139,31
5140,94
5141,94
5142,106
5143,106
5144,106
5145,106
5146,106
5147,9
5148,106
5149,106
5150,106
5151,106
5152,9
5153,2
5154,2
5155,2
5156,2
5157,41
5158,41
5159,60
5160,60
5161,18
5162,18
5163,18
5164,9
5165,77
5166,77
5167,77
5168,117
5169,117
5170,117
5171,9
5172,137
5173,137
5174,87
5175,66
5176,87
5177,87
5178,68
5179,68
5180,130
5181,130
5182,130
5183,71
5184,71
5185,68
5186,68
5187,69
5188,130
5189,132
5190,132
5191,132
5192,71
5193,132
5194,132
5195,132
5196,110
5197,110
5198,110
5199,50
5200,71
5201,53
5202,53
5203,53
5204,133
5205,133
5206,26
5207,26
5208,26
5209,33
5210,55
5211,133
5212,34
5213,34
5214,34
5215,133
5216,34
5217,133
5218,133
5219,133
5220,133
5221,133
5222,133
5223,101
5224,101
5225,28
5226,28
5227,28
5228,41
5229,33
5230,33
5231,33
5232,129
5233,23
5234,35
5235,6
5236,35
5237,129
5238,102
5239,102
5240,102
5241,102
5242,87
5243,87
5244,15
5245,15
5246,15
5247,10
5248,49
5249,49
5250,49
5251,49
5252,13
5253,13
5254,52
5255,52
5256,35
5257,35
5258,52
5259,52
5260,52
5261,94
5262,94
5263,35
5264,35
5265,104
5266,104
5267,104
5268,35
5269,113
5270,113
5271,35
5272,113
5273,106
5274,106
5275,2
5276,131
5277,35
5278,2
5279,2
5280,2
5281,2
5282,35
5283,131
5284,131
5285,35
5286,21
5287,21
5288,1
5289,1
5290,21
5291,21
5292,1
5293,3
5294,3
5297,85
5299,86
5300,85
5301,112
5302,112
5303,112
5304,44
5305,79
5306,100
5307,79
5308,58
5309,58
5310,66
5311,66
5312,16
5313,16
5314,66
5315,66
5316,58
5317,58
5318,58
5319,58
5320,58
5321,58
5322,58
5323,58
5324,58
5325,16
5326,58
5327,58
5328,58
5329,58
5330,58
5331,16
5332,16
5333,58
5334,58
5335,58
5336,58
5337,58
5338,58
5339,58
5340,58
5341,58
5342,58
5343,58
5344,58
5345,58
5346,58
5347,79
5348,79
5349,58
5350,5
5351,5
5352,5
5353,5
5354,5
5355,5
5356,5
5357,79
5358,5
5359,5
5360,5
5361,5
5362,5
5363,41
5364,79
5365,5
5366,5
5367,70
5368,5
5369,5
5370,5
5371,5
5372,5
5373,71
5374,5
5375,5
5376,5
5377,5
5378,5
5379,5
5380,5
5381,71
5382,71
5383,5
5384,5
5385,5
5386,5
5387,5
5388,5
5389,71
5390,5
5391,71
5392,41
5393,41
5394,41
5395,41
5396,41
5397,41
5398,41
5399,41
5400,41
5401,41
5402,33
5403,32
5404,32
5405,18
5406,18
5407,18
5408,18
5409,18
5410,32
5411,18
5412,18
5413,18
5414,18
5415,32
5416,32
5417,18
5418,18
5419,18
5420,0
5421,0
5422,18
5423,18
5424,5
5425,5
5426,65
5427,65
5428,65
5429,65
5430,0
5431,9
5432,9
5433,0
5434,9
5435,0
5436,23
5437,23
5438,7
5439,7
5440,7
5441,23
5442,23
5443,116
5444,116
5445,116
5446,116
5447,116
5448,116
5449,66
5450,66
5451,116
5452,116
5453,116
5454,54
5455,25
5456,66
5457,66
5458,66
5459,68
5460,68
5461,69
5462,69
5463,66
5464,69
5465,69
5466,36
5467,36
5468,33
5469,36
5470,31
5471,31
5472,24
5473,24
5474,36
5475,24
5476,48
5477,48
5478,48
5479,58
5480,58
5481,53
5482,22
5483,1
5484,1
5485,1
5486,104
5487,1
5488,83
5489,33
5490,20
5491,20
5492,20
5493,20
5494,33
5495,33
5496,33
5497,64
5498,6
5499,13
5500,13
5501,23
5502,23
5503,33
5504,23
5505,67
5506,67
5507,67
5508,67
5509,67
5510,10
5511,10
5512,26
5513,26
5514,26
5515,10
5516,26
5517,26
5518,10
5519,31
5520,31
5521,10
5522,31
5523,31
5524,46
5525,46
5526,62
5527,62
5528,62
5529,111
5530,26
5531,26
5532,71
5533,62
5534,73
5535,73
5536,73
5537,42
5538,42
5539,42
5540,42
5541,42
5542,71
5543,42
5544,42
5545,31
5546,31
5547,31
5548,31
5549,31
5550,62
5551,31
5552,18
5553,18
5554,7
5555,7
5556,16
5557,62
5558,47
5559,47
5560,47
5561,40
5562,40
5563,47
5564,47
5565,47
5566,47
5567,4
5568,4
5569,4
5570,40
5571,4
5572,4
5573,4
5574,4
5575,4
5576,40
5577,47
5578,4
5579,4
5580,4
5581,4
5582,9
5583,47
5584,4
5585,4
5586,47
5587,4
5588,0
5589,9
5590,4
5591,0
5592,0
5593,0
5594,0
5595,0
5596,102
5597,102
5598,0
5599,0
5600,0
5601,0
5602,0
5603,0
5604,0
5605,0
5606,33
5607,66
5608,66
5609,0
5610,0
5611,0
5612,0
5613,0
5614,66
5615,0
5616,47
5617,47
5618,47
5619,47
5620,47
5621,66
5622,66
5623,47
5624,47
5625,66
5626,47
5627,47
5628,47
5629,47
5630,10
5631,10
5632,47
5633,12
5634,0
5635,0
5636,0
5637,10
5638,0
5639,0
5640,0
5641,111
5642,111
5643,10
5644,73
5645,73
5646,27
5647,96
5648,38
5649,38
5650,38
5651,6
5652,6
5653,103
5654,103
5655,64
5656,64
5657,64
5658,103
5659,103
5660,65
5661,65
5662,100
5663,100
5664,100
5665,100
5666,103
5667,103
5668,103
5669,11
5670,11
5671,32
5672,23
5673,32
5674,11
5675,62
5676,62
5677,62
5678,18
5679,18
5680,5
5681,112
5682,112
5683,112
5684,112
5685,5
5686,112
5687,6
5688,5
5689,112
5690,112
5691,112
5692,112
5693,5
5694,115
5695,115
5696,114
5697,114
5698,115
5699,130
5700,130
5701,62
5702,62
5703,62
5704,62
5705,62
5706,62
5707,62
5708,31
5709,21
5710,21
5711,132
5712,132
5713,104
5714,104
5715,104
5716,104
5717,79
5718,79
5719,103
5720,103
5721,79
5722,6
5723,79
5724,18
5725,18
5726,52
5727,18
5728,18
5729,18
5730,18
5731,18
5732,18
5733,37
5734,18
5735,18
5736,18
5737,52
5738,52
5739,18
5740,18
5741,52
5742,18
5743,18
5744,7
5745,7
5746,7
5747,41
5748,59
5749,7
5750,59
5751,118
5752,118
5753,118
5754,59
5755,96
5756,96
5757,19
5758,19
5759,19
5760,127
5761,127
5762,19
5763,19
5764,1
5765,52
5766,19
5767,1
5768,1
5769,1
5770,1
5771,1
5772,1
5773,1
5774,127
5775,1
5776,65
5777,65
5778,1
5779,65
5780,65
5781,52
5782,52
5783,52
5784,52
5785,52
5786,0
5787,0
5788,0
5789,0
5790,0
5791,0
5792,1
5793,1
5794,1
5795,1
5796,127
5797,1
5798,52
5799,63
5800,52
5801,63
5802,63
5803,63
5804,63
5805,63
5806,29
5807,29
5808,29
5809,29
5810,29
5811,19
5812,19
5813,52
5814,52
5815,52
5816,1
5817,1
5818,52
5819,52
5820,52
5821,1
5822,65
5823,65
5824,0
5825,0
5826,0
5827,0
5828,0
5829,1
5830,0
5831,1
5832,1
5833,1
5834,98
5835,98
5836,98
5837,98
5838,98
5839,98
5840,62
5841,62
5842,62
5843,62
5844,62
5845,62
5846,62
5847,62
5848,62
5849,62
5850,62
5851,45
5852,45
5853,45
5854,45
5855,99
5856,0
5857,94
5858,94
5859,1
5860,1
5861,1
5862,116
5863,116
5864,116
5865,24
5866,116
5867,116
5868,69
5869,69
5870,69
5871,69
5872,69
5873,42
5874,42
5875,42
5876,42
5877,42
5878,17
5879,17
5880,17
5881,17
5882,17
5883,17
5884,37
5885,37
5886,37
5887,37
5888,7
5889,7
5890,47
5891,47
5892,10
5893,10
5894,26
5895,26
5896,7
5897,119
5898,48
5899,119
5900,6
5901,48
5902,68
5903,68
5904,68
5905,68
5906,68
5907,23
5908,23
5909,73
5910,73
5911,73
5912,41
5913,10
5914,10
5915,10
5916,23
5917,23
5918,10
5919,10
5920,119
5921,119
5922,105
5923,105
5924,105
5925,119
5926,40
5927,40
5928,40
5929,30
5930,119
5931,2
5932,2
5933,2
5934,2
5935,51
5936,51
5937,68
5938,68
5939,68
5940,51
5941,68
5942,68
5943,68
5944,68
5945,68
5946,68
5947,51
5948,68
5949,68
5950,68
5951,68
5952,51
5953,15
5954,15
5955,15
5956,15
5957,15
5958,15
5959,15
5960,15
5961,15
5962,15
5963,15
5964,15
5965,15
5966,15
5967,51
5968,15
5969,15
5970,15
5971,51
5972,15
5973,23
5974,23
5975,58
5976,51
5977,58
5978,58
5979,58
5980,58
5981,74
5982,58
5983,74
5984,74
5985,74
5986,74
5987,74
5988,74
5989,74
5990,74
5991,74
5992,74
5993,74
5994,74
5995,74
5996,74
5997,74
5998,74
5999,74
6000,29
6001,74
6002,74
6003,74
6004,74
6005,74
6006,120
6007,29
6008,74
6009,74
6010,74
6011,74
6012,74
6013,74
6014,74
6015,74
6016,74
6017,74
6018,120
6019,74
6020,120
6021,120
6022,120
6023,120
6024,120
6025,120
6026,120
6027,120
6028,120
6029,120
6030,20
6031,120
6032,120
6033,120
6034,120
6035,120
6036,120
6037,120
6038,120
6039,120
6040,120
6041,120
6042,120
6043,120
6044,23
6045,120
6046,23
6047,20
6048,58
6049,33
6050,58
6051,58
6052,58
6053,58
6054,83
6055,58
6056,58
6057,83
6058,83
6059,58
6060,58
6061,74
6062,74
6063,74
6064,74
6065,74
6066,74
6067,120
6068,120
6069,120
6070,120
6071,120
6072,83
6073,120
6074,120
6075,120
6076,120
6077,83
6078,120
6079,120
6080,120
6081,120
6082,120
6083,120
6084,120
6085,20
6086,120
6087,120
6088,120
6089,6
6090,23
6091,23
6092,23
6093,6
6094,46
6095,54
6096,6
6097,42
6098,42
6099,42
6100,59
6101,59
6102,131
6103,131
6104,131
6105,59
6106,59
6107,117
6108,117
6109,32
6110,32
6111,75
6112,40
6113,137
6114,137
6115,80
6116,80
6117,10
6118,66
6119,66
6120,58
6121,58
6122,54
6123,36
6124,36
6125,40
6126,54
6127,104
6128,104
6129,40
6130,97
6131,97
6132,97
6133,119
6134,119
6135,119
6136,119
6137,119
6138,119
6139,119
6140,54
6141,119
6142,40
6143,40
6144,96
6145,40
6146,96
6147,96
6148,15
6149,15
6150,15
6151,54
6152,54
6153,2
6154,2
6155,2
6156,2
6157,54
6158,54
6159,54
6160,87
6161,112
6162,87
6163,112
6164,112
6165,112
6166,112
6167,46
6168,46
6169,46
6170,87
6171,87
6172,87
6173,39
6174,39
6175,35
6176,35
6177,35
6178,80
6179,80
6180,10
6181,21
6182,21
6183,21
6184,21
6185,87
6186,87
6187,21
6188,21
6189,86
6190,86
6191,3
6192,112
6193,3
6194,112
6195,87
6196,112
6197,112
6198,112
6199,112
6200,112
6201,10
6202,112
6203,112
6204,112
6205,87
6206,5
6207,5
6208,5
6209,5
6210,5
6211,43
6212,43
6213,43
6214,43
6215,3
6216,3
6217,87
6218,3
6219,3
6220,3
6221,3
6222,10
6223,113
6224,113
6225,87
6226,113
6227,52
6228,52
6229,52
6230,52
6231,52
6232,52
6233,52
6234,52
6235,52
6236,52
6237,52
6238,52
6239,52
6240,52
6241,2
6242,52
6243,52
6244,2
6245,2
6246,2
6247,2
6248,2
6249,2
6250,2
6251,2
6252,2
6253,2
6254,17
6255,87
6256,2
6257,17
6258,17
6259,17
6260,17
6261,17
6262,17
6263,67
6264,67
6265,17
6266,17
6267,17
6268,63
6269,17
6270,63
6271,63
6272,63
6273,63
6274,63
6275,65
6276,65
6277,65
6278,65
6279,65
6280,65
6281,65
6282,65
6283,65
6284,65
6285,65
6286,65
6287,65
6288,65
6289,65
6290,65
6291,82
6292,82
6293,87
6294,82
6295,82
6296,82
6297,82
6298,82
6299,81
6300,82
6301,81
6302,81
6303,81
6304,81
6305,81
6306,81
6307,59
6308,59
6309,98
6310,45
6311,45
6312,45
6313,45
6314,45
6315,45
6316,87
6317,45
6318,45
6319,45
6320,45
6321,45
6322,45
6323,45
6324,99
6325,99
6326,99
6327,99
6328,99
6329,99
6330,99
6331,0
6332,0
6333,0
6334,0
6335,0
6336,0
6337,0
6338,87
6339,0
6340,0
6341,0
6342,52
6343,52
6344,52
6345,52
6346,52
6347,52
6348,52
6349,2
6350,52
6351,2
6352,2
6353,2
6354,2
6355,2
6356,2
6357,87
6358,17
6359,17
6360,17
6361,17
6362,17
6363,17
6364,17
6365,17
6366,63
6367,87
6368,63
6369,63
6370,63
6371,63
6372,63
6373,65
6374,65
6375,65
6376,65
6377,65
6378,65
6379,65
6380,65
6381,65
6382,65
6383,65
6384,65
6385,82
6386,65
6387,82
6388,82
6389,82
6390,87
6391,82
6392,82
6393,82
6394,58
6395,87
6396,81
6397,81
6398,81
6399,81
6400,98
6401,58
6402,98
6403,45
6404,98
6405,45
6406,45
6407,45
6408,45
6409,45
6410,45
6411,45
6412,99
6413,99
6414,99
6415,99
6416,99
6417,99
6418,99
6419,99
6420,99
6421,0
6422,58
6423,0
6424,0
6425,0
6426,0
6427,58
6428,85
6429,94
6430,78
6431,23
6432,23
6433,58
6434,58
6435,58
6436,58
6437,114
6438,77
6439,85
6440,85
6441,85
6442,85
6443,85
6444,85
6445,58
6446,85
6447,85
6448,86
6449,86
6450,86
6451,86
6452,86
6453,86
6454,58
6455,86
6456,48
6457,48
6458,48
6459,48
6460,48
6461,48
6462,48
6463,48
6464,48
6465,48
6466,23
6467,58
6468,58
6469,41
6470,41
6471,58
6472,2
6473,2
6474,2
6475,18
6476,18
6477,18
6478,11
6479,11
6480,11
6481,11
6482,58
6483,18
6484,58
6485,21
6486,21
6487,58
6488,114
6489,23
6490,58
6491,58
6492,44
6493,44
6494,44
6495,137
6496,80
6497,129
6498,129
6499,103
6500,103
6501,103
6502,58
6503,54
6504,54
6505,54
6506,54
6507,84
6508,84
6509,84
6510,110
6511,110
6512,110
6513,110
6514,110
6515,88
6516,88
6517,88
6518,88
6519,88
6520,88
6521,58
6522,66
6523,88
6524,66
6525,58
6526,3
6527,3
6528,114
6529,41
6530,77
6531,33
6532,33
6533,33
6534,33
6535,106
6536,106
6537,106
6538,106
6539,106
6540,106
6541,106
6542,106
6543,106
6544,106
6545,106
6546,106
6547,106
6548,106
6549,106
6550,106
6551,106
6552,84
6553,84
6554,109
6555,109
6556,58
6557,5
6558,23
6559,23
6560,23
6561,23
6562,23
6563,23
6564,5
6565,23
6566,129
6567,129
6568,129
6569,129
6570,115
6571,129
6572,129
6573,129
6574,129
6575,129
6576,129
6577,129
6578,129
6579,129
6580,129
6581,129
6582,129
6583,84
6584,84
6585,23
6586,23
6587,23
6588,23
6589,23
6590,23
6591,43
6592,43
6593,43
6594,43
6595,43
6596,43
6597,43
6598,43
6599,43
6600,43
6601,43
6602,53
6603,53
6604,53
6605,53
6606,36
6607,105
6608,105
6609,68
6610,68
6611,62
6612,36
6613,36
6614,17
6615,17
6616,63
6617,63
6618,63
6619,63
6620,10
6621,127
6622,37
6623,37
6624,37
6625,37
6626,37
6627,10
6628,37
6629,37
6630,37
6631,37
6632,37
6633,37
6634,37
6635,37
6636,127
6637,101
6638,101
6639,101
6640,101
6641,101
6642,101
6643,101
6644,101
6645,101
6646,101
6647,33
6648,101
6649,101
6650,101
6651,111
6652,111
6653,111
6654,111
6655,67
6656,67
6657,111
6658,111
6659,111
6660,111
6661,111
6662,111
6663,111
6664,111
6665,111
6666,111
6667,111
6668,111
6669,111
6670,67
6671,111
6672,111
6673,111
6674,111
6675,111
6676,126
6677,126
6678,111
6679,111
6680,111
6681,111
6682,111
6683,126
6684,111
6685,100
6686,100
6687,100
6688,100
6689,100
6690,100
6691,31
6692,100
6693,100
6694,100
6695,100
6696,100
6697,37
6698,37
6699,14
6700,14
6701,14
6702,37
6703,14
6704,102
6705,102
6706,37
6707,130
6708,130
6709,130
6710,130
6711,78
6712,78
6713,78
6714,36
6715,36
6716,78
6717,81
6718,81
6719,37
6720,37
6721,104
6722,104
6723,104
6724,104
6725,109
6726,109
6727,0
6728,109
6729,109
6730,0
6731,109
6732,44
6733,44
6734,44
6735,34
6736,34
6737,127
6738,127
6739,10
6740,10
6741,10
6742,137
6743,137
6744,137
6745,137
6746,137
6747,137
6748,107
6749,137
6750,9
6751,9
6752,137
6753,137
6754,107
6755,137
6756,97
6757,97
6758,97
6759,97
6760,97
6761,97
6762,97
6763,103
6764,44
6765,44
6766,44
6767,44
6768,44
6769,44
6770,44
6771,44
6772,132
6773,44
6774,44
6775,44
6776,44
6777,44
6778,44
6779,44
6780,44
6781,44
6782,44
6783,132
6784,44
6785,44
6786,44
6787,44
6788,44
6789,44
6790,44
6791,136
6792,136
6793,136
6794,36
6795,136
6796,136
6797,136
6798,136
6799,136
6800,136
6801,136
6802,136
6803,1
6804,136
6805,127
6806,136
6807,127
6808,127
6809,57
6810,127
6811,57
6812,10
6813,57
6814,5
6815,57
6816,10
6817,10
6818,10
6819,10
6820,10
6821,10
6822,136
6823,136
6824,136
6825,136
6826,136
6827,136
6828,5
6829,136
6830,136
6831,136
6832,136
6833,132
6834,132
6835,132
6836,132
6837,132
6838,132
6839,132
6840,132
6841,132
6842,132
6843,132
6844,132
6845,132
6846,132
6847,132
6848,132
6849,132
6850,132
6851,132
6852,132
6853,62
6854,132
6855,132
6856,132
6857,36
6858,62
6859,132
6860,132
6861,132
6862,103
6863,103
6864,103
6865,52
6866,103
6867,103
6868,107
6869,107
6870,107
6871,52
6872,107
6873,107
6874,107
6875,137
6876,80
6877,80
6878,137
6879,52
6880,68
6881,68
6882,68
6883,117
6884,117
6885,68
6886,68
6887,68
6888,117
6889,117
6890,0
6891,39
6892,39
6893,5
6894,5
6895,44
6896,44
6897,44
6898,44
6899,36
6900,36
6901,86
6902,86
6903,44
6904,44
6905,86
6906,48
6907,48
6908,48
6909,48
6910,48
6911,48
6912,48
6913,48
6914,48
6915,48
6916,54
6917,54
6918,48
6919,48
6920,48
6921,48
6922,48
6923,119
6924,48
6925,119
6926,119
6927,54
6928,54
6929,119
6930,119
6931,119
6932,119
6933,96
6934,96
6935,96
6936,96
6937,96
6938,96
6939,96
6940,48
6941,48
6942,77
6943,41
6944,48
6945,48
6946,48
6947,48
6948,48
6949,48
6950,77
6951,48
6952,48
6953,48
6954,48
6955,71
6956,71
6957,71
6958,71
6959,71
6960,71
6961,71
6962,71
6963,71
6964,71
6965,71
6966,71
6967,79
6968,79
6969,79
6970,79
6971,79
6972,79
6973,79
6974,41
6975,79
6976,79
6977,79
6978,79
6979,79
6980,79
6981,73
6982,73
6983,20
6984,73
6985,73
6986,73
6987,48
6988,48
6989,48
6990,20
6991,48
6992,96
6993,96
6994,96
6995,96
6996,96
6997,115
6998,20
6999,20
7000,20
7001,20
7002,10
7003,10
7004,86
7005,14
7006,10
7007,10
7008,86
7009,84
7010,84
7011,111
7012,111
7013,111
7014,36
7015,36
7016,66
7017,66
7018,16
7019,16
7020,16
7021,71
7022,71
7023,71
7024,53
7025,53
7026,53
7027,71
7028,78
7029,78
7030,78
7031,133
7032,133
7033,133
7034,66
7035,66
7036,10
7037,10
7038,10
7039,50
7040,50
7041,50
7042,50
7043,23
7044,23
7045,111
7046,111
7047,129
7048,129
7049,129
7050,32
7051,32
7052,32
7053,32
7054,32
7055,32
7056,32
7057,129
7058,41
7059,41
7060,129
7061,32
7062,32
7063,32
7064,12
7065,12
7066,12
7067,9
7068,12
7069,12
7070,9
7071,12
7072,12
7073,40
7074,54
7075,40
7076,13
7077,13
7078,13
7079,40
7080,13
7081,33
7082,33
7083,33
7084,33
7085,40
7086,33
7087,33
7088,33
7089,33
7090,33
7091,33
7092,33
7093,98
7094,98
7095,1
7096,0
7097,0
7098,0
7099,0
7100,0
7101,0
7102,0
7103,0
7104,0
7105,0
7106,62
7107,78
7108,0
7109,1
7110,1
7111,98
7112,1
7113,78
7114,78
7115,42
7116,42
7117,47
7118,47
7119,47
7120,47
7121,47
7122,47
7123,47
7124,120
7125,120
7126,120
7127,65
7128,19
7129,19
7130,79
7131,79
7132,79
7133,41
7134,41
7135,41
7136,41
7137,41
7138,79
7139,41
7140,41
7141,33
7142,33
7143,23
7144,41
7145,41
7146,41
7147,41
7148,41
7149,77
7150,41
7151,77
7152,77
7153,77
7154,77
7155,77
7156,77
7157,77
7158,77
7159,90
7160,90
7161,77
7162,77
7163,77
7164,104
7165,104
7166,104
7167,104
7168,104
7169,104
7170,104
7171,104
7172,104
7173,33
7174,104
7175,104
7176,59
7177,59
7178,66
7179,10
7180,10
7181,10
7182,66
7183,109
7184,109
7185,109
7186,109
7187,127
7188,47
7189,47
7190,10
7191,11
7192,11
7193,33
7194,104
7195,104
7196,104
7197,104
7198,29
7199,29
7200,94
7201,94
7202,94
7203,29
7204,29
7205,55
7206,55
7207,55
7208,55
7209,77
7210,77
7211,77
7212,77
7213,77
7214,77
7215,77
7216,41
7217,77
7218,29
7219,77
7220,77
7221,77
7222,77
7223,29
7224,41
7225,77
7226,77
7227,77
7228,77
7229,77
7230,29
7231,77
7232,77
7233,77
7234,77
7235,19
7236,41
7237,77
7238,77
7239,77
7240,77
7241,77
7242,29
7243,94
7244,94
7245,94
7246,94
7247,94
7248,94
7249,94
7250,41
7251,77
7252,41
7253,41
7254,29
7255,52
7256,94
7257,41
7258,41
7259,41
7260,41
7261,41
7262,19
7263,19
7264,41
7265,41
7266,41
7267,41
7268,41
7269,41
7270,54
7271,54
7272,41
7273,94
7274,77
7275,94
7276,1
7277,77
7278,94
7279,94
7280,6
7281,6
7282,6
7283,6
7284,67
7285,6
7286,78
7287,67
7288,67
7289,32
7290,32
7291,32
7292,78
7293,32
7294,6
7295,9
7296,47
7297,22
7298,22
7299,9
7300,9
7301,22
7302,22
7303,138
7304,138
7305,71
7306,16
7307,138
7308,71
7309,69
7310,69
7311,69
7312,16
7313,7
7314,7
7315,7
7316,110
7317,110
7318,110
7319,69
7320,81
7321,81
7322,81
7323,7
7324,81
7325,81
7326,1
7327,60
7328,60
7329,132
7330,132
7331,132
7332,132
7333,21
7334,21
7335,60
7336,33
7337,33
7338,33
7339,33
7340,33
7341,33
7342,33
7343,33
7344,33
7345,33
7346,33
7347,78
7348,78
7349,7
7350,7
7351,7
7352,7
7353,58
7354,21
7355,47
7356,47
7357,78
7358,78
7359,72
7360,72
7361,72
7362,116
7363,116
7364,116
7365,116
7366,116
7367,116
7368,116
7369,116
7370,116
7371,116
7372,116
7373,116
7374,116
7375,116
7376,116
7377,116
7378,69
7379,69
7380,131
7381,69
7382,69
7383,69
7384,69
7385,69
7386,69
7387,69
7388,69
7389,69
7390,21
7391,84
7392,84
7393,69
7394,69
7395,69
7396,116
7397,116
7398,116
7399,116
7400,116
7401,116
7402,84
7403,6
7404,38
7405,103
7406,103
7407,103
7408,6
7409,84
7410,84
7411,19
7412,19
7413,19
7414,2
7415,2
7416,2
7417,2
7418,2
7419,2
7420,2
7421,2
7422,2
7423,1
7424,2
7425,2
7426,2
7427,21
7428,2
7429,2
7430,2
7431,2
7432,32
7433,32
7434,2
7435,2
7436,29
7437,29
7438,2
7439,29
7440,27
7441,27
7442,27
7443,75
7444,6
7445,75
7446,27
7447,6
7448,6
7449,6
7450,75
7451,75
7452,27
7453,27
7454,75
7455,75
7456,75
7457,75
7458,75
7459,75
7460,67
7461,21
7462,27
7463,67
7464,67
7465,32
7466,67
7467,6
7468,28
7469,28
7470,27
7471,28
7472,28
7473,28
7474,27
7475,32
7476,32
7477,32
7478,67
7479,32
7480,32
7481,32
7482,27
7483,27
7484,75
7485,75
7486,75
7487,75
7488,75
7489,27
7490,75
7491,75
7492,18
7493,18
7494,18
7495,18
7496,18
7497,18
7498,18
7499,66
7500,66
7501,135
7502,135
7503,21
7504,83
7505,83
7506,116
7507,116
7508,116
7509,7
7510,7
7511,7
7512,133
7513,133
7514,33
7515,33
7516,33
7517,33
7518,33
7519,35
7520,35
7521,35
7522,35
7523,35
7524,8
7525,8
7526,8
7527,21
7528,57
7529,127
7530,104
7531,104
7532,104
7533,1
7534,1
7535,1
7536,69
7537,69
7538,69
7539,12
7540,47
7541,21
7542,21
7543,12
7544,28
7545,28
7546,28
7547,40
7548,40
7549,33
7550,33
7551,40
7552,23
7553,21
7554,40
7555,36
7556,36
7557,10
7558,10
7559,36
7560,10
7561,10
7562,59
7563,59
7564,34
7565,34
7566,34
7567,59
7568,59
7569,59
7570,22
7571,22
7572,23
7573,22
7574,22
7575,22
7576,22
7577,6
7578,35
7579,84
7580,35
7581,6
7582,35
7583,35
7584,35
7585,35
7586,79
7587,7
7588,7
7589,7
7590,7
7591,79
7592,79
7593,79
7594,79
7595,79
7596,79
7597,85
7598,85
7599,85
7600,21
7601,79
7602,85
7603,85
7604,85
7605,15
7606,15
7607,85
7608,85
7609,85
7610,15
7611,85
7612,85
7613,85
7614,85
7615,85
7616,85
7617,15
7618,85
7619,116
7620,116
7621,116
7622,116
7623,116
7624,116
7625,116
7626,116
7627,116
7628,116
7629,24
7630,24
7631,24
7632,24
7633,24
7634,24
7635,36
7636,36
7637,24
7638,24
7639,24
7640,37
7641,37
7642,37
7643,37
7644,37
7645,37
7646,36
7647,37
7648,37
7649,37
7650,37
7651,14
7652,14
7653,37
7654,37
7655,37
7656,37
7657,78
7658,37
7659,37
7660,37
7661,14
7662,37
7663,37
7664,37
7665,37
7666,78
7667,78
7668,78
7669,78
7670,21
7671,45
7672,45
7673,78
7674,78
7675,45
7676,78
7677,78
7678,78
7679,37
7680,24
7681,24
7682,116
7683,116
7684,45
7685,116
7686,116
7687,116
7688,116
7689,116
7690,116
7691,116
7692,116
7693,85
7694,85
7695,85
7696,85
7697,85
7698,85
7699,85
7700,85
7701,66
7702,85
7703,85
7704,85
7705,85
7706,66
7707,85
7708,85
7709,66
7710,85
7711,85
7712,85
7713,85
7714,21
7715,6
7716,67
7717,85
7718,58
7719,6
7720,6
7721,5
7722,117
7723,117
7724,110
7725,110
7726,69
7727,69
7728,69
7729,69
7730,69
7731,69
7732,42
7733,42
7734,42
7735,114
7736,114
7737,68
7738,68
7739,2
7740,2
7741,17
7742,17
7743,17
7744,17
7745,17
7746,1
7747,1
7748,42
7749,42
7750,42
7751,42
7752,14
7753,26
7754,14
7755,20
7756,20
7757,20
7758,20
7759,20
7760,20
7761,20
7762,20
7763,20
7764,20
7765,20
7766,33
7767,34
7768,33
7769,34
7770,42
7771,34
7772,33
7773,34
7774,33
7775,80
7776,107
7777,42
7778,12
7779,12
7780,12
7781,12
7782,42
7783,33
7784,33
7785,33
7786,41
7787,41
7788,60
7789,60
7790,17
7791,58
7792,2
7793,2
7794,17
7795,17
7796,17
7797,50
7798,50
7799,50
7800,18
7801,18
7802,18
7803,18
7804,47
7805,50
7806,18
7807,48
7808,37
7809,31
7810,31
7811,80
7812,78
7816,42
7817,11
7818,11
7819,11
7820,11
7821,37
7822,37
7823,11
7824,11
7825,11
7826,6
7827,6
7828,11
7829,42
7830,6
7831,6
7832,42
7833,47
7834,47
7835,47
7836,47
7837,48
7838,48
7839,47
7840,12
7841,12
7842,48
7843,12
7844,12
7845,30
7846,30
7847,10
7848,50
7849,50
7850,110
7851,110
7852,80
7853,105
7854,105
7855,110
7856,110
7857,110
7858,105
7859,81
7860,87
7861,87
7862,87
7863,105
7864,4
7865,4
7866,87
7867,87
7868,87
7869,58
7870,58
7871,58
7872,66
7873,66
7874,5
7875,44
7876,44
7877,44
7878,44
7879,44
7880,44
7881,44
7882,75
7883,75
7884,75
7885,5
7886,5
7887,37
7888,37
7889,51
7890,51
7891,98
7892,98
7893,98
7894,98
7895,51
7896,98
7897,98
7898,98
7899,98
7900,65
7901,65
7902,65
7903,65
7904,65
7905,65
7906,65
7907,65
7908,65
7909,65
7910,51
7911,65
7912,65
7913,65
7914,54
7915,65
7916,65
7917,65
7918,65
7919,65
7920,65
7921,65
7922,65
7923,54
7924,54
7925,54
7926,70
7927,70
7928,70
7929,45
7930,40
7931,40
7932,40
7933,40
7934,40
7935,40
7936,40
7937,40
7938,40
7939,40
7940,40
7941,109
7942,11
7943,109
7944,109
7945,50
7946,50
7947,64
7948,64
7949,64
7950,64
7951,64
7952,64
7953,64
7954,64
7955,64
7956,50
7957,64
7958,103
7959,107
7960,107
7961,107
7962,107
7963,126
7964,126
7965,10
7966,10
7967,10
7968,10
7969,136
7970,136
7971,136
7972,136
7973,136
7974,136
7975,136
7976,136
7977,126
7978,132
7979,132
7980,132
7981,132
7982,132
7983,132
7984,132
7985,132
7986,132
7987,132
7988,132
7989,132
7990,132
7991,132
7992,132
7993,132
7994,132
7995,50
7996,50
7997,132
7998,103
7999,132
8000,103
8001,103
8002,103
8003,103
8004,103
8005,133
8006,133
8007,133
8008,133
8009,133
8010,133
8011,133
8012,133
8013,133
8014,133
8015,133
8016,133
8017,14
8018,14
8019,14
8020,13
8021,13
8022,13
8023,13
8024,13
8025,13
8026,13
8027,33
8028,33
8029,33
8030,14
8031,14
8032,13
8033,13
8034,13
8035,13
8036,13
8037,13
8038,13
8039,13
8040,13
8041,33
8042,33
8043,33
8044,5
8045,5
8046,5
8047,5
8048,77
8049,77
8050,5
8051,5
8052,5
8053,5
8054,43
8055,5
8056,43
8057,43
8058,116
8059,116
8060,116
8061,40
8062,17
8063,17
8064,63
8065,63
8066,77
8067,77
8068,77
8069,77
8070,77
8071,130
8072,130
8073,38
8074,38
8075,130
8076,39
8077,39
8078,39
8079,39
8080,39
8081,3
8082,3
8083,77
8084,130
8085,85
8086,85
8087,114
8088,114
8089,131
8090,72
8091,72
8092,72
8093,72
8094,72
8095,131
8096,72
8097,72
8098,113
8099,113
8100,113
8101,20
8102,20
8103,20
8104,77
8105,10
8106,20
8107,20
8108,20
8109,20
8110,20
8111,20
8112,42
8113,42
8114,130
8115,130
8116,47
8117,47
8118,131
8119,131
8120,131
8121,131
8122,130
8123,130
8124,28
8125,28
8126,28
8127,6
8128,6
8129,129
8130,53
8131,53
8132,129
8133,129
8134,22
8135,22
8136,77
8137,8
8138,7
8139,8
8140,47
8141,47
8142,12
8143,12
8144,44
8145,97
8146,79
8147,79
8148,44
8149,54
8150,54
8151,54
8152,54
8153,53
8154,53
8155,79
8156,53
8157,53
8158,53
8159,53
8160,53
8161,53
8162,79
8163,53
8164,53
8165,53
8166,53
8167,53
8168,53
8169,53
8170,53
8171,53
8172,53
8173,53
8174,53
8175,53
8176,53
8177,53
8178,53
8179,74
8180,74
8181,74
8182,74
8183,74
8184,74
8185,74
8186,74
8187,74
8188,74
8189,74
8190,53
8191,53
8192,53
8193,53
8194,53
8195,53
8196,53
8197,53
8198,16
8199,16
8200,53
8201,16
8202,53
8203,53
8204,53
8205,53
8206,37
8207,37
8208,74
8209,74
8210,74
8211,74
8212,74
8213,74
8214,37
8215,74
8216,74
8217,63
8218,63
8219,45
8220,45
8221,45
8222,23
8223,23
8224,23
8225,30
8226,30
8227,131
8228,131
8229,2
8230,2
8231,53
8232,53
8233,85
8234,85
8235,85
8236,73
8237,73
8238,53
8239,83
8240,83
8241,12
8242,12
8243,53
8244,136
8245,127
8246,136
8247,136
8248,53
8249,30
8250,30
8251,30
8252,30
8253,58
8254,58
8255,58
8256,20
8257,20
8258,131
8259,131
8260,131
8261,131
8262,20
8263,3
8264,3
8265,3
8266,3
8267,52
8268,52
8269,46
8270,54
8271,68
8272,52
8273,116
8274,9
8275,9
8276,9
8277,9
8278,52
8279,52
8280,106
8281,31
8282,106
8283,109
8284,109
8285,52
8286,109
8287,29
8288,29
8289,29
8290,29
8291,29
8292,116
8293,116
8294,116
8295,116
8296,116
8297,108
8298,108
8299,108
8300,50
8301,50
8302,50
8303,104
8304,104
8305,104
8306,136
8307,136
8308,136
8309,110
8310,110
8311,134
8312,134
8313,110
8314,110
8315,20
8316,20
8317,134
8318,134
8319,77
8320,77
8321,77
8322,77
8323,131
8324,131
8325,49
8326,49
8327,49
8328,31
8329,31
8330,49
8331,42
8332,42
8333,42
8334,42
8335,31
8336,103
8337,103
8338,103
8339,97
8340,103
8341,103
8342,20
8343,8
8344,103
8345,103
8346,103
8347,103
8348,103
8349,97
8350,35
8351,97
8352,65
8353,65
8354,65
8355,45
8356,45
8357,65
8358,65
8359,65
8360,65
8361,112
8362,112
8363,65
8364,65
8365,65
8366,65
8367,63
8368,63
8369,63
8370,63
8371,20
8372,20
8373,63
8374,63
8375,63
8376,20
8377,76
8378,20
8379,74
8380,74
8381,74
8382,76
8383,102
8384,77
8385,77
8386,102
8387,77
8388,77
8389,77
8390,77
8391,77
8392,102
8393,77
8394,77
8395,77
8396,10
8397,77
8398,77
8399,77
8400,77
8401,13
8402,13
8403,13
8404,13
8405,13
8406,13
8407,31
8408,31
8409,31
8410,91
8411,91
8412,91
8413,36
8414,36
8415,12
8416,12
8417,36
8418,112
8419,112
8420,100
8421,7
8422,7
8423,7
8424,104
8425,104
8426,104
8427,104
8428,79
8429,104
8430,104
8431,104
8432,104
8433,59
8434,59
8435,104
8436,104
8437,20
8438,59
8439,83
8440,83
8441,83
8442,15
8443,15
8444,68
8445,68
8446,3
8447,3
8448,68
8449,68
8450,3
8451,116
8452,116
8453,116
8454,47
8455,47
8456,47
8457,3
8458,3
8459,49
8460,49
8461,49
8462,85
8463,54
8464,14
8465,9
8466,16
8467,34
8468,34
8469,20
8470,20
8471,20
8472,20
8473,20
8474,20
8475,20
8476,20
8477,136
8478,20
8479,136
8480,58
8481,58
8482,58
8483,136
8484,45
8485,33
8486,33
8487,29
8488,29
8489,29
8490,82
8491,40
8492,40
8493,40
8494,40
8495,33
8496,40
8497,40
8498,40
8499,52
8500,1
8501,1
8502,104
8503,104
8504,14
8505,1
8506,1
8507,29
8508,19
8509,31
8510,31
8511,109
8512,109
8513,19
8514,118
8515,46
8516,46
8517,46
8518,59
8519,59
8520,113
8521,113
8522,113
8523,43
8524,43
8525,43
8526,66
8527,43
8528,138
8529,138
8530,138
8531,43
8532,32
8533,21
8534,32
8535,80
8536,80
8537,80
8538,80
8539,46
8540,79
8541,79
8542,43
8543,57
8544,57
8545,46
8546,57
8547,57
8548,87
8549,87
8550,66
8551,43
8552,87
8553,87
8554,131
8555,133
8556,9
8557,131
8558,133
8559,53
8560,53
8561,53
8562,68
8563,68
8564,20
8565,20
8566,20
8567,116
8568,20
8569,116
8570,116
8571,20
8572,116
8573,78
8574,78
8575,69
8576,69
8577,79
8578,78
8579,68
8580,69
8581,66
8582,66
8583,66
8584,66
8585,67
8586,67
8587,67
8588,67
8589,78
8590,13
8591,13
8592,7
8593,66
8594,66
8595,66
8596,66
8597,66
8598,66
8599,66
8600,66
8601,66
8602,66
8603,66
8604,66
8605,66
8606,7
8607,132
8608,132
8609,7
8610,7
8611,7
8612,10
8613,57
8614,5
8615,5
8616,74
8617,74
8618,74
8619,74
8620,74
8621,74
8622,74
8623,39
8624,39
8625,79
8626,79
8627,36
8628,14
8629,39
8630,39
8631,39
8632,36
8633,36
8634,39
8635,39
8636,39
8637,116
8638,116
8639,1
8640,106
8641,1
8642,106
8643,127
8644,127
8645,80
8646,80
8647,80
8648,127
8649,109
8650,109
8651,109
8652,109
8653,127
8654,109
8655,109
8656,109
8657,109
8658,127
8659,109
8660,109
8661,127
8662,127
8663,127
8664,2
8665,2
8666,2
8667,2
8668,2
8669,2
8670,2
8671,30
8672,127
8673,30
8674,15
8675,66
8676,127
8677,117
8678,117
8679,127
8680,18
8681,117
8682,115
8683,115
8684,115
8685,115
8686,115
8687,115
8688,115
8689,115
8690,127
8691,115
8692,115
8693,115
8694,115
8695,40
8696,115
8697,115
8698,115
8699,40
8700,115
8701,115
8702,115
8703,40
8704,115
8705,40
8706,40
8707,40
8708,40
8709,40
8710,70
8711,70
8712,114
8713,114
8714,70
8715,70
8716,70
8717,40
8718,70
8719,70
8720,70
8721,70
8722,70
8723,70
8724,70
8725,70
8726,46
8727,46
8728,46
8729,46
8730,46
8731,46
8732,46
8733,5
8734,5
8735,5
8736,5
8737,5
8738,23
8739,23
8740,43
8741,43
8742,43
8743,43
8744,85
8745,85
8746,114
8747,85
8748,23
8749,114
8750,114
8751,114
8752,68
8753,130
8754,130
8755,130
8756,130
8757,130
8758,130
8759,130
8760,40
8761,40
8762,40
8763,40
8764,40
8765,40
8766,40
8767,40
8768,40
8769,40
8770,40
8771,40
8772,40
8773,40
8774,23
8775,70
8776,40
8777,70
8778,70
8779,70
8780,70
8781,46
8782,46
8783,46
8784,46
8785,46
8786,54
8787,54
8788,46
8789,46
8790,46
8791,43
8792,43
8793,43
8794,54
8795,68
8796,68
8797,54
8798,68
8799,68
8800,68
8801,68
8802,40
8803,40
8804,40
8805,40
8806,40
8807,40
8808,20
8809,68
8810,5
8811,5
8812,5
8813,68
8814,68
8815,68
8816,79
8817,139
8818,139
8819,86
8820,86
8821,86
8822,35
8823,34
8824,34
8825,5
8826,34
8827,34
8828,31
8829,31
8830,13
8831,13
8832,13
8833,79
8834,34
8835,34
8836,34
8837,34
8838,34
8839,34
8840,34
8841,60
8842,60
8843,94
8844,55
8845,94
8846,94
8847,55
8848,94
8849,94
8850,94
8851,94
8852,94
8853,94
8854,56
8855,56
8856,56
8857,56
8858,56
8859,56
8860,56
8861,85
8862,85
8863,85
8864,85
8865,85
8866,85
8867,56
8868,56
8869,86
8870,86
8871,86
8872,26
8873,26
8874,26
8875,26
8876,26
8877,86
8878,13
8879,34
8880,59
8881,59
8882,59
8883,58
8884,34
8885,34
8886,6
8887,6
8888,6
8889,34
8890,28
8891,28
8892,127
8893,6
8894,6
8895,57
8896,79
8897,6
8898,6
8899,39
8900,3
8901,79
8902,79
8903,79
8904,14
8905,22
8906,22
8907,36
8908,36
8909,36
8910,36
8911,13
8912,36
8913,99
8914,99
8915,104
8916,104
8917,12
8918,12
8919,12
8920,47
8921,102
8922,102
8923,102
8924,102
8925,6
8926,39
8927,6
8928,20
8929,20
8930,20
8931,6
8932,20
8933,20
8934,20
8935,126
8936,126
8937,20
8938,126
8939,20
8940,20
8941,20
8942,20
8943,126
8944,20
8945,20
8946,20
8947,20
8948,20
8949,23
8950,20
8951,20
8952,20
8953,20
8954,20
8955,20
8956,23
8957,6
8958,111
8959,3
8960,3
8961,132
8962,139
8963,133
8964,133
8965,133
8966,15
8967,15
8968,15
8969,7
8970,7
8971,133
8972,109
8973,109
8974,133
8975,133
8976,133
8977,58
8978,58
8979,58
8980,13
8981,103
8982,133
8983,103
8984,133
8985,94
8986,94
8987,77
8988,77
8989,24
8990,133
8991,120
8992,120
8993,126
8994,126
8995,126
8996,126
8997,126
8998,126
8999,133
9000,126
9001,126
9002,12
9003,12
9004,12
9005,0
9006,0
9007,26
9008,26
9009,26
9010,100
9011,100
9012,133
9013,106
9014,106
9015,106
9016,133
9017,133
9018,131
9019,131
9020,6
9021,108
9022,108
9023,6
9024,6
9025,6
9026,51
9027,51
9028,116
9029,116
9030,116
9031,116
9032,127
9033,127
9034,10
9035,104
9036,13
9037,10
9038,24
9039,24
9040,135
9041,135
9042,109
9043,109
9044,6
9045,31
9046,31
9047,31
9048,31
9049,31
9050,51
9051,51
9052,46
9053,46
9054,54
9055,54
9056,137
9057,137
9058,137
9059,137
9060,137
9061,137
9062,49
9063,49
9064,49
9065,49
9066,49
9067,49
9068,84
9069,84
9070,84
9071,84
9072,84
9073,84
9074,84
9075,84
9076,84
9077,84
9078,13
9079,135
9080,135
9081,84
9082,49
9083,84
9084,49
9085,135
9086,135
9087,85
9088,85
9089,85
9090,85
9091,85
9092,85
9093,85
9094,135
9095,135
9096,87
9097,135
9098,131
9099,131
9100,131
9101,131
9102,131
9103,131
9104,131
9105,131
9106,25
9107,13
9108,64
9109,64
9110,64
9111,64
9112,64
9113,4
9114,4
9115,4
9116,108
9117,108
9118,128
9119,108
9120,1
9121,1
9122,1
9123,1
9124,1
9125,1
9126,1
9127,1
9128,1
9129,94
9130,94
9131,94
9132,128
9133,120
9134,120
9135,120
9136,120
9137,109
9138,109
9139,109
9140,1
9141,109
9142,109
9143,109
9144,109
9145,69
9146,69
9147,31
9148,69
9149,31
9150,31
9151,31
9152,6
9153,6
9154,6
9155,69
9156,133
9157,133
9158,9
9159,9
9160,129
9161,23
9162,79
9163,79
9164,133
9165,133
9166,133
9167,136
9168,136
9169,79
9170,45
9171,120
9172,120
9173,120
9174,112
9175,112
9176,112
9177,127
9178,127
9179,127
9180,127
9181,9
9182,9
9183,9
9184,9
9185,9
9186,9
9187,9
9188,9
9189,9
9190,9
9191,9
9192,9
9193,9
9194,9
9195,9
9196,9
9197,121
9198,121
9199,121
9200,24
9201,83
9202,83
9203,83
9204,83
9205,9
9206,84
9207,78
9208,78
9209,78
9210,78
9211,78
9212,9
9213,9
9214,9
9215,9
9216,84
9217,84
9218,84
9219,5
9220,54
9221,78
9222,78
9223,78
9224,78
9225,78
9226,78
9227,25
9228,25
9229,25
9230,9
9231,9
9232,9
9233,9
9234,9
9235,9
9236,9
9237,19
9238,19
9239,19
9240,19
9241,19
9242,19
9243,19
9244,19
9245,9
9246,9
9247,38
9248,38
9249,9
9250,21
9251,21
9252,21
9253,132
9254,90
9255,90
9256,90
9257,90
9258,90
9259,90
9260,90
9261,90
9262,90
9263,90
9264,90
9265,90
9266,90
9267,127
9268,127
9269,127
9270,127
9271,127
9272,127
9273,127
9274,44
9275,127
9276,127
9277,127
9278,127
9279,127
9280,44
9281,127
9282,22
9283,136
9284,136
9285,136
9286,136
9287,136
9288,22
9289,136
9290,136
9291,136
9292,10
9293,10
9294,10
9295,10
9296,10
9297,10
9298,10
9299,10
9300,10
9301,10
9302,10
9303,10
9304,10
9305,10
9306,10
9307,10
9308,22
9309,10
9310,10
9311,10
9312,10
9313,10
9314,10
9315,10
9316,10
9317,120
9318,120
9319,136
9320,136
9321,136
9322,120
9323,136
9324,136
9325,136
9326,136
9327,136
9328,44
9329,44
9330,44
9331,44
9332,44
9333,44
9334,27
9335,44
9336,44
9337,44
9338,27
9339,128
9340,128
9341,128
9342,128
9343,129
9344,129
9345,128
9346,128
9347,128
9348,128
9349,135
9350,135
9351,135
9352,49
9353,50
9354,129
9355,50
9356,50
9357,18
9358,117
9359,18
9360,18
9361,18
9362,18
9363,18
9364,117
9365,64
9366,73
9367,73
9368,24
9369,58
9370,129
9371,70
9372,59
9373,59
9374,53
9375,36
9376,36
9377,36
9378,34
9379,34
9380,34
9381,77
9382,77
9383,34
9384,34
9385,77
9386,34
9387,34
9388,34
9389,34
9390,34
9391,34
9392,77
9393,85
9394,114
9395,10
9396,10
9397,68
9398,68
9399,68
9400,115
9401,68
9402,68
9403,68
9404,114
9405,10
9406,114
9407,68
9408,5
9409,68
9410,115
9411,58
9412,58
9413,58
9414,0
9415,132
9416,0
9417,0
9418,77
9419,77
9420,0
9421,64
9422,64
9423,64
9424,99
9425,37
9426,37
9427,99
9428,99
9429,68
9430,68
9431,68
9432,68
9433,85
9434,85
9435,85
9436,68
9437,68
9438,68
9439,83
9440,27
9441,83
9442,83
9443,35
9444,83
9445,46
9446,5
9447,132
9448,132
9449,132
9450,132
9451,132
9452,132
9453,105
9454,5
9455,132
9456,132
9457,130
9458,130
9459,37
9460,37
9461,130
9462,130
9463,130
9464,37
9465,64
9466,6
9467,73
9468,31
9469,31
9470,37
9471,37
9472,37
9473,31
9474,31
9475,31
9476,79
9477,25
9478,13
9479,33
9480,33
9481,33
9482,133
9483,33
9484,33
9485,33
9486,14
9487,14
9488,133
9489,33
9490,77
9491,50
9492,50
9493,50
9494,50
9495,51
9496,51
9497,94
9498,94
9499,94
9500,84
9501,104
9502,104
9503,104
9504,50
9505,80
9506,80
9507,80
9508,80
9509,80
9510,80
9511,33
9512,33
9513,50
9514,47
9515,20
9516,20
9517,48
9518,20
9519,20
9520,48
9521,31
9522,31
9523,85
9524,116
9525,85
9526,85
9527,85
9528,85
9529,37
9530,37
9531,85
9532,85
9533,116
9534,68
9535,68
9536,68
9537,68
9538,68
9539,68
9540,68
9541,68
9542,23
9543,68
9544,68
9545,69
9546,68
9547,68
9548,29
9549,40
9550,40
9551,40
9552,40
9553,40
9554,52
9555,52
9556,40
9557,40
9558,72
9559,40
9560,72
9561,40
9562,40
9563,40
9564,40
9565,40
9566,40
9567,40
9568,40
9569,40
9570,40
9571,40
9572,40
9573,40
9574,40
9575,40
9576,40
9577,40
9578,40
9579,40
9580,40
9581,63
9582,46
9583,46
9584,46
9585,46
9586,46
9587,46
9588,46
9589,46
9590,54
9591,46
9592,46
9593,46
9594,54
9595,46
9596,46
9597,54
9598,43
9599,43
9600,43
9601,43
9602,43
9603,116
9604,108
9605,116
9606,116
9607,116
9608,20
9609,116
9610,116
9611,20
9612,68
9613,68
9614,68
9615,20
9616,68
9617,68
9618,68
9619,68
9620,68
9621,68
9622,69
9623,69
9624,5
9625,20
9626,20
9627,69
9628,20
9629,72
9630,72
9631,72
9632,72
9633,72
9634,5
9635,72
9636,54
9637,40
9638,40
9639,40
9640,40
9641,40
9642,40
9643,54
9644,54
9645,40
9646,40
9647,54
9648,40
9649,54
9650,54
9651,54
9652,54
9653,54
9654,0
9655,0
9656,54
9657,54
9658,54
9659,54
9660,0
9661,43
9662,43
9663,43
9664,43
9665,127
9666,127
9667,0
9668,29
9669,29
9670,104
9671,104
9672,104
9673,29
9674,104
9675,104
9676,104
9677,29
9678,29
9679,29
9680,29
9681,71
9682,15
9683,71
9684,15
9685,15
9686,15
9687,15
9688,29
9689,15
9690,15
9691,15
9692,15
9693,15
9694,15
9695,15
9696,29
9697,15
9698,15
9699,6
9700,6
9701,15
9702,15
9703,15
9704,15
9705,6
9706,15
9707,15
9708,6
9709,6
9710,6
9711,28
9712,28
9713,28
9714,6
9715,6
9716,135
9717,135
9718,71
9719,135
9720,135
9721,135
9722,135
9723,59
9724,59
9725,135
9726,135
9727,135
9728,135
9729,135
9730,135
9731,135
9732,135
9733,135
9734,135
9735,59
9736,59
9737,127
9738,59
9739,127
9740,127
9741,127
9742,127
9743,59
9744,127
9745,127
9746,127
9747,5
9748,59
9749,85
9750,68
9751,68
9752,135
9753,135
9754,135
9755,16
9756,16
9757,16
9758,16
9759,79
9760,40
9761,107
9762,107
9763,44
9764,80
9765,80
9766,82
9767,82
9768,82
9769,82
9770,127
9771,82
9772,82
9773,82
9774,82
9775,59
9776,59
9777,102
9778,94
9779,94
9780,94
9781,94
9782,102
9783,38
9784,38
9785,38
9786,102
9787,102
9788,38
9789,102
9790,13
9791,102
9792,13
9793,24
9794,24
9795,24
9796,126
9797,126
9798,126
9799,24
9800,116
9801,10
9802,10
9803,9
9804,10
9805,40
9806,40
9807,9
9808,67
9809,67
9810,10
9811,10
9812,106
9813,106
9814,20
9815,20
9816,20
9817,6
9818,14
9819,14
9820,116
9821,116
9822,116
9823,67
9824,67
9825,6
9826,6
9827,70
9828,70
9829,6
9830,6
9831,18
9832,18
9833,7
9834,7
9835,5
9836,49
9837,49
9838,84
9839,84
9840,70
9841,52
9842,52
9843,1
9844,1
9845,70
9846,70
9847,70
9848,46
9849,46
9850,46
9851,46
9852,83
9853,83
9854,14
9855,14
9856,67
9857,67
9858,67
9859,67
9860,67
9861,67
9862,67
9863,67
9864,10
9865,37
9866,37
9867,25
9868,126
9869,126
9870,126
9871,126
9872,110
9873,126
9874,126
9875,126
9876,50
9877,50
9878,53
9879,50
9880,50
9881,50
9882,50
9883,110
9884,110
9885,110
9886,110
9887,110
9888,110
9889,78
9890,37
9891,37
9892,37
9893,37
9894,37
9895,37
9896,78
9897,54
9898,14
9899,37
9900,37
9901,37
9902,135
9903,62
9904,135
9905,52
9906,52
9907,52
9908,37
9909,40
9910,40
9911,20
9912,20
9913,75
9914,6
9915,6
9916,6
9917,6
9918,6
9919,6
9920,75
9921,44
9922,44
9923,38
9924,38
9925,44
9926,44
9927,44
9928,44
9929,44
9930,44
9931,44
9932,18
9933,18
9934,44
9935,44
9936,44
9937,133
9938,133
9939,133
9940,133
9941,133
9942,133
9943,133
9944,133
9945,133
9946,133
9947,133
9948,133
9949,133
9950,133
9951,133
9952,133
9953,133
9954,5
9955,5
9956,133
9957,133
9958,133
9959,133
9960,133
9961,133
9962,133
9963,133
9964,50
9965,9
9966,9
9967,30
9968,30
9969,30
9970,4
9971,4
9972,50
9973,30
9974,66
9975,66
9976,49
9977,49
9978,112
9979,112
9980,49
9981,49
9982,49
9983,49
9984,49
9985,21
9986,21
9987,53
9988,55
9989,55
9990,20
9991,20
9992,20
9993,56
9994,30
9995,30
9996,133
9997,133
9998,15
9999,64
10000,64
10001,28
10002,28
10003,133
10004,28
10005,28
10006,28
10007,4
10008,13
10009,13
10010,13
10011,33
10012,33
10013,33
10014,33
10015,33
10016,133
10017,33
10018,33
10019,33
10020,64
10021,28
10022,94
10023,48
10024,48
10025,48
10026,48
10027,94
10028,12
10029,12
10030,60
10031,60
10032,60
10033,94
10034,15
10035,15
10036,15
10037,15
10038,15
10039,15
10040,15
10041,15
10042,94
10043,15
10044,15
10045,30
10046,30
10047,119
10048,30
10049,119
10050,94
10051,94
10052,119
10053,30
10054,94
10055,119
10056,119
10057,90
10058,90
10059,63
10060,63
10061,60
10062,60
10063,134
10064,134
10065,44
10066,44
10067,41
10068,44
10069,77
10070,77
10071,4
10072,44
10073,44
10074,116
10075,24
10076,24
10077,21
10078,21
10079,44
10080,63
10081,63
10082,20
10083,53
10084,67
10085,67
10086,67
10087,67
10088,20
10089,71
10090,71
10091,67
10092,23
10093,67
10094,67
10095,67
10096,67
10097,71
10098,67
10099,67
10100,67
10101,38
10102,38
10103,38
10104,38
10105,15
10106,15
10107,49
10108,49
10109,84
10110,84
10111,15
10112,15
10113,54
10114,54
10115,59
10116,59
10117,15
10118,15
10119,15
10120,28
10121,39
10122,39
10123,39
10124,39
10125,39
10126,77
10127,77
10128,92
10129,92
10130,112
10131,112
10132,112
10133,72
10134,72
10135,72
10136,72
10137,48
10138,48
10139,112
10140,108
10141,108
10142,108
10143,108
10144,6
10145,6
10146,41
10147,41
10148,28
10149,28
10150,28
10151,6
10152,6
10153,29
10154,29
10155,128
10156,128
10157,6
10158,7
10159,7
10160,38
10161,118
10162,118
10163,6
10164,118
10165,118
10166,118
10167,50
10168,50
10169,11
10170,11
10171,47
10172,12
10173,127
10174,6
10175,70
10176,70
10177,25
10178,28
10179,28
10180,28
10181,94
10182,94
10183,108
10184,108
10185,9
10186,45
10187,45
10188,45
10189,45
10190,107
10191,107
10192,107
10193,107
10194,94
10195,104
10196,104
10197,38
10198,6
10199,58
10200,58
10201,58
10202,58
10203,58
10204,74
10205,74
10206,74
10207,42
10208,74
10209,6
10210,42
10211,111
10212,111
10213,111
10214,42
10215,42
10216,4
10217,84
10218,84
10219,84
10220,129
10221,42
10222,115
10223,115
10224,115
10225,115
10226,115
10227,115
10228,115
10229,115
10230,115
10231,25
10232,23
10233,23
10234,86
10235,86
10236,86
10237,23
10238,86
10239,86
10240,86
10241,23
10242,23
10243,23
10244,23
10245,86
10246,86
10247,86
10248,86
10249,13
10250,13
10251,102
10252,102
10253,102
10254,102
10255,35
10256,35
10257,31
10258,31
10259,13
10260,107
10261,107
10262,16
10263,16
10264,16
10265,16
10266,16
10267,16
10268,16
10269,16
10270,16
10271,16
10272,1
10273,16
10274,16
10275,135
10276,135
10277,135
10278,135
10279,1
10280,135
10281,135
10282,135
10283,62
10284,62
10285,62
10286,62
10287,62
10288,1
10289,1
10290,21
10291,21
10292,21
10293,15
10294,15
10295,15
10296,15
10297,15
10298,15
10299,41
10300,60
10301,21
10302,60
10303,60
10304,134
10305,134
10306,134
10307,134
10308,134
10309,135
10310,135
10311,3
10312,3
10313,49
10314,49
10315,40
10316,40
10317,9
10318,44
10319,44
10320,44
10321,97
10322,44
10323,41
10324,63
10325,63
10326,109
10327,109
10328,31
10329,31
10330,44
10331,127
10332,115
10333,115
10334,115
10335,40
10336,40
10337,40
10338,40
10339,40
10340,69
10341,69
10342,136
10343,40
10344,5
10345,40
10346,40
10347,5
10348,5
10349,5
10350,5
10351,5
10352,5
10353,5
10354,5
10355,5
10356,136
10357,53
10358,53
10359,53
10360,53
10361,53
10362,53
10363,53
10364,53
10365,53
10366,53
10367,60
10368,58
10369,58
10370,58
10371,58
10372,119
10373,119
10374,58
10375,117
10376,117
10377,119
10378,119
10379,20
10380,20
10381,20
10382,20
10383,20
10384,20
10385,27
10386,27
10387,41
10388,102
10389,55
10390,55
10391,55
10392,55
10393,55
10394,55
10395,30
10396,30
10397,30
10398,30
10399,102
10400,119
10401,119
10402,119
10403,131
10404,5
10405,115
10406,115
10407,115
10408,115
10409,115
10410,114
10411,114
10412,114
10413,114
10414,5
10415,114
10416,114
10417,52
10418,114
10419,114
10420,85
10421,52
10422,32
10423,32
10424,52
10425,126
10426,126
10427,126
10428,31
10429,47
10430,47
10431,126
10432,10
10433,10
10434,103
10435,103
10436,103
10437,103
10438,103
10439,10
10440,131
10441,131
10442,131
10443,131
10444,10
10445,10
10446,15
10447,15
10448,15
10449,15
10450,15
10451,15
10452,15
10453,15
10454,15
10455,15
10456,15
10457,15
10458,15
10459,15
10460,15
10461,32
10462,32
10463,15
10464,15
10465,15
10466,15
10467,15
10468,15
10469,15
10470,71
10471,15
10472,71
10473,15
10474,15
10475,15
10476,15
10477,79
10478,15
10479,15
10480,15
10481,15
10482,15
10483,15
10484,15
10485,10
10486,10
10487,45
10488,50
10489,50
10490,50
10491,50
10492,50
10493,50
10494,50
10495,50
10496,50
10497,50
10498,50
10499,50
10500,12
10501,12
10502,42
10503,42
10504,47
10505,47
10506,12
10507,76
10508,83
10509,12
10510,77
10511,12
10512,132
10513,4
10514,4
10515,50
10516,59
10517,50
10518,94
10519,94
10520,5
10521,94
10522,94
10523,94
10524,94
10525,94
10526,94
10527,94
10528,94
10529,106
10530,106
10531,106
10532,31
10533,80
10534,80
10535,85
10536,58
10537,58
10538,1
10539,1
10540,13
10541,13
10542,13
10543,13
10544,9
10545,9
10546,9
10547,9
10548,83
10549,83
10550,83
10551,83
10552,83
10553,59
10554,83
10555,59
10556,83
10557,83
10558,59
10559,83
10560,83
10561,83
10562,0
10563,0
10564,108
10565,108
10566,108
10567,59
10568,59
10569,59
10570,70
10571,70
10572,10
10573,57
10574,10
10575,57
10576,6
10577,57
10578,57
10579,57
10580,57
10581,57
10582,57
10583,57
10584,9
10585,9
10586,9
10587,57
10588,127
10589,127
10590,7
10591,7
10592,127
10593,127
10594,57
10595,57
10596,57
10597,7
10598,3
10599,3
10600,49
10601,49
10602,7
10603,35
10604,35
10605,35
10606,35
10607,35
10608,35
10609,44
10610,44
10611,72
10612,72
10613,72
10614,72
10615,72
10616,72
10617,72
10618,72
10619,72
10620,69
10621,69
10622,94
10623,94
10624,68
10625,69
10626,78
10627,78
10628,78
10629,9
10630,9
10631,115
10632,115
10633,115
10634,58
10635,58
10636,71
10637,71
10638,71
10639,74
10640,74
10641,74
10642,74
10643,116
10644,78
10645,78
10646,112
10647,78
10648,112
10649,91
10650,91
10651,78
10652,135
10653,135
10654,135
10655,16
10656,16
10657,16
10658,30
10659,30
10660,97
10661,97
10662,0
10663,97
10664,20
10665,20
10666,8
10667,20
10668,20
10669,40
10670,20
10671,20
10672,20
10673,20
10674,20
10675,40
10676,22
10677,22
10678,22
10679,6
10680,6
10681,6
10682,27
10683,6
10684,6
10685,6
10686,44
10687,44
10688,6
10689,6
10690,7
10691,7
10692,7
10693,7
10694,44
10695,7
10696,7
10697,44
10698,97
10699,40
10700,44
10701,32
10702,32
10703,32
10704,97
10705,44
10706,9
10707,9
10708,9
10709,133
10710,9
10711,97
10712,44
10713,74
10714,74
10715,102
10716,0
10717,73
10718,73
10719,22
10720,22
10721,22
10722,24
10723,24
10724,20
10725,24
10726,33
10727,33
10728,23
10729,23
10730,28
10731,28
10732,28
10733,23
10734,28
10735,28
10736,28
10737,28
10738,28
10739,28
10740,28
10741,28
10742,28
10743,23
10744,28
10745,28
10746,33
10747,28
10748,33
10749,33
10750,33
10751,0
10752,0
10753,34
10754,33
10755,33
10756,33
10757,33
10758,33
10759,33
10760,33
10761,34
10762,33
10763,33
10764,33
10765,33
10766,9
10767,9
10768,33
10769,33
10770,33
10771,33
10772,9
10773,33
10774,38
10775,38
10776,9
10777,9
10778,9
10779,14
10780,9
10781,73
10782,73
10783,73
10784,111
10785,73
10786,73
10787,73
10788,73
10789,73
10790,73
10791,73
10792,83
10793,83
10794,83
10795,49
10796,56
10797,31
10798,55
10799,55
10800,58
10801,66
10802,129
10803,57
10804,6
10805,113
10806,6
10807,0
10808,6
10809,6
10810,6
10811,6
10812,6
10813,84
10814,6
10815,6
10816,6
10817,84
10818,6
10819,6
10820,6
10821,6
10822,6
10823,9
10824,9
10825,49
10826,49
10827,49
10828,49
10829,49
10830,29
10831,49
10832,29
10833,49
10834,49
10835,3
10836,3
10837,49
10838,49
10839,0
10840,49
10841,49
10842,49
10843,49
10844,29
10845,38
10846,28
10847,28
10848,28
10849,28
10850,28
10851,35
10852,105
10853,28
10854,105
10855,38
10856,20
10857,20
10858,38
10859,28
10860,38
10861,132
10862,132
10863,132
10864,78
10865,119
10866,119
10867,28
10868,28
10869,28
10870,28
10871,28
10872,28
10873,28
10874,28
10875,76
10876,28
10877,28
10878,28
10879,27
10880,83
10881,51
10882,51
10883,54
10884,54
10885,43
10886,43
10887,43
10888,27
10889,27
10890,45
10891,45
10892,1
10893,1
10894,104
10895,83
10896,69
10897,69
10898,68
10899,68
10900,83
10901,68
10902,68
10903,83
10904,83
10905,109
10906,106
10907,109
10908,109
10909,13
10910,13
10911,109
10912,109
10913,11
10914,11
10915,11
10916,13
10917,5
10918,5
10919,3
10920,5
10921,5
10922,5
10923,5
10924,3
10925,3
10926,5
10927,3
10928,3
10929,18
10930,18
10931,3
10932,3
10933,18
10934,1
10935,1
10936,1
10937,87
10938,87
10939,87
10940,68
10941,68
10942,71
10943,85
10944,71
10945,68
10946,68
10947,29
10948,29
10949,15
10950,15
10951,15
10952,2
10953,2
10954,15
10955,20
10956,20
10957,15
10958,15
10959,15
10960,2
10961,2
10962,2
10963,2
10964,2
10965,132
10966,132
10967,2
10968,2
10969,2
10970,132
10971,132
10972,118
10973,118
10974,118
10975,118
10976,7
10977,7
10978,18
10979,18
10980,71
10981,20
10982,49
10983,49
10984,84
10985,84
10986,126
10987,126
10988,133
10989,133
10990,133
10991,133
10992,133
10993,9
10994,138
10995,9
10996,9
10997,138
10998,138
10999,138
11000,138
11001,138
11002,138
11003,133
11004,133
11005,133
11006,133
11007,133
11008,133
11009,111
11010,111
11011,100
11012,20
11013,20
11014,20
11015,5
11016,22
11017,22
11018,22
11019,20
11020,20
11021,20
11022,20
11023,20
11024,46
11025,16
11026,16
11027,65
11028,16
11029,16
11030,16
11031,16
11032,16
11033,52
11034,52
11035,14
11036,65
11037,42
11038,42
11039,42
11040,90
11041,90
11042,90
11043,90
11044,90
11045,127
11046,127
11047,127
11048,117
11049,117
11050,117
11051,117
11052,6
11053,6
11054,117
11055,117
11056,48
11057,48
11058,6
11059,44
11060,44
11061,44
11062,44
11063,44
11064,44
11065,44
11066,44
11067,6
11068,44
11069,44
11070,44
11071,44
11072,40
11073,40
11074,44
11075,17
11076,17
11077,109
11078,109
11079,17
11080,17
11081,109
11082,17
11083,17
11084,17
11085,120
11086,23
11087,131
11088,131
11089,131
11090,5
11091,17
11092,17
11093,17
11094,32
11095,32
11096,5
11097,32
11098,2
11099,2
11100,3
11101,16
11102,16
11103,16
11104,11
11105,11
11106,11
11107,11
11108,3
11109,3
11110,18
11111,18
11112,18
11113,7
11114,7
11115,3
11116,29
11117,108
11118,108
11119,21
11120,103
11121,39
11122,39
11123,39
11124,39
11125,63
11126,32
11127,29
11128,29
11129,24
11130,23
11131,1
11132,1
11133,1
11134,0
11135,0
11136,10
11137,88
11138,88
11139,10
11140,88
11141,88
11142,88
11143,88
11144,88
11145,88
11146,85
11147,10
11148,10
11149,85
11150,114
11151,68
11152,85
11153,85
11154,20
11155,20
11156,68
11157,68
11158,68
11159,68
11160,137
11161,137
11162,68
11163,30
11164,30
11165,30
11166,131
11167,131
11168,36
11169,102
11170,102
11171,36
11172,34
11173,34
11174,94
11175,55
11176,36
11177,29
11178,36
11179,128
11180,128
11181,131
11182,131
11183,131
11184,131
11185,84
11186,94
11187,7
11188,7
11189,110
11190,10
11191,10
11192,10
11193,10
11194,10
11195,10
11196,10
11197,10
11198,0
11199,10
11200,10
11201,127
11202,127
11203,127
11204,127
11205,127
11206,9
11207,9
11208,23
11209,10
11210,127
11211,127
11212,9
11213,10
11214,10
11215,10
11216,10
11217,10
11218,10
11219,10
11220,10
11221,10
11222,10
11223,10
11224,10
11225,127
11226,37
11227,127
11228,127
11229,127
11230,29
11231,127
11232,127
11233,10
11234,10
11235,10
11236,23
11237,104
11238,104
11239,104
11240,104
11241,104
11242,20
11243,58
11244,58
11245,58
11246,33
11247,30
11248,30
11249,33
11250,64
11251,3
11252,3
11253,3
11254,3
11255,3
11256,3
11257,3
11258,50
11259,3
11260,3
11261,3
11262,3
11263,3
11264,3
11265,49
11266,3
11267,49
11268,50
11269,137
11270,137
11271,137
11272,137
11273,137
11274,69
11275,69
11276,69
11277,69
11278,52
11279,71
11280,7
11281,71
11282,79
11283,80
11284,80
11285,80
11286,110
11287,110
11288,110
11289,71
11290,0
11291,40
11292,49
11293,3
11294,49
11295,49
11296,49
11297,49
11298,49
11299,84
11300,84
11301,84
11302,84
11303,84
11304,84
11305,84
11306,84
11307,129
11308,129
11309,129
11310,129
11311,129
11312,115
11313,49
11314,84
11315,84
11316,129
11317,63
11318,63
11319,63
11320,77
11321,77
11322,77
11323,77
11324,105
11325,105
11326,105
11327,105
11328,31
11329,40
11330,31
11331,109
11332,115
11333,72
11334,72
11335,72
11336,10
11337,10
11338,10
11339,10
11340,115
11341,6
11342,6
11343,98
11344,73
11345,73
11346,73
11347,104
11348,104
11349,104
11350,104
11351,17
11352,17
11353,17
11354,17
11355,126
11356,78
11357,17
11358,22
11359,22
11360,22
11361,22
11362,22
11363,78
11364,22
11365,22
11366,22
11367,22
11368,22
11369,22
11370,126
11371,22
11372,25
11373,25
11374,7
11375,7
11376,7
11377,7
11378,25
11379,7
11380,7
11381,7
11382,7
11383,25
11384,25
11385,25
11386,77
11387,25
11388,23
11389,23
11390,28
11391,28
11392,28
11393,28
11394,28
11395,57
11396,28
11397,28
11398,57
11399,28
11400,105
11401,63
11402,12
11403,12
11404,12
11405,106
11406,131
11407,131
11408,82
11409,82
11410,20
11411,20
11412,62
11413,44
11414,44
11415,44
11416,62
11417,121
11418,121
11419,9
11420,9
11421,86
11422,86
11423,86
11424,86
11425,9
11426,86
11427,86
11428,86
11429,86
11430,44
11431,44
11432,44
11433,105
11434,105
11435,18
11436,18
11437,18
11438,18
11439,18
11440,27
11441,18
11442,18
11443,18
11444,18
11445,54
11446,24
11447,24
11448,24
11449,24
11450,43
11451,86
11452,86
11453,86
11454,87
11455,87
11456,87
11457,25
11458,87
11459,87
11460,87
11461,66
11462,87
11463,66
11464,66
11465,25
11466,9
11467,9
11468,9
11469,48
11470,9
11471,9
11472,48
11473,12
11474,12
11475,12
11476,12
11477,12
11478,12
11479,12
11480,12
11481,12
11482,12
11483,12
11484,9
11485,12
11486,12
11487,12
11488,12
11489,9
11490,12
11491,12
11492,12
11493,12
11494,12
11495,12
11496,12
11497,9
11498,12
11499,12
11500,131
11501,131
11502,0
11503,75
11504,75
11505,75
11506,75
11507,23
11508,23
11509,0
11510,12
11511,12
11512,12
11513,66
11514,66
11515,66
11516,66
11517,66
11518,66
11519,66
11520,66
11521,42
11522,0
11523,107
11524,103
11525,0
11526,103
11527,103
11528,103
11529,103
11530,77
11531,77
11532,77
11533,77
11534,0
11535,1
11536,1
11537,49
11538,49
11539,84
11540,84
11541,1
11542,32
11543,32
11544,33
11545,33
11546,33
11547,5
11548,128
11549,128
11550,82
11551,82
11552,82
11553,82
11554,82
11555,82
11556,82
11557,82
11558,82
11559,21
11560,21
11561,82
11562,82
11563,82
11564,21
11565,82
11566,82
11567,82
11568,128
11569,128
11570,128
11571,128
11572,128
11573,128
11574,128
11575,128
11576,21
11577,128
11578,128
11579,128
11580,128
11581,128
11582,128
11583,128
11584,128
11585,128
11586,128
11587,128
11588,128
11589,13
11590,36
11591,36
11592,128
11593,27
11594,27
11595,27
11596,27
11597,36
11598,27
11599,27
11600,27
11601,27
11602,27
11603,27
11604,27
11605,36
11606,45
11607,39
11608,39
11609,36
11610,39
11611,36
11612,39
11613,45
11614,57
11615,57
11616,84
11617,10
11618,10
11619,10
11620,84
11621,10
11622,10
11623,10
11624,84
11625,10
11626,21
11627,84
11628,21
11629,21
11630,21
11631,21
11632,21
11633,21
11634,84
11635,84
11636,21
11637,21
11638,21
11639,21
11640,21
11641,21
11642,21
11643,21
11644,103
11645,21
11646,103
11647,103
11648,103
11649,103
11650,103
11651,2
11652,2
11653,2
11654,17
11655,11
11656,11
11657,11
11658,11
11659,72
11660,130
11661,72
11662,130
11663,5
11664,87
11665,87
11666,85
11667,2
11668,85
11669,85
11670,85
11671,85
11672,113
11673,52
11674,72
11675,14
11676,14
11677,130
11678,109
11679,109
11680,2
11681,109
11682,109
11683,2
11684,51
11685,51
11686,51
11687,51
11688,51
11689,51
11690,44
11691,44
11692,58
11693,58
11694,13
11695,14
11696,14
11697,14
11698,66
11699,66
11700,66
11701,66
11702,66
11703,66
11704,66
11705,66
11706,53
11707,53
11708,20
11709,20
11710,22
11711,22
11712,28
11713,28
11714,5
11715,5
11716,45
11717,1
11718,28
11719,112
11720,112
11721,112
11722,112
11723,28
11724,12
11725,87
11726,87
11727,59
11728,40
11729,40
11730,59
11731,12
11732,48
11733,48
11734,12
11735,48
11736,46
11737,85
11738,114
11739,46
11740,114
11741,114
11742,114
11743,68
11744,68
11745,46
11746,46
11747,68
11748,46
11749,130
11750,46
11751,68
11752,46
11753,68
11754,68
11755,55
11756,55
11757,13
11758,46
11759,13
11760,13
11761,36
11762,36
11763,36
11764,36
11765,36
11766,36
11767,34
11768,34
11769,34
11770,14
11771,14
11772,34
11773,34
11774,48
11775,48
11776,25
11777,48
11778,25
11779,86
11780,26
11781,86
11782,25
11783,28
11784,36
11785,58
11786,58
11787,58
11788,58
11789,58
11790,58
11791,58
11792,58
11793,58
11794,6
11795,103
11796,103
11797,103
11798,103
11799,36
11800,13
11801,36
11802,18
11803,18
11804,18
11805,128
11806,128
11807,128
11808,128
11809,128
11810,128
11811,33
11812,128
11813,128
11814,128
11815,59
11816,128
11817,87
11818,54
11819,87
11820,87
11821,87
11822,87
11823,87
11824,87
11825,66
11826,66
11827,54
11828,66
11829,54
11830,67
11831,67
11832,66
11833,108
11834,20
11835,108
11836,83
11837,83
11838,33
11839,133
11840,87
11841,87
11842,87
11843,133
11844,36
11845,36
11846,36
11847,36
11848,52
11849,110
11850,33
11851,33
11852,20
11853,20
11854,9
11855,135
11856,9
11857,83
11858,83
11859,83
11860,83
11861,67
11862,94
11863,67
11864,94
11865,119
11866,119
11867,119
11868,39
11869,52
11870,54
11871,78
11872,78
11873,78
11874,78
11875,83
11876,76
11877,76
11878,76
11879,76
11880,76
11881,76
11882,76
11883,29
11884,29
11885,76
11886,76
11887,76
11888,76
11889,76
11890,20
11891,29
11892,90
11893,27
11894,131
11895,76
11896,76
11897,76
11898,76
11899,76
11900,76
11901,131
11902,76
11903,76
11904,131
11905,1
11906,36
11907,86
11908,35
11909,53
11910,53
11911,53
11912,53
11913,53
11914,53
11915,87
11916,87
11917,71
11918,71
11919,71
11920,32
11921,32
11922,19
11923,19
11924,32
11925,103
11926,107
11927,107
11928,107
11929,107
11930,55
11931,40
11932,51
11933,40
11934,51
11935,127
11936,127
11937,71
11938,17
11939,17
11940,0
11941,71
11942,21
11943,75
11944,75
11945,75
11946,75
11947,78
11948,108
11949,108
11950,108
11951,108
11952,126
11953,55
11954,55
11955,55
11956,77
11957,77
11958,77
11959,77
11960,77
11961,77
11962,77
11963,77
11964,104
11965,77
11966,77
11967,77
11968,77
11969,77
11970,6
11971,77
11972,104
11973,77
11974,77
11975,104
11976,77
11977,126
11978,104
11979,77
11980,77
11981,77
11982,77
11983,126
11984,104
11985,104
11986,104
11987,104
11988,104
11989,104
11990,63
11991,78
11992,78
11993,48
11994,48
11995,15
11996,23
11997,15
11998,15
11999,6
12000,23
12001,102
12002,102
12003,104
12004,104
12005,104
12006,104
12007,66
12008,66
12009,66
12010,66
12011,66
12012,66
12013,66
12014,53
12015,66
12016,66
12017,88
12018,88
12019,88
12020,88
12021,88
12022,53
12023,88
12024,88
12025,88
12026,88
12027,88
12028,88
12029,13
12030,13
12031,66
12032,6
12033,48
12034,48
12035,48
12036,21
12037,21
12038,74
12039,74
12040,74
12041,74
12042,106
12043,120
12044,120
12045,120
12046,104
12047,104
12048,76
12049,72
12050,9
12051,9
12052,9
12053,9
12054,9
12055,9
12056,9
12057,9
12058,9
12059,9
12060,9
12061,9
12062,9
12063,9
12064,9
12065,9
12066,9
12067,36
12068,36
12069,36
12070,14
12071,36
12072,36
12073,36
12074,36
12075,36
12076,13
12077,14
12078,14
12079,13
12080,13
12081,13
12082,13
12083,13
12084,13
12085,13
12086,14
12087,13
12088,13
12089,25
12090,25
12091,25
12092,39
12093,39
12094,39
12095,39
12096,39
12097,39
12098,25
12099,25
12100,25
12101,25
12102,74
12103,74
12104,74
12105,25
12106,74
12107,74
12108,74
12109,74
12110,74
12111,74
12112,6
12113,74
12114,74
12115,39
12116,39
12117,63
12118,39
12119,39
12120,39
12121,63
12122,39
12123,107
12124,107
12125,113
12126,30
12127,30
12128,107
12129,35
12130,35
12131,35
12132,35
12133,35
12135,31
12136,31
12137,31
12138,31
12139,31
12140,50
12141,31
12142,31
12143,31
12144,36
12145,36
12146,31
12147,31
12148,31
12149,31
12150,31
12151,31
12152,109
12153,78
12154,140
12155,82
12156,82
12157,82
12158,0
12159,0
12160,119
12161,45
12162,36
12163,94
12164,6
12165,36
12166,2
12167,14
12168,24
12169,24
12170,24
12171,2
12172,2
12173,85
12174,114
12175,2
12176,114
12177,19
12178,19
12179,66
12180,19
12181,104
12182,19
12183,19
12184,19
12185,18
12186,18
12187,18
12188,18
12189,18
12190,18
12191,18
12192,18
12193,18
12194,18
12195,18
12196,18
12197,18
12198,15
12199,15
12200,48
12201,34
12202,34
12203,34
12204,116
12205,116
12206,116
12207,108
12208,108
12209,108
12210,108
12211,71
12212,108
12213,108
12214,21
12215,21
12216,21
12217,21
12218,21
12219,21
12220,46
12221,21
12222,32
12223,32
12224,32
12225,32
12226,32
12227,109
12228,5
12229,78
12230,126
12231,78
12232,18
12233,18
12234,18
12235,71
12236,21
12237,21
12238,21
12239,116
12240,116
12241,116
12242,24
12243,24
12244,24
12245,24
12246,24
12247,24
12248,24
12249,24
12250,116
12251,78
12252,78
12253,38
12254,38
12255,109
12256,109
12257,78
12258,109
12259,78
12260,12
12261,12
12262,84
12263,84
12264,79
12265,26
12266,26
12267,26
12268,110
12269,110
12270,74
12271,110
12272,74
12273,2
12274,2
12275,110
12276,65
12277,110
12278,65
12279,65
12280,2
12281,2
12282,2
12283,2
12284,110
12285,17
12286,17
12287,17
12288,17
12289,17
12290,17
12291,17
12292,23
12293,23
12294,13
12295,86
12296,86
12297,111
12298,86
12299,86
12300,40
12301,66
12302,22
12303,22
12304,66
12305,20
12306,19
12307,29
12308,23
12309,19
12310,2
12311,20
12312,20
12313,56
12314,56
12315,56
12316,56
12317,56
12318,56
12319,56
12320,56
12321,2
12322,94
12323,94
12324,94
12325,79
12326,79
12327,20
12328,20
12329,43
12330,20
12331,20
12332,20
12333,22
12334,22
12335,22
12336,43
12337,97
12338,97
12339,71
12340,71
12341,97
12342,97
12343,97
12344,97
12345,97
12346,97
12347,1
12348,97
12349,97
12350,97
12351,97
12352,97
12353,138
12354,138
12355,128
12356,128
12357,128
12358,128
12359,128
12360,59
12361,59
12362,102
12363,102
12364,15
12365,102
12366,102
12367,102
12368,102
12369,102
12370,126
12371,78
12372,126
12373,15
12374,6
12375,6
12376,58
12377,58
12378,1
12379,1
12380,80
12381,80
12382,80
12383,1
12384,80
12385,80
12386,1
12387,80
12388,71
12389,1
12390,28
12391,28
12392,45
12393,45
12394,45
12395,58
12396,58
12397,45
12398,58
12399,58
12400,5
12401,0
12402,0
12403,36
12404,36
12405,36
12406,21
12407,21
12408,21
12409,21
12410,12
12411,120
12412,120
12413,120
12414,120
12415,120
12416,13
12417,49
12418,49
12419,49
12420,84
12421,84
12422,84
12423,126
12424,126
12425,120
12426,120
12427,120
12428,120
12429,126
12430,120
12431,126
12432,23
12433,35
12434,35
12435,126
12436,126
12437,126
12438,126
12439,15
12440,15
12441,15
12442,35
12443,53
12444,53
12445,35
12446,34
12447,35
12448,34
12449,34
12450,10
12451,38
12452,35
12453,18
12454,1
12455,1
12456,7
12457,118
12458,48
12459,48
12460,59
12461,14
12462,10
12463,10
12464,16
12465,23
12466,84
12467,84
12468,49
12469,84
12470,84
12471,73
12472,73
12473,84
12474,103
12475,103
12476,103
12477,103
12478,103
12479,103
12480,103
12481,85
12482,85
12483,85
12484,68
12485,44
12486,15
12487,97
12488,86
12489,16
12490,84
12491,84
12492,67
12493,66
12494,56
12495,56
12496,94
12497,94
12498,100
12499,100
12500,94
12501,94
12502,94
12503,94
12504,94
12505,100
12506,56
12507,56
12508,111
12509,111
12510,100
12511,63
12512,52
12513,100
12514,100
12515,29
12516,10
12517,111
12518,1
12519,1
12520,47
12521,47
12522,47
12523,47
12524,47
12525,59
12526,47
12527,47
12528,47
12529,12
12530,47
12531,12
12532,59
12533,66
12534,0
12535,12
12536,12
12537,12
12538,12
12539,12
12540,137
12541,137
12542,12
12543,60
12544,60
12545,60
12546,60
12547,24
12548,24
12549,24
12550,24
12551,24
12552,24
12553,24
12554,24
12555,25
12556,24
12557,79
12558,24
12559,25
12560,25
12561,25
12562,6
12563,6
12564,64
12565,64
12566,64
12567,66
12568,66
12569,66
12570,14
12571,54
12572,66
12573,66
12574,66
12575,64
12576,64
12577,64
12578,64
12579,64
12580,14
12581,66
12582,66
12583,66
12584,66
12585,66
12586,66
12587,66
12588,66
12589,55
12590,66
12591,37
12592,77
12593,77
12594,78
12595,78
12596,80
12597,80
12598,80
12599,45
12600,1
12601,45
12602,45
12603,45
12604,45
12605,45
12606,1
12607,45
12608,45
12609,1
12610,83
12611,31
12612,31
12613,31
12614,13
12615,77
12616,77
12617,137
12618,40
12619,7
12620,32
12621,32
12622,32
12623,57
12624,20
12625,20
12626,33
12627,40
12628,20
12629,20
12630,6
12631,6
12632,120
12633,120
12634,120
12635,120
12636,120
12637,120
12638,108
12639,108
12640,120
12641,105
12642,108
12643,108
12644,108
12645,108
12646,137
12647,108
12648,22
12649,108
12650,105
12651,78
12652,78
12653,47
12654,47
12655,30
12656,30
12657,47
12658,30
12659,30
12660,102
12661,102
12662,102
12663,40
12664,40
12665,40
12666,47
12667,116
12668,10
12669,20
12670,10
12671,10
12672,115
12673,115
12674,115
12675,66
12676,30
12677,30
12678,131
12679,59
12680,33
12681,33
12682,127
12683,127
12684,127
12685,127
12686,66
12687,66
12688,6
12689,6
12690,66
12691,36
12692,28
12693,36
12694,29
12695,29
12696,28
12697,28
12698,29
12699,29
12700,28
12701,28
12702,28
12703,28
12704,111
12705,111
12706,94
12707,25
12708,109
12709,10
12710,111
12711,111
12712,8
12713,8
12714,8
12715,25
12716,67
12717,67
12718,67
12719,33
12720,83
12721,94
12722,94
12723,2
12724,105
12725,20
12726,125
12727,125
12728,2
12729,97
12730,97
12731,12
12732,12
12733,12
12734,12
12735,97
12736,43
12737,43
12738,14
12739,14
12740,14
12741,26
12742,26
12743,97
12744,26
12745,26
12746,26
12747,26
12748,26
12749,26
12750,26
12751,26
12752,26
12753,111
12754,111
12755,111
12756,111
12757,111
12758,111
12759,111
12760,111
12761,111
12762,111
12763,111
12764,111
12765,111
12766,31
12767,31
12768,31
12769,31
12770,120
12771,120
12772,120
12773,120
12774,5
12775,5
12776,31
12777,31
12778,5
12779,5
12780,5
12781,31
12782,39
12783,39
12784,39
12785,39
12786,39
12787,31
12788,39
12789,39
12790,39
12791,39
12792,39
12793,39
12794,112
12795,78
12796,112
12797,112
12798,120
12799,120
12800,78
12801,120
12802,78
12803,72
12804,72
12805,138
12806,102
12807,102
12808,102
12809,38
12810,103
12811,117
12812,115
12813,133
12814,20
12815,20
12816,100
12817,100
12818,79
12819,18
12820,18
12821,118
12822,118
12823,109
12824,36
12825,126
12826,126
12827,0
12828,0
12829,0
12830,126
12831,98
12832,98
12833,98
12834,98
12835,98
12836,98
12837,98
12838,98
12839,98
12840,98
12841,76
12842,76
12843,27
12844,126
12845,75
12846,58
12847,58
12848,58
12849,117
12850,50
12851,58
12852,51
12853,51
12854,127
12855,127
12856,10
12857,10
12858,10
12859,10
12860,10
12861,21
12862,21
12863,21
12864,21
12865,21
12866,21
12867,21
12868,21
12869,21
12870,21
12871,21
12872,132
12873,44
12874,40
12875,44
12876,44
12877,44
12878,44
12879,44
12880,44
12881,54
12882,44
12883,44
12884,44
12885,44
12886,54
12887,44
12888,44
12889,44
12890,126
12891,44
12892,44
12893,44
12894,44
12895,126
12896,44
12897,132
12898,21
12899,23
12900,23
12901,21
12902,21
12903,21
12904,67
12905,67
12906,21
12907,21
12908,21
12909,21
12910,21
12911,67
12912,21
12913,21
12914,10
12915,23
12916,17
12917,17
12918,17
12919,62
12920,0
12921,74
12922,74
12923,1
12924,29
12925,29
12926,1
12927,1
12928,70
12929,40
12930,6
12931,40
12932,40
12933,6
12934,40
12935,40
12936,40
12937,9
12938,18
12939,7
12940,9
12941,5
12942,5
12943,5
12944,62
12945,33
12946,33
12947,33
12948,19
12949,33
12950,84
12951,84
12952,84
12953,19
12954,102
12955,102
12956,102
12957,86
12958,86
12959,9
12960,9
12961,9
12962,58
12963,58
12964,58
12965,58
12966,58
12967,58
12968,58
12969,58
12970,9
12971,5
12972,5
12973,45
12974,1
12975,45
12976,13
12977,13
12978,62
12979,42
12980,42
12981,42
12982,42
12983,42
12984,22
12985,22
12986,22
12987,22
12988,24
12989,24
12990,22
12991,22
12992,22
12993,22
12994,22
12995,22
12996,22
12997,24
12998,24
12999,22
13000,20
13001,20
13002,20
13003,20
13004,20
13005,20
13006,20
13007,20
13008,20
13009,20
13010,20
13011,20
13012,20
13013,36
13014,64
13015,64
13016,64
13017,97
13018,97
13019,137
13020,137
13021,137
13022,79
13023,8
13024,8
13025,8
13026,29
13027,106
13028,106
13029,82
13030,54
13031,82
13032,82
13033,54
13034,6
13035,20
13036,20
13037,20
13038,20
13039,20
13040,20
13041,76
13042,20
13043,76
13044,22
13045,22
13046,22
13047,22
13048,22
13049,22
13050,31
13051,39
13052,39
13053,39
13054,52
13055,39
13056,39
13057,62
13058,71
13059,71
13060,112
13061,28
13062,28
13063,28
13064,28
13065,100
13066,28
13067,28
13068,119
13069,119
13070,119
13071,119
13072,100
13073,119
13074,13
13075,13
13076,13
13077,20
13078,20
13079,66
13080,33
13081,33
13082,20
13083,120
13084,6
13085,6
13086,6
13087,6
13088,18
13089,120
13090,18
13091,136
13092,133
13093,9
13094,27
13095,26
13096,27
13097,27
13098,27
13099,28
13100,28
13101,26
13102,26
13103,28
13104,28
13105,26
13106,28
13107,1
13108,1
13109,6
13110,115
13111,115
13112,115
13113,130
13114,19
13115,13
13116,13
13117,13
13118,79
13119,79
13120,13
13121,79
13122,79
13123,79
13124,13
13125,43
13126,40
13127,62
13128,67
13129,67
13130,52
13131,12
13132,12
13133,12
13134,12
13135,5
13136,5
13137,66
13138,116
13139,116
13140,116
13141,116
13142,137
13143,84
13144,137
13145,15
13146,15
13147,108
13148,108
13149,2
13150,2
13151,2
13152,2
13153,52
13154,52
13155,2
13156,2
13157,108
13158,108
13159,118
13160,118
13161,32
13162,78
13163,78
13164,1
13165,1
13166,38
13167,38
13168,38
13169,78
13170,7
13171,7
13172,78
13173,7
13174,7
13175,7
13176,7
13177,78
13178,127
13179,127
13180,127
13181,127
13182,127
13183,78
13184,37
13185,63
13186,94
13187,94
13188,29
13189,94
13190,94
13191,94
13192,94
13193,94
13194,94
13195,94
13196,94
13197,94
13198,94
13199,10
13200,108
13201,108
13202,94
13203,94
13204,94
13205,37
13206,94
13207,103
13208,103
13209,67
13210,67
13211,67
13212,67
13213,67
13214,67
13215,14
13216,14
13217,84
13218,84
13219,84
13220,56
13221,78
13222,78
13223,78
13224,78
13225,43
13226,18
13227,18
13228,18
13229,18
13230,18
13231,18
13232,7
13233,7
13234,7
13235,7
13236,7
13237,103
13238,103
13239,30
13240,30
13241,15
13242,47
13243,55
13244,20
13245,20
13246,20
13247,20
13248,20
13249,106
13250,106
13251,106
13252,7
13253,55
13254,6
13255,67
13256,64
13257,67
13258,67
13259,67
13260,64
13261,13
13262,64
13263,28
13264,13
13265,13
13266,13
13267,13
13268,13
13269,32
13270,32
13271,32
13272,32
13273,82
13274,82
13275,82
13276,82
13277,82
13278,82
13279,3
13280,3
13281,82
13282,82
13283,59
13284,3
13285,86
13286,78
13287,86
13288,86
13289,86
13290,86
13291,86
13292,86
13293,86
13294,125
13295,125
13296,86
13297,86
13298,86
13299,86
13300,86
13301,86
13302,86
13303,26
13304,26
13305,56
13306,26
13307,24
13308,24
13309,24
13310,24
13311,24
13312,24
13313,24
13314,110
13315,110
13316,80
13317,24
13318,24
13319,24
13320,24
13321,25
13322,24
13323,25
13324,24
13325,24
13326,51
13327,69
13328,69
13329,110
13330,110
13331,110
13332,110
13333,110
13334,110
13335,110
13336,110
13337,110
13338,110
13339,50
13340,50
13341,50
13342,50
13343,56
13344,56
13345,50
13346,50
13347,50
13348,0
13349,0
13350,0
13351,0
13352,0
13353,0
13354,0
13355,0
13356,12
13357,12
13358,12
13359,12
13360,12
13361,12
13362,83
13363,83
13364,12
13365,83
13366,83
13367,83
13368,83
13369,49
13370,83
13371,83
13372,83
13373,83
13374,83
13375,83
13376,83
13377,83
13378,83
13379,83
13380,83
13381,83
13382,76
13383,22
13384,22
13385,105
13386,105
13387,105
13388,105
13389,105
13390,105
13391,105
13392,105
13393,105
13394,56
13395,56
13396,20
13397,49
13398,22
13399,22
13400,22
13401,22
13402,22
13403,76
13404,76
13405,76
13406,27
13407,83
13408,83
13409,83
13410,83
13411,12
13412,12
13413,53
13414,53
13415,53
13416,120
13417,120
13418,53
13419,103
13420,14
13421,14
13422,27
13423,59
13424,59
13425,59
13426,59
13427,59
13428,59
13429,59
13430,33
13431,33
13432,33
13433,33
13434,33
13435,20
13436,20
13437,20
13438,20
13439,20
13440,20
13441,20
13442,20
13443,20
13444,20
13445,20
13446,20
13447,20
13448,27
13449,27
13450,27
13451,27
13452,27
13453,27
13454,59
13455,59
13456,59
13457,59
13458,59
13459,59
13460,59
13461,59
13462,0
13463,0
13464,59
13465,59
13466,59
13467,1
13468,1
13469,1
13470,1
13471,20
13472,20
13473,33
13474,20
13475,33
13476,33
13477,33
13478,33
13479,33
13480,33
13481,23
13482,27
13483,98
13484,1
13485,1
13486,13
13487,64
13488,13
13489,64
13490,64
13491,20
13492,20
13493,20
13494,1
13495,1
13496,1
13497,33
13498,38
13499,47
13500,18
13501,68
13502,31
13503,99
13504,65
13505,126
13506,126
13507,126
13508,0
13509,113
13510,78
13511,78
13512,86
13513,114
13514,114
13515,114
13516,58
13517,27
13518,27
13519,27
13520,27
13521,14
13522,18
13523,18
13524,28
13525,28
13526,28
13527,28
13528,28
13529,105
13530,13
13531,13
13532,13
13533,13
13534,13
13535,13
13536,7
13537,7
13538,7
13539,7
13540,107
13541,107
13542,107
13543,107
13544,107
13545,2
13546,41
13547,41
13548,1
13549,41
13550,60
13551,60
13552,60
13553,60
13554,60
13555,141
13556,60
13557,141
13558,141
13559,41
13560,60
13561,41
13562,41
13563,49
13564,49
13565,71
13566,71
13567,116
13568,116
13569,69
13570,69
13571,69
13572,116
13573,116
13574,106
13575,106
13576,106
13577,130
13578,130
13579,6
13580,5
13581,5
13582,5
13583,5
13584,3
13585,3
13586,3
13587,131
13588,130
13589,131
13590,63
13591,63
13592,32
13593,32
13594,40
13595,40
13596,5
13597,5
13598,102
13599,102
13600,102
13601,102
13602,102
13603,102
13604,3
13605,49
13606,125
13607,58
13608,18
13609,18
13610,18
13611,18
13612,18
13613,18
13614,7
13615,18
13616,130
13617,130
13618,7
13619,7
13620,130
13621,7
13622,7
13623,7
13624,7
13625,7
13626,58
13627,74
13628,20
13629,20
13630,20
13631,33
13632,20
13633,79
13634,79
13635,79
13636,79
13637,79
13638,79
13639,79
13640,79
13641,79
13642,79
13643,79
13644,79
13645,79
13646,79
13647,79
13648,79
13649,79
13650,79
13651,126
13652,126
13653,126
13654,126
13655,110
13656,110
13657,78
13658,78
13659,78
13660,78
13661,78
13662,78
13663,78
13664,78
13665,78
13666,78
13667,110
13668,110
13669,110
13670,126
13671,126
13672,126
13673,126
13674,13
13675,13
13676,14
13677,14
13678,14
13679,14
13680,14
13681,15
13682,92
13683,92
13684,74
13685,74
13686,74
13687,5
13688,5
13689,5
13690,5
13691,32
13692,28
13693,60
13694,60
13695,60
13696,32
13697,32
13698,32
13699,20
13700,44
13701,44
13702,97
13703,97
13704,15
13705,15
13706,30
13707,15
13708,15
13709,15
13710,15
13711,15
13712,15
13713,30
13714,30
13715,30
13716,30
13717,30
13718,2
13719,2
13720,2
13721,2
13722,2
13723,2
13724,2
13725,2
13726,2
13727,2
13728,2
13729,2
13730,2
13731,2
13732,2
13733,2
13734,2
13735,2
13736,2
13737,2
13738,2
13739,2
13740,2
13741,2
13742,2
13743,30
13744,30
13745,30
13746,15
13747,15
13748,30
13749,29
13750,29
13751,29
13752,29
13753,29
13754,58
13755,58
13756,58
13757,58
13758,58
13759,58
13760,58
13761,58
13762,58
13763,58
13764,58
13765,58
13766,58
13767,5
13768,5
13769,49
13770,49
13771,3
13772,49
13773,49
13774,49
13775,52
13776,52
13777,66
13778,58
13779,66
13780,66
13781,66
13782,66
13783,71
13784,8
13785,8
13786,19
13787,19
13788,8
13789,8
13790,8
13791,73
13792,73
13793,2
13794,2
13795,72
13796,17
13797,17
13798,63
13799,63
13800,17
13801,63
13802,2
13803,2
13804,17
13805,17
13806,18
13807,18
13808,18
13809,18
13810,117
13811,117
13812,19
13813,117
13814,117
13815,58
13816,58
13817,58
13818,88
13819,67
13820,82
13821,82
13822,82
13823,82
13824,82
13825,86
13826,86
13827,86
13828,86
13829,86
13830,86
13831,66
13832,26
13833,26
13834,26
13835,26
13836,26
13837,100
13838,100
13839,106
13840,100
13841,106
13842,33
13843,11
13844,11
13845,11
13846,6
13847,6
13848,6
13849,6
13850,6
13851,6
13852,6
13853,75
13854,75
13855,19
13856,13
13857,33
13858,110
13859,110
13860,7
13861,7
13862,7
13863,7
13864,7
13865,33
13866,33
13867,42
13868,3
13869,3
13870,33
13871,3
13872,3
13873,3
13874,3
13875,3
13876,3
13877,34
13878,34
13879,29
13880,34
13881,34
13882,20
13883,20
13884,13
13885,13
13886,13
13887,128
13888,128
13889,128
13890,128
13891,128
13892,128
13893,100
13894,100
13895,100
13896,36
13897,36
13898,36
13899,36
13900,5
13901,5
13902,41
13903,59
13904,59
13905,59
13906,59
13907,59
13908,59
13909,59
13910,59
13911,59
13912,59
13913,59
13914,59
13915,59
13916,106
13917,29
13918,6
13919,33
13920,14
13921,14
13922,14
13923,14
13924,32
13925,32
13926,53
13927,53
13928,44
13929,44
13930,44
13931,7
13932,4
13933,7
13934,7
13935,7
13936,7
13937,7
13938,7
13939,7
13940,7
13941,7
13942,7
13943,7
13944,7
13945,7
13946,7
13947,7
13948,7
13949,7
13950,7
13951,7
13952,18
13953,18
13954,18
13955,11
13956,11
13957,11
13958,11
13959,11
13960,29
13961,11
13962,11
13963,11
13964,109
13965,109
13966,109
13967,109
13968,106
13969,106
13970,106
13971,7
13972,7
13973,7
13974,7
13975,7
13976,7
13977,7
13978,7
13979,4
13980,106
13981,120
13982,120
13983,109
13984,11
13985,11
13986,11
13987,18
13988,18
13989,47
13990,7
13991,7
13992,7
13993,128
13994,128
13995,128
13996,128
13997,128
13998,128
13999,59
14000,131
14001,131
14002,21
14003,16
14004,16
14005,16
14006,16
14007,15
14008,63
14009,63
14010,50
14011,110
14012,58
14013,58
14014,131
14015,131
14016,131
14017,71
14018,71
14019,71
14020,71
14021,71
14022,71
14023,71
14024,71
14025,71
14026,18
14027,18
14028,18
14029,18
14030,54
14031,54
14032,54
14033,25
14034,13
14035,13
14036,41
14037,41
14038,41
14039,41
14040,41
14041,41
14042,41
14043,41
14044,41
14045,41
14046,41
14047,55
14048,70
14049,46
14050,47
14051,7
14052,7
14053,25
14054,7
14055,7
14056,118
14057,118
14058,118
14059,118
14060,65
14061,65
14062,13
14063,13
14064,34
14065,34
14066,34
14067,34
14068,34
14069,34
14070,34
14071,34
14072,34
14073,34
14074,34
14075,34
14076,34
14077,48
14078,48
14079,48
14080,48
14081,48
14082,48
14083,90
14084,28
14085,28
14086,28
14087,63
14088,63
14089,20
14090,20
14091,62
14092,112
14093,49
14094,112
14095,112
14096,12
14097,12
14098,12
14099,3
14100,3
14101,48
14102,71
14103,48
14104,48
14105,48
14106,48
14107,48
14108,48
14109,48
14110,48
14111,85
14112,85
14113,70
14114,70
14115,26
14116,26
14117,26
14118,52
14119,120
14120,85
14121,85
14122,26
14123,26
14124,94
14125,13
14126,13
14127,13
14128,13
14129,13
14130,13
14131,120
14132,107
14133,107
14134,107
14135,107
14136,60
14137,60
14138,60
14139,60
14140,131
14141,23
14142,23
14143,29
14144,53
14145,53
14146,40
14147,40
14148,40
14149,40
14150,40
14151,40
14152,40
14153,40
14154,40
14155,40
14156,40
14157,40
14158,40
14159,40
14160,53
14161,53
14162,40
14163,40
14164,72
14165,72
14166,50
14167,72
14168,72
14169,50
14170,50
14171,50
14172,72
14173,72
14174,50
14175,50
14176,126
14177,126
14178,126
14179,50
14180,50
14181,53
14182,53
14183,53
14184,53
14185,67
14186,67
14187,67
14188,86
14189,86
14190,86
14191,53
14192,53
14193,53
14194,135
14195,18
14196,18
14197,15
14198,20
14199,20
14200,20
14201,119
14202,119
14203,119
14204,119
14205,24
14206,24
14207,24
14208,24
14209,18
14210,36
14211,67
14212,18
14213,29
14214,29
14215,29
14216,29
14217,29
14218,65
14219,65
14220,65
14221,27
14222,27
14223,27
14224,27
14225,27
14226,27
14227,27
14228,27
14229,128
14230,128
14231,128
14232,29
14233,59
14234,59
14235,59
14236,59
14237,59
14238,29
14239,59
14240,82
14241,59
14242,59
14243,59
14244,29
14245,59
14246,81
14247,81
14248,65
14249,65
14250,29
14251,65
14252,65
14253,128
14254,27
14255,27
14256,128
14257,128
14258,128
14259,128
14260,128
14261,29
14262,128
14263,128
14264,77
14265,77
14266,29
14267,77
14268,29
14269,13
14270,29
14271,117
14272,117
14273,23
14274,67
14275,67
14276,67
14277,67
14278,67
14279,67
14280,23
14281,23
14282,103
14283,103
14284,22
14285,83
14286,76
14287,27
14288,27
14289,27
14290,21
14291,21
14292,103
14293,18
14294,18
14295,118
14296,118
14297,18
14298,118
14299,78
14300,21
14301,10
14302,21
14303,21
14304,10
14305,136
14306,120
14307,120
14308,125
14309,125
14310,68
14311,68
14312,68
14313,130
14314,130
14315,130
14316,130
14317,131
14318,131
14319,130
14320,40
14321,40
14322,40
14323,117
14324,40
14325,40
14326,40
14327,40
14328,40
14329,40
14330,131
14331,131
14332,40
14333,13
14334,40
14335,40
14336,70
14337,70
14338,119
14339,2
14340,2
14341,49
14342,31
14343,117
14344,31
14345,117
14346,28
14347,28
14348,28
14349,13
14350,105
14351,84
14352,84
14353,34
14354,84
14355,84
14356,107
14357,31
14358,34
14359,107
14360,107
14361,59
14362,59
14363,59
14364,34
14365,34
14366,59
14367,4
14368,4
14369,4
14370,34
14371,34
14372,34
14373,134
14374,34
14375,134
14376,34
14377,53
14378,53
14379,53
14380,58
14381,58
14382,58
14383,58
14384,34
14385,53
14386,80
14387,80
14388,109
14389,109
14390,109
14391,34
14392,108
14393,108
14394,108
14395,108
14396,108
14397,34
14398,57
14399,51
14400,51
14401,34
14402,29
14403,29
14404,6
14405,29
14406,29
14407,49
14408,29
14409,128
14410,128
14411,128
14412,128
14413,31
14414,82
14415,82
14416,82
14417,82
14418,29
14419,64
14420,21
14421,21
14422,103
14423,103
14424,29
14425,6
14426,6
14427,29
14428,29
14429,30
14430,30
14431,30
14432,30
14433,30
14434,131
14435,60
14436,60
14437,60
14438,60
14439,60
14440,60
14441,60
14442,60
14443,141
14444,60
14445,79
14446,132
14447,132
14448,103
14449,132
14450,9
14451,9
14452,9
14453,132
14454,80
14455,82
14456,82
14457,115
14458,115
14459,115
14460,104
14461,104
14462,135
14463,135
14464,12
14465,12
14466,12
14467,12
14468,12
14469,12
14470,125
14471,2
14472,78
14473,131
14474,78
14475,78
14476,78
14477,78
14478,78
14479,79
14480,79
14481,105
14482,67
14483,67
14484,67
14485,40
14486,40
14487,40
14488,40
14489,104
14490,104
14491,104
14492,104
14493,41
14494,41
14495,41
14496,41
14497,41
14498,41
14499,41
14500,41
14501,41
14502,41
14503,41
14504,41
14505,41
14506,41
14507,134
14508,134
14509,134
14510,134
14511,134
14512,134
14513,134
14514,134
14515,130
14516,79
14517,79
14518,79
14519,48
14520,43
14521,15
14522,15
14523,15
14524,72
14525,72
14526,31
14527,111
14528,72
14529,72
14530,111
14531,111
14532,111
14533,40
14534,111
14535,79
14536,72
14537,72
14538,21
14539,85
14540,85
14541,85
14542,3
14543,111
14544,3
14545,94
14546,111
14547,12
14548,12
14549,111
14550,5
14551,5
14552,43
14553,43
14554,18
14555,18
14556,18
14557,18
14558,18
14559,7
14560,7
14561,118
14562,7
14563,37
14564,64
14565,67
14566,37
14567,37
14568,83
14569,37
14570,60
14571,60
14572,43
14573,41
14574,41
14575,41
14576,41
14577,82
14578,29
14579,82
14580,82
14581,37
14582,103
14583,114
14584,114
14585,5
14586,5
14587,39
14588,3
14589,39
14590,3
14591,3
14592,3
14593,85
14594,26
14595,26
14596,26
14597,13
14598,13
14599,33
14600,28
14601,33
14602,14
14603,14
14604,13
14605,13
14606,13
14607,13
14608,13
14609,28
14610,28
14611,28
14612,28
14613,28
14614,28
14615,78
14616,78
14617,78
14618,78
14619,78
14620,97
14621,97
14622,116
14623,67
14624,67
14625,38
14626,43
14627,45
14628,67
14629,67
14630,67
14631,67
14632,67
14633,67
14634,67
14635,67
14636,67
14637,67
14638,6
14639,58
14640,74
14641,74
14642,74
14643,39
14644,39
14645,12
14646,47
14647,31
14648,133
14649,120
14650,133
14651,9
14652,102
14653,102
14654,102
14655,102
14656,21
14657,21
14658,103
14659,6
14660,6
14661,16
14662,16
14663,15
14664,16
14665,18
14666,7
14667,42
14668,11
14669,12
14670,12
14671,36
14672,36
14673,12
14674,12
14675,14
14676,14
14677,14
14678,14
14679,14
14680,14
14681,14
14682,14
14683,14
14684,14
14685,14
14686,110
14687,110
14688,110
14689,110
14690,110
14691,92
14692,92
14693,92
14694,92
14695,92
14696,92
14697,92
14698,92
14699,92
14700,79
14701,79
14702,79
14703,79
14704,79
14705,79
14706,71
14707,71
14708,71
14709,71
14710,71
14711,71
14712,19
14713,19
14714,71
14715,92
14716,92
14717,92
14718,92
14719,79
14720,79
14721,79
14722,79
14723,79
14724,19
14725,19
14726,71
14727,71
14728,71
14729,71
14730,71
14731,71
14732,100
14733,100
14734,100
14735,100
14736,75
14737,117
14738,117
14739,73
14740,73
14741,32
14742,29
14743,29
14744,128
14745,128
14746,128
14747,78
14748,109
14749,109
14750,109
14751,109
14752,104
14753,23
14754,23
14755,30
14756,67
14757,90
14758,90
14759,58
14760,4
14761,47
14762,47
14763,4
14764,4
14765,4
14766,4
14767,0
14768,4
14769,127
14770,127
14771,127
14772,127
14773,9
14774,58
14775,53
14776,58
14777,32
14778,41
14779,32
14780,32
14781,30
14782,30
14783,30
14784,32
14785,28
14786,42
14787,11
14788,32
14789,7
14790,7
14791,119
14792,119
14793,119
14794,119
14795,32
14796,28
14797,28
14798,32
14799,28
14800,28
14801,28
14802,32
14803,28
14804,28
14805,28
14806,21
14807,21
14808,21
14809,21
14810,128
14811,128
14812,32
14813,128
14814,44
14815,32
14816,44
14817,32
14818,22
14819,22
14820,38
14821,38
14822,38
14823,12
14824,38
14825,3
14826,3
14827,3
14828,10
14829,38
14830,38
14831,136
14832,112
14833,38
14834,85
14835,85
14836,38
14837,9
14838,49
14839,49
14840,49
14841,15
14842,73
14843,73
14844,73
14845,53
14846,131
14847,103
14848,131
14849,103
14850,116
14851,103
14852,106
14853,103
14854,87
14855,87
14856,87
14857,87
14858,87
14859,87
14860,103
14861,58
14862,66
14863,58
14864,58
14865,53
14866,53
14867,53
14868,103
14869,53
14870,53
14871,53
14872,53
14873,103
14874,103
14875,1
14876,1
14877,82
14878,103
14879,65
14880,103
14881,42
14882,15
14883,15
14884,94
14885,103
14886,94
14887,103
14888,77
14889,131
14890,131
14891,131
14892,131
14893,103
14894,82
14895,81
14896,30
14897,2
14898,2
14899,112
14900,112
14901,112
14902,103
14903,45
14904,45
14905,45
14906,67
14907,67
14908,103
14909,32
14910,32
14911,34
14912,34
14913,34
14914,34
14915,34
14916,34
14917,62
14918,135
14919,135
14920,135
14921,79
14922,79
14923,79
14924,79
14925,79
14926,36
14927,36
14928,36
14929,14
14930,14
14931,14
14932,14
14933,103
14934,79
14935,79
14936,79
14937,79
14938,79
14939,71
14940,36
14941,14
14942,36
14943,36
14944,52
14945,52
14946,52
14947,36
14948,18
14949,103
14950,18
14951,18
14952,18
14953,18
14954,18
14955,62
14956,16
14957,16
14958,16
14959,16
14960,16
14961,16
14962,27
14963,29
14964,29
14965,103
14966,29
14967,29
14968,29
14969,90
14970,90
14971,90
14972,119
14973,90
14974,90
14975,119
14976,119
14977,119
14978,119
14979,119
14980,119
14981,119
14982,103
14983,119
14984,119
14985,119
14986,119
14987,30
14988,30
14989,30
14990,30
14991,30
14992,30
14993,15
14994,15
14995,15
14996,15
14997,15
14998,15
14999,15
15000,15
15001,15
15002,16
15003,16
15004,103
15005,15
15006,62
15007,16
15008,62
15009,135
15010,135
15011,135
15012,135
15013,135
15014,135
15015,135
15016,135
15017,135
15018,135
15019,135
15020,135
15021,103
15022,97
15023,9
15024,103
15025,32
15026,32
15027,97
15028,75
15029,75
15030,97
15031,75
15032,75
15033,75
15034,75
15035,75
15036,75
15037,32
15038,32
15039,97
15040,32
15041,41
15042,41
15043,97
15044,36
15045,36
15046,97
15047,97
15048,70
15049,104
15050,97
15051,2
15052,17
15053,109
15054,109
15055,31
15056,31
15057,97
15058,86
15059,97
15060,26
15061,71
15062,16
15063,137
15064,15
15065,15
15066,97
15067,63
15068,63
15069,63
15070,97
15071,77
15072,104
15073,77
15074,77
15075,43
15076,97
15077,43
15078,43
15079,108
15080,108
15081,108
15082,43
15083,84
15084,84
15085,97
15086,105
15087,105
15088,88
15089,116
15090,116
15091,48
15092,116
15093,10
15094,10
15095,10
15096,10
15097,67
15098,88
15099,70
15100,20
15101,20
15102,137
15103,137
15104,137
15105,28
15106,72
15107,46
15108,46
15109,46
15110,46
15111,42
15112,11
15113,42
15114,11
15115,48
15116,48
15117,48
15118,13
15119,48
15120,48
15121,48
15122,48
15123,31
15124,109
15125,45
15126,45
15127,45
15128,88
15129,49
15130,84
15131,84
15132,84
15133,78
15134,24
15135,60
15136,41
15137,60
15138,41
15139,41
15140,41
15141,41
15142,41
15143,41
15144,41
15145,41
15146,77
15147,104
15148,104
15149,104
15150,104
15151,104
15152,104
15153,104
15154,104
15155,65
15156,65
15157,82
15158,82
15159,82
15160,82
15161,82
15162,82
15163,82
15164,82
15165,77
15166,77
15167,41
15168,41
15169,41
15170,41
15171,134
15172,41
15173,134
15174,81
15175,81
15176,65
15177,104
15178,65
15179,104
15180,104
15181,104
15182,24
15183,72
15184,72
15185,24
15186,54
15187,40
15188,54
15189,41
15190,41
15191,126
15192,45
15193,18
15194,18
15195,18
15196,18
15197,41
15198,41
15199,131
15200,131
15201,131
15202,131
15203,45
15204,9
15205,9
15206,49
15207,78
15208,78
15209,78
15210,78
15211,112
15212,112
15213,112
15214,66
15215,66
15216,58
15217,58
15218,58
15219,58
15220,58
15221,66
15222,48
15223,111
15224,111
15225,126
15226,38
15227,38
15228,21
15229,21
15230,21
15231,21
15232,21
15233,21
15234,21
15235,21
15236,132
15237,21
15238,132
15239,103
15240,132
15241,103
15242,132
15243,132
15244,103
15245,132
15246,44
15247,44
15248,97
15249,44
15250,97
15251,44
15252,97
15253,97
15254,97
15255,97
15256,103
15257,103
15258,103
15259,103
15260,103
15261,103
15262,21
15263,21
15264,21
15265,21
15266,131
15267,65
15268,19
15269,19
15270,35
15271,26
15272,26
15273,97
15274,97
15275,97
15276,35
15277,117
15278,117
15279,117
15280,117
15281,66
15282,44
15283,126
15284,76
15285,76
15286,76
15287,76
15288,76
15289,105
15290,20
15291,20
15292,20
15293,20
15294,13
15295,13
15296,13
15297,13
15298,13
15299,28
15300,28
15301,28
15302,28
15303,105
15304,105
15305,105
15306,105
15307,105
15308,105
15309,105
15310,105
15311,44
15312,48
15313,15
15314,48
15315,15
15316,15
15317,15
15318,16
15319,16
15320,62
15321,62
15322,62
15323,62
15324,62
15325,62
15326,62
15327,112
15328,112
15329,112
15330,126
15331,49
15332,49
15333,49
15334,49
15335,116
15336,116
15337,50
15338,73
15339,68
15340,74
15341,74
15342,74
15343,69
15344,119
15345,119
15346,83
15347,83
15348,68
15349,74
15350,74
15351,112
15352,112
15353,112
15354,112
15355,112
15356,2
15357,2
15358,13
15359,66
15360,13
15361,66
15362,9
15363,67
15364,86
15365,18
15366,7
15367,58
15368,58
15369,11
15370,11
15371,11
15372,11
15373,78
15374,107
15375,107
15376,78
15377,78
15378,125
15379,49
15380,49
15381,18
15382,7
15383,7
15384,73
15385,85
15386,68
15387,54
15388,32
15389,75
15390,32
15391,75
15392,29
15393,19
15394,19
15395,19
15396,19
15397,19
15398,19
15399,19
15400,19
15401,19
15402,19
15403,19
15404,19
15405,104
15406,19
15407,104
15408,104
15409,104
15410,104
15411,104
15412,104
15413,104
15414,104
15415,104
15416,19
15417,104
15418,19
15419,79
15420,73
15421,19
15422,19
15423,19
15424,29
15425,29
15426,40
15427,34
15428,34
15429,34
15430,34
15431,58
15432,58
15433,3
15434,3
15435,3
15436,28
15437,49
15438,49
15439,49
15440,36
15441,36
15442,36
15443,37
15444,37
15445,29
15446,29
15447,37
15448,37
15449,13
15450,13
15451,15
15452,15
15453,15
15454,15
15455,119
15456,119
15457,119
15458,119
15459,119
15460,119
15461,119
15462,119
15463,90
15464,119
15465,119
15466,119
15467,119
15468,90
15469,74
15470,74
15471,74
15472,74
15473,74
15474,74
15475,36
15476,112
15477,112
15478,112
15479,112
15480,112
15481,112
15482,112
15483,112
15484,112
15485,112
15486,112
15487,112
15488,112
15489,112
15490,112
15491,112
15492,112
15493,112
15494,19
15495,19
15496,19
15497,19
15498,102
15499,99
15500,132
15501,36
15502,67
15503,67
15504,67
15505,67
15506,67
15507,67
15508,67
15509,67
15510,67
15511,67
15512,67
15513,67
15514,67
15515,67
15516,67
15517,32
15518,32
15519,32
15520,86
15521,86
15522,86
15523,86
15524,87
15525,3
15526,112
15527,36
15528,75
15529,46
15530,46
15531,46
15532,46
15533,65
15534,65
15535,19
15536,104
15537,104
15538,104
15539,104
15540,104
15541,19
15542,104
15543,19
15544,104
15545,104
15546,104
15547,104
15548,104
15549,41
15550,60
15551,41
15552,60
15553,60
15554,60
15555,60
15556,19
15557,19
15558,19
15559,19
15560,19
15561,104
15562,41
15563,65
15564,65
15565,65
15566,36
15567,82
15568,82
15569,82
15570,82
15571,82
15572,82
15573,82
15574,82
15575,82
15576,82
15577,82
15578,82
15579,82
15580,82
15581,82
15582,82
15583,131
15584,128
15585,128
15586,128
15587,128
15588,128
15589,128
15590,128
15594,29
15595,131
15596,131
15597,131
15598,131
15599,131
15600,131
15601,67
15602,131
15603,131
15604,131
15605,131
15606,82
15607,82
15608,82
15609,82
15610,29
15611,29
15612,28
15613,28
15614,28
15615,88
15616,67
15617,108
15618,108
15619,7
15620,137
15621,137
15622,88
15623,10
15624,57
15625,18
15626,30
15627,30
15628,73
15629,20
15630,34
15631,41
15632,41
15633,4
15634,4
15635,4
15636,4
15637,4
15638,4
15639,4
15640,4
15641,42
15642,47
15643,47
15644,116
15645,26
15646,26
15647,26
15648,26
15649,26
15650,116
15651,67
15652,67
15653,67
15654,67
15655,24
15656,24
15657,53
15658,53
15659,74
15660,74
15661,74
15662,26
15663,26
15664,47
15665,47
15666,47
15667,112
15668,85
15669,1
15670,1
15671,1
15672,85
15673,85
15674,85
15675,66
15676,9
15677,75
15678,75
15679,75
15680,75
15681,75
15682,75
15683,75
15684,30
15685,108
15686,106
15687,106
15688,106
15689,106
15690,106
15691,106
15692,106
15693,6
15694,106
15695,106
15696,106
15697,106
15698,6
15699,13
15700,118
15701,7
15702,109
15703,108
15704,24
15705,24
15706,24
15707,112
15708,86
15709,86
15710,115
15711,115
15712,115
15713,130
15714,115
15715,108
15716,34
15717,34
15718,36
15719,36
15720,20
15721,3
15722,3
15723,3
15724,29
15725,29
15726,34
15727,34
15728,44
15729,109
15730,109
15731,31
15732,31
15733,17
15734,63
15735,69
15736,54
15737,54
15738,54
15739,16
15740,16
15741,16
15742,16
15743,62
15744,24
15745,24
15746,24
15747,6
15748,24
15749,24
15750,24
15751,24
15752,24
15753,24
15754,24
15755,24
15756,24
15757,24
15758,24
15759,24
15760,24
15761,24
15762,24
15763,73
15764,73
15765,73
15766,73
15767,73
15768,73
15769,7
15770,7
15771,6
15772,104
15773,104
15774,131
15775,87
15776,58
15777,58
15778,64
15779,87
15780,14
15781,87
15782,119
15783,38
15784,38
15785,127
15786,36
15787,36
15788,36
15789,36
15790,36
15791,34
15792,34
15793,34
15794,34
15795,100
15796,36
15797,36
15798,100
15799,36
15800,34
15801,44
15802,44
15803,44
15804,7
15805,118
15806,118
15807,118
15808,7
15809,7
15810,41
15811,41
15812,41
15813,41
15814,51
15815,51
15816,13
15817,33
15818,33
15819,39
15820,39
15821,39
15822,112
15823,112
15824,112
15825,112
15826,112
15827,112
15828,112
15829,112
15830,82
15831,128
15832,112
15833,112
15834,112
15835,82
15836,44
15837,85
15838,85
15839,128
15840,85
15841,68
15842,68
15843,131
15844,39
15845,39
15846,5
15847,5
15848,1
15849,1
15850,1
15851,73
15852,73
15853,1
15854,66
15855,66
15856,66
15857,62
15858,62
15859,62
15860,62
15861,52
15862,62
15863,73
15864,62
15865,62
15866,1
15867,1
15868,39
15869,39
15870,39
15871,39
15872,112
15873,34
15874,34
15875,34
15876,34
15877,34
15878,73
15879,73
15880,73
15881,36
15882,36
15883,36
15884,73
15885,7
15886,7
15887,7
15888,7
15889,73
15890,121
15891,55
15892,55
15893,67
15894,18
15895,18
15896,18
15897,18
15898,132
15899,132
15900,132
15901,64
15902,64
15903,28
15904,28
15905,28
15906,28
15907,105
15908,105
15909,105
15910,105
15911,105
15912,105
15913,105
15914,105
15915,105
15916,105
15917,105
15918,111
15919,105
15920,105
15921,119
15922,25
15923,25
15924,24
15925,25
15926,24
15927,37
15928,25
15929,25
15930,37
15931,25
15932,25
15933,101
15934,101
15935,101
15936,101
15937,74
15938,74
15939,39
15940,15
15941,87
15942,87
15943,18
15944,26
15945,19
15946,19
15947,19
15948,19
15949,19
15950,19
15951,19
15952,19
15953,19
15954,19
15955,19
15956,19
15957,19
15958,19
15959,19
15960,19
15961,19
15962,19
15963,19
15964,19
15965,104
15966,104
15967,104
15968,104
15969,104
15970,104
15971,104
15972,104
15973,104
15974,19
15975,19
15976,19
15977,19
15978,19
15979,104
15980,104
15981,104
15982,104
15983,58
15984,58
15985,100
15986,22
15987,44
15988,73
15989,67
15990,58
15991,58
15992,58
15993,58
15994,58
15995,58
15996,53
15997,53
15998,67
15999,6
16000,38
16001,38
16002,6
16003,102
16004,102
16005,102
16006,15
16007,104
16008,104
16009,32
16010,67
16011,32
16012,32
16013,32
16014,14
16015,28
16016,28
16017,33
16018,33
16019,33
16020,110
16021,110
16022,110
16023,110
16024,110
16025,110
16026,110
16027,50
16028,50
16029,50
16030,50
16031,50
16032,50
16033,50
16034,50
16035,50
16036,9
16037,15
16038,6
16039,6
16040,6
16041,6
16042,6
16043,6
16044,6
16045,6
16046,85
16047,65
16048,14
16049,13
16050,14
16051,14
16052,13
16053,13
16054,13
16055,13
16056,13
16057,30
16058,67
16059,106
16060,53
16061,53
16062,53
16063,53
16064,53
16065,53
16066,106
16067,53
16068,53
16069,38
16070,38
16071,35
16072,35
16073,106
16074,79
16075,79
16076,79
16077,36
16078,36
16079,106
16080,30
16081,30
16082,30
16083,2
16084,2
16085,2
16086,2
16087,102
16088,29
16089,29
16090,3
16091,3
16092,3
16093,3
16094,80
16095,80
16096,2
16097,40
16098,102
16099,14
16100,14
16101,41
16102,60
16103,137
16104,137
16105,137
16106,137
16107,137
16108,137
16109,49
16110,49
16111,60
16112,60
16113,3
16114,3
16115,14
16116,66
16117,112
16118,23
16119,14
16120,14
16121,23
16122,103
16123,91
16124,28
16125,28
16126,28
16127,45
16128,45
16129,45
16130,117
16131,117
16132,117
16133,32
16134,38
16135,6
16136,6
16137,45
16138,45
16139,100
16140,36
16141,36
16142,36
16143,36
16144,36
16145,137
16146,137
16147,66
16148,137
16149,137
16150,13
16151,13
16152,66
16153,66
16154,14
16155,66
16156,87
16157,66
16158,66
16159,3
16160,96
16161,90
16162,32
16163,104
16164,66
16165,142
16166,142
16167,142
16168,142
16169,142
16170,142
16171,142
16172,142
16173,142
16174,142
16175,142
16176,142
16177,142
16178,32
16179,41
16180,41
16181,50
16182,32
16183,32
16184,86
16185,85
16186,85
16187,67
16188,22
16189,22
16190,106
16191,6
16192,6
16193,81
16194,81
16195,66
16196,119
16197,119
16198,28
16199,28
16200,84
16201,84
16202,84
16203,84
16204,142
16205,142
16206,84
16207,84
16208,2
16209,2
16210,17
16211,17
16212,138
16213,138
16214,32
16215,41
16216,66
16217,6
16218,6
16219,31
16220,100
16221,100
16222,100
16223,100
16224,4
16225,4
16226,6
16227,6
16228,6
16229,6
16230,6
16231,6
16232,6
16233,31
16234,31
16235,31
16236,31
16237,31
16238,31
16239,31
16240,109
16241,31
16242,109
16243,109
16244,6
16245,6
16246,6
16247,6
16248,6
16249,6
16250,6
16251,6
16252,31
16253,6
16254,109
16255,109
16256,109
16257,109
16258,109
16259,109
16260,109
16261,18
16262,18
16263,18
16264,18
16265,18
16266,18
16267,18
16268,18
16269,18
16270,7
16271,7
16272,7
16273,7
16274,7
16275,18
16276,18
16277,18
16278,18
16279,18
16280,18
16281,18
16282,118
16283,5
16284,69
16285,69
16286,69
16287,69
16288,75
16289,75
16290,75
16291,75
16292,74
16293,26
16294,26
16295,26
16296,26
16297,26
16298,26
16299,26
16300,26
16301,26
16302,26
16303,26
16304,26
16305,26
16306,26
16307,26
16308,26
16309,26
16310,26
16311,26
16312,24
16313,24
16314,24
16315,24
16316,24
16317,24
16318,66
16319,24
16320,24
16321,24
16322,24
16323,24
16324,24
16325,24
16326,24
16327,24
16328,24
16329,24
16330,24
16331,24
16332,111
16333,26
16334,26
16335,26
16336,26
16337,26
16338,26
16339,26
16340,26
16341,26
16342,26
16343,32
16344,32
16345,32
16346,32
16347,23
16348,23
16349,23
16350,66
16351,98
16352,98
16353,86
16354,28
16355,85
16356,48
16357,48
16358,48
16359,48
16360,105
16361,105
16362,29
16363,4
16364,4
16365,4
16366,4
16367,4
16368,4
16369,4
16370,7
16371,7
16372,7
16373,7
16374,7
16375,7
16376,7
16377,7
16378,4
16379,4
16380,4
16381,4
16382,9
16383,9
16384,57
16385,78
16386,78
16387,3
16388,49
16389,102
16390,41
16391,41
16392,44
16393,13
16394,13
16395,44
16396,44
16397,106
16398,33
16399,53
16400,83
16401,83
16402,83
16403,26
16404,114
16405,114
16406,108
16407,108
16408,64
16409,108
16410,44
16411,44
16412,44
16413,83
16414,41
16415,83
16416,38
16417,35
16418,77
16419,106
16420,106
16421,73
16422,128
16423,62
16424,41
16425,105
16426,105
16427,112
16428,112
16429,68
16430,129
16431,24
16432,116
16433,74
16434,39
16435,112
16436,64
16437,19
16438,19
16439,19
16440,19
16441,19
16442,29
16443,29
16444,29
16445,19
16446,19
16447,103
16448,103
16449,103
16450,103
16451,62
16452,132
16453,132
16454,132
16455,132
16456,14
16457,14
16458,13
16459,13
16460,14
16461,13
16462,64
16463,64
16464,6
16465,6
16466,6
16467,6
16468,6
16469,6
16470,62
16471,73
16472,73
16473,73
16474,109
16475,62
16476,39
16477,39
16478,39
16479,3
16480,115
16481,105
16482,20
16483,37
16484,37
16485,37
16486,37
16487,25
16488,24
16489,24
16490,24
16491,24
16492,24
16493,62
16494,62
16495,62
16496,62
16497,62
16498,62
16499,62
16500,62
16501,62
16502,3
16503,30
16504,30
16505,2
16506,30
16507,2
16508,108
16509,108
16510,32
16511,28
16512,62
16513,20
16514,20
16515,20
16516,20
16517,80
16518,35
16519,68
16520,119
16521,51
16522,51
16523,51
16524,51
16525,20
16526,22
16527,22
16528,22
16529,42
16530,42
16531,66
16532,66
16533,66
16534,28
16535,28
16536,105
16537,107
16538,107
16539,62
16540,69
16541,69
16542,33
16543,33
16544,62
16545,20
16546,106
16547,135
16548,78
16549,52
16550,92
16551,4
16552,44
16553,44
16554,44
16555,44
16556,44
16557,44
16558,44
16559,42
16560,44
16561,137
16562,137
16563,42
16564,17
16565,62
16566,63
16567,10
16568,33
16569,33
16570,33
16571,33
16572,33
16573,20
16574,20
16575,20
16576,20
16577,42
16578,14
16579,33
16580,33
16581,78
16582,78
16583,78
16584,78
16585,78
16586,140
16587,140
16588,140
16589,140
16590,42
16591,47
16592,42
16593,18
16594,18
16595,18
16596,18
16597,42
16598,18
16599,18
16600,68
16601,62
16602,32
16603,32
16604,88
16605,88
16606,88
16607,28
16608,28
16609,15
16610,43
16611,43
16612,58
16613,58
16614,87
16615,66
16616,66
16617,87
16618,66
16619,66
16620,87
16621,87
16622,87
16623,87
16624,79
16625,127
16626,6
16627,6
16628,106
16629,106
16630,106
16631,106
16632,6
16633,43
16634,28
16635,59
16636,67
16637,88
16638,23
16639,38
16640,38
16641,112
16642,112
16643,112
16644,130
16645,69
16646,69
16647,69
16648,69
16649,69
16650,38
16651,103
16652,0
16653,58
16654,58
16655,58
16656,48
16657,48
16658,48
16659,48
16660,44
16661,44
16662,44
16663,44
16664,16
16665,119
16666,67
16667,110
16668,110
16669,32
16670,12
16671,83
16672,47
16673,47
16674,47
16675,47
16676,47
16677,119
16678,119
16679,35
16680,35
16681,38
16682,29
16683,107
16684,80
16685,24
16686,26
16687,66
16688,66
16689,21
16690,28
16691,6
16692,6
16693,14
16694,14
16695,14
16696,14
16697,14
16698,14
16699,131
16700,131
16701,131
16702,131
16703,6
16704,6
16705,3
16706,3
16707,20
16708,45
16709,1
16710,67
16711,67
16712,119
16713,20
16714,24
16715,102
16716,102
16717,80
16718,35
16719,80
16720,35
16721,28
16722,28
16723,15
16724,15
16725,15
16726,15
16727,74
16728,74
16729,44
16730,28
16731,28
16732,105
16733,106
16734,58
16735,18
16736,84
16737,49
16738,84
16739,84
16740,11
16741,11
16742,21
16743,21
16744,21
16745,21
16746,21
16747,21
16748,132
16749,132
16750,32
16751,32
16752,75
16753,75
16754,75
16755,14
16756,36
16757,99
16758,99
16759,34
16760,113
16761,33
16762,85
16763,88
16764,88
16765,88
16766,67
16767,67
16768,67
16769,67
16770,18
16771,31
16772,42
16773,47
16774,47
16775,47
16776,2
16777,33
16778,2
16779,107
16780,3
16781,3
16782,114
16783,114
16784,68
16785,68
16786,68
16787,68
16788,69
16789,69
16790,69
16791,69
16792,47
16793,6
16794,108
16795,29
16796,117
16797,16
16798,13
16799,13
16800,13
16801,13
16802,116
16803,106
16804,106
16805,62
16806,52
16807,52
16808,20
16809,20
16810,106
16811,2
16812,2
16813,2
16814,131
16815,66
16816,36
16819,48
16820,48
16821,48
16822,48
16823,48
16824,48
16825,66
16826,68
16827,2
16828,2
16829,2
16830,52
16831,52
16832,52
16833,39
16834,39
16835,39
16836,39
16837,39
16838,39
16839,39
16840,39
16841,39
16842,107
16843,107
16844,44
16845,38
16846,38
16847,38
16848,38
16849,10
16850,10
16851,45
16852,45
16853,45
16854,45
16855,45
16856,45
16857,45
16858,45
16859,45
16860,45
16861,45
16862,45
16863,59
16864,45
16865,27
16866,27
16867,27
16868,27
16869,27
16870,27
16871,27
16872,27
16873,27
16874,27
16875,27
16876,27
16877,27
16878,27
16879,27
16880,27
16881,27
16882,20
16883,76
16884,20
16885,20
16886,20
16887,27
16888,27
16889,27
16890,59
16891,27
16892,59
16893,59
16894,59
16895,59
16896,59
16897,45
16898,87
16899,87
16900,36
16901,36
16902,36
16903,16
16904,16
16905,16
16906,67
16907,67
16908,67
16909,67
16910,67
16911,67
16912,67
16913,67
16914,67
16915,32
16916,23
16917,66
16918,66
16919,23
16920,67
16921,23
16922,32
16923,23
16924,23
16925,32
16926,32
16927,14
16928,14
16929,14
16930,3
16931,112
16932,79
16933,79
16934,79
16935,79
16936,79
16937,79
16938,79
16939,106
16940,59
16941,66
16942,66
16943,66
16944,66
16945,66
16946,66
16947,66
16948,66
16949,66
16950,66
16951,66
16952,66
16953,66
16954,16
16955,48
16956,107
16957,63
16958,63
16959,21
16960,21
16961,2
16962,34
16963,103
16964,103
16965,107
16966,107
16967,107
16968,34
16969,112
16970,112
16971,112
16972,29
16973,69
16974,69
16975,35
16976,86
16977,13
16978,114
16979,128
16980,128
16981,10
16982,21
16983,21
16984,21
16985,21
16986,6
16987,6
16988,6
16989,85
16990,16
16991,16
16992,16
16993,16
16994,15
16995,15
16996,102
16997,102
16998,102
16999,102
17000,102
17001,102
17002,10
17003,10
17004,39
17005,5
17006,38
17007,35
17008,4
17009,21
17010,21
17011,4
17012,18
17013,31
17014,31
17015,31
17016,18
17017,115
17018,33
17019,115
17020,115
17021,115
17022,20
17023,20
17024,115
17025,20
17026,69
17027,69
17028,69
17029,69
17030,20
17031,20
17032,114
17033,115
17034,64
17035,115
17036,32
17037,32
17038,19
17039,19
17040,40
17041,39
17042,63
17043,63
17044,63
17045,63
17046,63
17047,79
17048,33
17049,33
17050,33
17051,112
17052,30
17053,133
17054,9
17055,68
17056,68
17057,68
17058,68
17059,53
17060,79
17061,134
17062,134
17063,134
17064,134
17065,27
17066,83
17067,27
17068,2
17069,17
17070,30
17071,30
17072,33
17073,33
17074,33
17075,65
17076,63
17077,41
17078,60
17079,58
17080,42
17081,116
17082,116
17083,116
17084,116
17085,116
17086,116
17087,116
17088,59
17089,59
17090,6
17091,75
17092,6
17093,14
17094,13
17095,64
17096,64
17097,84
17098,84
17099,55
17100,119
17101,73
17102,40
17103,40
17104,50
17105,50
17106,20
17107,20
17108,13
17109,53
17110,36
17111,36
17112,36
17113,51
17114,51
17115,40
17116,40
17117,50
17118,6
17119,116
17120,116
17121,59
17122,119
17123,59
17124,133
17125,41
17126,41
17127,117
17128,18
17129,18
17130,112
17131,83
17132,83
17133,83
17134,25
17135,25
17136,25
17137,66
17138,66
17139,25
17140,25
17141,25
17142,6
17143,134
17144,134
17145,48
17146,62
17147,62
17148,5
17149,5
17150,115
17151,58
17152,54
17153,66
17154,36
17155,36
17156,36
17157,5
17158,5
17159,54
17160,58
17161,58
17162,58
17163,54
17164,36
17165,106
17166,68
17167,16
17168,16
17169,55
17170,55
17171,21
17172,21
17173,21
17174,21
17175,132
17176,11
17177,11
17178,11
17179,11
17180,18
17181,18
17182,80
17183,31
17184,31
17185,31
17186,117
17187,31
17188,31
17189,18
17190,18
17191,18
17192,18
17193,38
17194,18
17195,18
17196,11
17197,11
17198,11
17199,42
17200,42
17201,42
17202,42
17203,42
17204,42
17205,6
17206,21
17207,132
17208,132
17209,132
17210,103
17211,103
17212,107
17213,107
17214,35
17215,35
17216,107
17217,5
17218,39
17219,39
17220,39
17221,39
17222,39
17223,39
17224,39
17225,39
17226,3
17227,112
17228,112
17229,112
17230,112
17231,112
17232,112
17233,112
17234,112
17235,112
17236,112
17237,112
17238,112
17239,112
17240,57
17241,57
17242,112
17243,112
17244,112
17245,112
17246,84
17247,10
17248,10
17249,10
17250,5
17251,3
17252,3
17253,3
17254,3
17255,3
17256,3
17257,112
17258,112
17259,112
17260,119
17261,119
17262,119
17263,119
17264,107
17265,107
17266,131
17267,131
17268,131
17269,131
17270,131
17271,131
17272,63
17273,107
17274,63
17275,17
17276,63
17277,63
17278,63
17279,119
17280,119
17281,30
17282,131
17283,30
17284,131
17285,131
17286,131
17287,131
17288,131
17289,77
17290,77
17291,17
17292,63
17293,63
17294,63
17295,44
17296,44
17297,44
17298,85
17299,87
17300,53
17301,41
17302,90
17303,90
17304,90
17305,90
17306,131
17307,131
17308,14
17309,142
17310,48
17311,106
17312,109
17313,109
17314,109
17315,109
17316,68
17317,130
17318,106
17319,18
17320,18
17321,49
17322,85
17323,77
17324,31
17325,31
17326,3
17327,3
17328,3
17329,3
17330,3
17331,120
17332,103
17333,87
17334,87
17335,14
17336,14
17337,34
17338,109
17339,109
17340,58
17341,74
17342,39
17343,74
17344,112
17345,74
17346,74
17347,120
17348,120
17349,14
17350,14
17351,120
17352,74
17353,74
17354,39
17355,39
17356,39
17357,3
17358,3
17359,3
17360,3
17361,3
17362,15
17363,15
17364,34
17365,112
17366,24
17367,39
17368,39
17369,39
17370,39
17371,39
17372,3
17373,112
17374,112
17375,113
17376,119
17377,14
17378,14
17379,3
17380,3
17381,3
17382,39
17383,114
17384,44
17385,44
17386,58
17387,53
17388,1
17389,1
17390,1
17391,1
17392,1
17393,0
17394,44
17395,44
17396,0
17397,52
17398,52
17399,29
17400,0
17401,1
17402,1
17403,1
17404,59
17405,59
17406,59
17407,59
17408,114
17409,114
17410,79
17411,79
17412,125
17413,109
17414,119
17415,119
17416,119
17417,119
17418,119
17419,119
17420,119
17421,79
17422,137
17423,6
17424,75
17425,108
17426,63
17427,111
17428,111
17429,111
17430,111
17431,111
17432,111
17433,111
17434,111
17435,111
17436,47
17437,12
17438,79
17439,100
17440,109
17441,140
17442,140
17443,108
17444,108
17445,70
17446,108
17447,46
17448,108
17449,108
17450,108
17451,108
17452,108
17453,108
17454,79
17455,36
17456,34
17457,19
17458,19
17459,19
17460,108
17461,108
17462,108
17463,14
17464,87
17465,66
17466,66
17467,108
17468,88
17469,23
17470,23
17471,108
17472,58
17473,108
17474,116
17475,116
17476,116
17477,2
17478,2
17479,2
17480,2
17481,58
17482,58
17483,18
17484,117
17485,108
17486,108
17487,30
17488,48
17489,48
17490,48
17491,48
17492,16
17493,16
17494,16
17495,16
17496,16
17497,16
17498,16
17499,15
17500,48
17501,48
17502,108
17503,16
17504,16
17505,16
17506,71
17507,16
17508,15
17509,108
17510,15
17511,108
17512,108
17513,114
17514,115
17515,14
17516,12
17517,116
17518,102
17519,102
17520,102
17521,102
17522,102
17523,102
17524,102
17525,102
17526,102
17527,39
17528,112
17529,112
17530,103
17531,79
17532,51
17533,51
17534,51
17535,108
17536,108
17537,50
17538,51
17539,29
17540,43
17541,43
17542,20
17543,51
17544,51
17545,54
17546,21
17547,21
17548,69
17549,69
17550,69
17551,69
17552,69
17553,69
17554,69
17555,69
17556,69
17557,69
17558,69
17559,58
17560,69
17561,54
17562,70
17563,46
17564,46
17565,54
17566,54
17567,125
17568,125
17569,125
17570,108
17571,78
17572,78
17573,108
17574,78
17575,5
17576,46
17577,46
17578,54
17579,54
17580,51
17581,78
17582,79
17583,106
17584,55
17585,55
17586,55
17587,55
17588,41
17589,41
17590,41
17591,41
17592,41
17593,41
17594,41
17595,41
17596,41
17597,41
17598,67
17599,67
17600,69
17601,69
17602,21
17603,85
17604,26
17605,20
17606,20
17607,20
17608,79
17609,79
17610,35
17611,79
17612,32
17613,32
17614,32
17615,131
17616,79
17617,59
17618,59
17619,108
17620,27
17621,36
17622,36
17623,36
17624,36
17625,36
17626,36
17627,100
17628,108
17629,79
17630,79
17631,79
17632,79
17633,79
17634,100
17635,100
17636,100
17637,100
17638,100
17639,100
17640,100
17641,79
17642,79
17643,79
17644,73
17645,73
17646,73
17647,18
17648,7
17649,13
17650,20
17651,20
17652,44
17653,44
17654,20
17655,44
17656,137
17657,137
17658,97
17659,44
17660,44
17661,20
17662,67
17663,119
17664,119
17665,119
17666,2
17667,17
17668,20
17669,52
17670,78
17671,78
17672,78
17673,78
17674,140
17675,78
17676,140
17677,140
17678,140
17679,140
17680,140
17681,140
17682,140
17683,140
17684,140
17685,140
17686,140
17687,140
17688,140
17689,140
17690,140
17691,140
17692,140
17693,140
17694,140
17695,140
17696,41
17697,13
17698,67
17699,32
17700,38
17701,38
17702,107
17703,14
17704,14
17705,14
17706,7
17707,20
17708,7
17710,12
17711,13
17712,22
17713,53
17714,22
17715,112
17716,84
17717,84
17718,84
17719,84
17720,84
17721,39
17722,13
17723,22
17724,47
17725,47
17726,47
17727,34
17728,34
17729,48
17730,119
17731,119
17732,33
17733,33
17734,33
17735,33
17736,0
17737,48
17738,48
17739,48
17740,33
17741,28
17742,36
17743,34
17744,34
17745,19
17746,19
17747,19
17748,19
17749,19
17750,45
17751,14
17752,36
17753,36
17754,36
17755,36
17756,45
17757,72
17758,72
17759,72
17760,72
17761,15
17762,2
17763,2
17764,2
17765,2
17766,2
17767,2
17768,2
17769,2
17770,2
17771,27
17772,45
17773,52
17774,52
17775,2
17776,2
17777,2
17778,2
17779,102
17780,30
17781,32
17782,12
17783,12
17784,0
17785,32
17786,14
17787,14
17788,14
17789,14
17790,35
17791,80
17792,50
17793,50
17794,50
17795,50
17796,90
17797,90
17798,25
17799,37
17800,12
17801,47
17802,54
17803,58
17804,58
17805,58
17806,58
17807,39
17808,80
17809,80
17810,13
17811,49
17812,35
17813,35
17814,51
17815,51
17816,51
17817,51
17818,86
17819,14
17820,86
17821,86
17822,14
17823,126
17824,6
17825,13
17826,18
17827,62
17828,18
17829,18
17830,66
17831,18
17832,18
17833,18
17834,18
17835,117
17836,18
17837,66
17838,83
17839,83
17840,83
17841,62
17842,66
17843,107
17844,107
17845,107
17846,107
17847,35
17848,35
17849,38
17850,38
17851,38
17852,35
17853,38
17854,38
17855,66
17856,107
17857,38
17858,66
17859,35
17860,35
17861,0
17862,0
17863,66
17864,12
17865,12
17866,12
17867,47
17868,47
17869,42
17870,47
17871,42
17872,47
17873,12
17874,12
17875,12
17876,12
17877,12
17878,12
17879,0
17880,40
17881,40
17882,38
17883,70
17884,70
17885,3
17886,3
17887,31
17888,31
17889,40
17890,66
17891,67
17892,67
17893,34
17894,79
17895,66
17896,18
17897,66
17898,62
17899,62
17900,6
17901,38
17902,66
17903,66
17904,12
17905,116
17906,69
17907,69
17908,72
17909,72
17910,72
17911,72
17912,72
17913,50
17914,50
17915,40
17916,40
17917,50
17918,66
17919,51
17920,51
17921,51
17922,51
17923,67
17924,50
17925,72
17926,69
17927,69
17928,116
17929,67
17930,141
17931,60
17932,103
17933,67
17934,103
17935,21
17936,103
17937,103
17938,103
17939,38
17940,31
17941,31
17942,21
17943,67
17944,14
17945,67
17946,67
17947,69
17948,38
17949,67
17950,66
17951,13
17952,33
17953,35
17954,52
17955,67
17956,67
17957,47
17958,47
17959,13
17960,13
17961,13
17962,13
17963,13
17964,13
17965,67
17966,13
17967,13
17968,27
17969,27
17970,27
17971,27
17972,27
17973,30
17974,30
17975,30
17976,30
17977,67
17978,30
17979,30
17980,30
17981,30
17982,15
17983,80
17984,80
17985,31
17986,109
17987,109
17988,67
17989,105
17990,127
17991,31
17992,31
17993,127
17994,127
17995,73
17996,29
17997,127
17998,127
17999,7
18000,7
18001,7
18002,7
18003,83
18004,83
18005,127
18006,127
18007,83
18008,7
18009,47
18010,47
18011,47
18012,119
18013,90
18014,90
18015,127
18016,27
18017,76
18018,127
18019,58
18020,34
18021,17
18022,2
18023,16
18024,127
18025,30
18026,127
18027,55
18028,55
18029,55
18030,55
18031,55
18032,55
18033,55
18034,134
18035,134
18036,134
18037,134
18038,55
18039,55
18040,55
18041,55
18042,55
18043,94
18044,55
18045,56
18046,56
18047,56
18048,56
18049,56
18050,141
18051,141
18052,141
18053,141
18054,56
18055,56
18056,56
18057,56
18058,56
18059,56
18060,56
18061,56
18062,56
18063,56
18064,56
18065,141
18066,141
18067,141
18068,141
18069,134
18070,134
18071,134
18072,127
18073,134
18074,141
18075,141
18076,141
18077,141
18078,56
18079,56
18080,55
18081,55
18082,55
18083,56
18084,56
18085,141
18086,141
18087,141
18088,55
18089,56
18090,55
18091,56
18092,55
18093,55
18094,55
18095,55
18096,55
18097,55
18098,141
18099,141
18100,141
18101,141
18102,56
18103,55
18104,56
18105,56
18106,55
18107,56
18108,56
18109,56
18110,56
18111,56
18112,56
18113,56
18114,94
18115,55
18116,141
18117,141
18118,141
18119,60
18120,141
18121,141
18122,56
18123,56
18124,56
18125,55
18126,55
18127,55
18128,56
18129,56
18130,56
18131,56
18132,56
18133,56
18134,56
18135,56
18136,134
18137,134
18138,134
18139,56
18140,56
18141,56
18142,56
18143,56
18144,56
18145,56
18146,56
18147,16
18148,55
18149,55
18150,141
18151,141
18152,134
18153,134
18154,56
18155,141
18156,141
18157,141
18158,141
18159,141
18160,55
18161,55
18162,55
18163,55
18164,56
18165,55
18166,55
18167,55
18168,55
18169,55
18170,55
18171,134
18172,134
18173,134
18174,56
18175,55
18176,55
18177,55
18178,141
18179,141
18180,141
18181,56
18182,56
18183,56
18184,60
18185,55
18186,55
18187,141
18188,141
18189,56
18190,56
18191,55
18192,55
18193,56
18194,141
18195,141
18196,141
18197,56
18198,56
18199,56
18200,55
18201,55
18202,16
18203,55
18204,55
18205,60
18206,141
18207,141
18208,141
18209,141
18210,141
18211,141
18212,141
18213,141
18214,141
18215,141
18216,141
18217,134
18218,101
18219,101
18220,141
18221,141
18222,141
18223,141
18224,141
18225,141
18226,101
18227,141
18228,141
18229,141
18230,141
18231,134
18232,134
18233,134
18234,134
18235,134
18236,101
18237,134
18238,134
18239,134
18240,134
18241,134
18242,134
18243,134
18244,134
18245,134
18246,134
18247,101
18248,134
18249,134
18250,134
18251,129
18252,129
18253,55
18254,55
18255,56
18256,55
18257,55
18258,55
18259,55
18260,55
18261,56
18262,55
18263,55
18264,55
18265,55
18266,55
18267,101
18268,56
18269,56
18270,56
18271,56
18272,55
18273,55
18274,55
18275,55
18276,55
18277,55
18278,55
18279,141
18280,134
18281,134
18282,134
18283,101
18284,141
18285,141
18286,141
18287,141
18288,141
18289,141
18290,141
18291,141
18292,141
18293,141
18294,101
18295,141
18296,141
18297,141
18298,129
18299,141
18300,141
18301,141
18302,141
18303,141
18304,141
18305,141
18306,101
18307,141
18308,141
18309,141
18310,141
18311,141
18312,55
18313,55
18314,101
18315,55
18316,55
18317,55
18318,55
18319,55
18320,134
18321,101
18322,141
18323,141
18324,101
18325,141
18326,141
18327,141
18328,141
18329,141
18330,141
18331,141
18332,141
18333,101
18334,141
18335,141
18336,141
18337,73
18338,141
18339,141
18340,141
18341,141
18342,141
18343,141
18344,73
18345,141
18346,141
18347,134
18348,134
18349,134
18350,134
18351,55
18352,55
18353,73
18354,55
18355,55
18356,55
18357,55
18358,73
18359,134
18360,134
18361,134
18362,73
18363,60
18364,60
18365,60
18366,60
18367,73
18368,134
18369,134
18370,134
18371,141
18372,141
18373,134
18374,141
18375,141
18376,141
18377,73
18378,134
18379,134
18380,60
18381,60
18382,60
18383,60
18384,55
18385,55
18386,55
18387,55
18388,55
18389,55
18390,55
18391,73
18392,48
18393,141
18394,73
18395,60
18396,60
18397,141
18398,141
18399,141
18400,141
18401,60
18402,141
18403,141
18404,141
18405,73
18406,141
18407,141
18408,141
18409,141
18410,56
18411,141
18412,141
18413,60
18414,60
18415,60
18416,73
18417,73
18418,134
18419,134
18420,134
18421,73
18422,56
18423,56
18424,134
18425,134
18426,55
18427,56
18428,56
18429,73
18430,55
18431,55
18432,55
18433,73
18434,55
18435,134
18436,134
18437,141
18438,141
18439,141
18440,55
18441,55
18442,60
18443,60
18444,60
18445,55
18446,101
18447,60
18448,60
18449,101
18450,56
18451,141
18452,141
18453,101
18454,141
18455,101
18456,141
18457,141
18458,101
18459,55
18460,55
18461,55
18462,55
18463,141
18464,60
18465,60
18466,60
18467,60
18468,134
18469,134
18470,134
18471,134
18472,134
18473,134
18474,101
18475,141
18476,141
18477,141
18478,134
18479,134
18480,141
18481,101
18482,134
18483,134
18484,56
18485,141
18486,141
18487,141
18488,101
18489,101
18490,37
18491,37
18492,141
18493,37
18494,55
18495,37
18496,56
18497,56
18498,56
18499,56
18500,56
18501,56
18502,134
18503,134
18504,141
18505,141
18506,141
18507,134
18508,134
18509,56
18510,134
18511,134
18512,56
18513,56
18514,141
18515,141
18516,134
18517,37
18518,141
18519,55
18520,60
18521,60
18522,37
18523,55
18524,55
18525,37
18526,37
18527,55
18528,56
18529,56
18530,56
18531,25
18532,141
18533,141
18534,141
18535,141
18536,141
18537,60
18538,134
18539,134
18540,134
18541,134
18542,134
18543,25
18544,141
18545,60
18546,60
18547,25
18548,25
18549,56
18550,56
18551,141
18552,141
18553,55
18554,55
18555,55
18556,55
18557,55
18558,108
18559,55
18560,55
18561,55
18562,55
18563,55
18564,141
18565,141
18566,141
18567,141
18568,55
18569,141
18570,55
18571,55
18572,55
18573,141
18574,141
18575,56
18576,56
18577,141
18578,141
18579,141
18580,66
18581,14
18582,14
18583,14
18584,14
18585,13
18586,16
18587,16
18588,33
18589,33
18590,1
18591,45
18592,1
18593,1
18594,1
18595,1
18596,1
18597,1
18598,1
18599,1
18600,1
18601,1
18602,1
18603,53
18604,68
18605,69
18606,69
18607,69
18608,33
18609,33
18610,33
18611,33
18612,33
18613,33
18614,54
18615,54
18616,0
18617,52
18618,62
18619,14
18620,0
18621,1
18622,1
18623,1
18624,1
18625,48
18626,48
18627,48
18628,79
18629,36
18630,36
18631,14
18632,14
18633,14
18634,14
18635,14
18636,25
18637,25
18638,25
18639,25
18640,25
18641,25
18642,25
18643,25
18644,25
18645,25
18646,20
18647,78
18648,78
18649,78
18650,78
18651,78
18652,78
18653,78
18654,78
18655,78
18656,78
18657,78
18658,78
18659,78
18660,78
18661,25
18662,24
18663,23
18664,23
18665,14
18666,14
18667,14
18668,14
18669,14
18670,14
18671,14
18672,77
18673,77
18674,19
18675,19
18676,55
18677,9
18678,9
18679,127
18680,54
18681,54
18682,54
18683,54
18684,43
18685,43
18686,108
18687,108
18688,108
18689,108
18690,108
18691,108
18692,125
18693,125
18694,125
18695,125
18696,50
18697,50
18698,91
18699,19
18700,19
18701,73
18702,73
18703,34
18704,34
18705,34
18706,96
18707,96
18708,20
18709,34
18710,34
18711,84
18712,84
18713,84
18714,84
18715,129
18716,5
18717,67
18718,109
18719,29
18723,128
18724,128
18725,128
18726,48
18727,16
18728,16
18729,63
18730,120
18731,1
18732,98
18733,1
18734,0
18735,27
18736,27
18737,20
18738,20
18739,50
18740,50
18741,126
18742,126
18743,126
18744,50
18745,50
18746,62
18747,33
18748,33
18749,27
18750,6
18751,13
18752,13
18753,13
18754,13
18755,13
18756,13
18757,13
18758,13
18759,13
18760,13
18761,13
18762,13
18763,13
18764,13
18765,13
18766,33
18767,13
18768,24
18769,71
18770,71
18771,48
18772,48
18773,73
18774,73
18775,79
18776,79
18777,79
18778,79
18779,79
18780,79
18781,79
18782,79
18783,79
18784,48
18785,48
18786,71
18787,73
18788,73
18789,71
18790,71
18791,73
18792,73
18793,73
18794,73
18795,111
18796,111
18797,111
18798,111
18799,111
18800,111
18801,24
18802,73
18803,111
18804,111
18805,111
18806,111
18807,25
18808,25
18809,25
18810,25
18811,92
18812,92
18813,92
18814,92
18815,92
18816,92
18817,73
18818,73
18819,73
18820,73
18821,73
18822,73
18823,92
18824,73
18825,73
18826,73
18827,73
18828,73
18829,73
18830,73
18831,73
18832,79
18833,73
18834,73
18835,79
18836,79
18837,79
18838,63
18839,63
18840,63
18841,63
18842,63
18843,63
18844,63
18845,63
18846,63
18847,63
18848,63
18849,111
18850,48
18851,36
18852,66
18853,87
18854,87
18855,87
18856,87
18857,85
18858,85
18859,85
18860,85
18861,87
18862,87
18863,87
18864,87
18865,87
18866,85
18867,85
18868,87
18869,87
18870,87
18871,87
18872,87
18873,66
18874,66
18875,66
18876,66
18877,66
18878,66
18879,66
18880,66
18881,66
18882,14
18883,14
18884,14
18885,14
18886,14
18887,14
18888,14
18889,14
18890,14
18891,14
18892,14
18893,66
18894,58
18895,24
18896,33
18897,33
18898,33
18899,33
18900,33
18901,56
18902,134
18903,108
18904,108
18905,52
18906,52
18907,52
18908,52
18909,62
18910,62
18911,62
18912,94
18913,94
18914,94
18915,110
18916,78
18917,110
18918,56
18919,60
18920,41
18921,94
18922,94
18923,94
18924,140
18925,140
18926,78
18927,140
18928,140
18929,140
18930,140
18931,140
18932,78
18933,140
18934,140
18935,78
18936,78
18937,140
18938,140
18939,140
18940,25
18941,25
18942,25
18943,25
18944,25
18945,25
18946,25
18947,25
18948,25
18949,125
18950,43
18951,43
18952,47
18953,43
18954,3
18955,3
18956,5
18957,84
18958,84
18959,60
18960,47
18961,62
18962,135
18963,71
18964,47
18965,52
18966,52
18967,0
18968,141
18969,56
18970,141
18971,141
18972,141
18973,141
18974,141
18975,84
18976,84
18977,84
18978,84
18979,84
18980,47
18981,84
18982,84
18983,84
18984,9
18985,9
18986,5
18987,5
18988,5
18989,5
18990,5
18991,47
18992,40
18993,40
18994,5
18995,40
18996,40
18997,47
18998,40
18999,5
19000,40
19001,40
19002,40
19003,40
19004,72
19005,5
19006,40
19007,72
19008,50
19009,50
19010,40
19011,40
19012,40
19013,40
19014,40
19015,72
19016,40
19017,40
19018,40
19019,40
19020,47
19021,110
19022,36
19023,36
19024,36
19025,36
19026,36
19027,36
19028,36
19029,36
19030,47
19031,36
19032,36
19033,36
19034,36
19035,36
19036,36
19037,36
19038,36
19039,36
19040,36
19041,36
19042,36
19043,36
19044,36
19045,36
19046,36
19047,36
19048,79
19049,79
19050,79
19051,47
19052,36
19053,36
19054,36
19055,36
19056,47
19057,36
19058,36
19059,36
19060,36
19061,79
19062,79
19063,79
19064,47
19065,36
19066,36
19067,36
19068,36
19069,36
19070,36
19071,36
19072,36
19073,36
19074,36
19075,36
19076,36
19077,47
19078,92
19079,31
19080,76
19081,27
19082,76
19083,52
19084,52
19085,19
19086,19
19087,19
19088,19
19089,52
19090,19
19091,47
19092,82
19093,63
19094,63
19095,29
19096,82
19097,29
19098,82
19099,29
19100,29
19101,82
19102,65
19103,65
19104,65
19105,65
19106,63
19107,63
19108,29
19109,63
19110,29
19111,82
19112,47
19113,82
19114,65
19115,65
19116,65
19117,65
19118,65
19119,65
19120,82
19121,65
19122,82
19123,63
19124,65
19125,47
19126,63
19127,29
19128,119
19129,96
19130,96
19131,96
19132,96
19133,96
19134,96
19135,96
19136,47
19137,96
19138,96
19139,47
19140,15
19141,1
19142,54
19143,54
19144,54
19145,25
19146,25
19147,6
19148,47
19149,6
19150,14
19151,14
19152,14
19153,14
19154,14
19155,14
19156,14
19157,14
19158,14
19159,14
19160,14
19161,47
19162,77
19163,86
19164,86
19165,47
19166,18
19167,18
19168,47
19169,47
19170,18
19171,18
19172,18
19173,47
19174,47
19175,1
19176,0
19177,100
19178,73
19179,111
19180,73
19181,73
19182,47
19183,73
19184,111
19185,111
19186,111
19187,111
19188,47
19189,111
19190,111
19191,111
19192,111
19193,100
19194,100
19195,100
19196,100
19197,100
19198,100
19199,59
19200,59
19201,59
19202,59
19203,59
19204,59
19205,27
19206,27
19207,27
19208,59
19209,59
19210,7
19211,7
19212,129
19213,10
19214,7
19215,108
19216,108
19217,108
19218,108
19219,108
19220,78
19221,20
19222,20
19223,26
19224,47
19225,26
19226,29
19227,29
19228,29
19229,19
19230,19
19231,29
19232,29
19233,29
19234,29
19235,19
19236,19
19237,19
19238,47
19239,47
19240,111
19241,111
19242,37
19243,37
19244,101
19245,101
19246,101
19247,101
19248,37
19249,37
19250,37
19251,37
19252,37
19253,37
19254,37
19255,37
19256,47
19257,111
19258,111
19259,111
19260,111
19261,111
19262,111
19263,101
19264,101
19265,101
19266,111
19267,37
19268,101
19269,47
19270,101
19271,37
19272,111
19273,47
19274,101
19275,111
19276,37
19277,111
19278,111
19279,101
19280,111
19281,111
19282,111
19283,111
19284,111
19285,111
19286,111
19287,111
19288,111
19289,111
19290,111
19291,111
19292,111
19293,111
19294,86
19295,86
19296,47
19297,86
19298,86
19299,86
19300,86
19301,86
19302,86
19303,86
19304,26
19305,100
19306,100
19307,100
19308,100
19309,26
19310,26
19311,100
19312,26
19313,47
19314,26
19315,86
19316,86
19317,26
19318,26
19319,86
19320,26
19321,100
19322,26
19323,26
19324,47
19325,86
19326,86
19327,37
19328,26
19329,135
19330,62
19331,14
19332,14
19333,14
19334,14
19335,14
19336,14
19337,14
19338,14
19339,14
19340,14
19341,47
19342,14
19343,14
19344,14
19345,14
19346,79
19347,1
19348,1
19349,1
19350,1
19351,1
19352,52
19353,1
19354,1
19355,47
19356,52
19357,52
19358,1
19359,1
19360,45
19361,1
19362,1
19363,45
19364,1
19365,1
19366,1
19367,47
19368,55
19369,55
19370,55
19371,56
19372,55
19373,14
19374,48
19375,48
19376,48
19377,47
19378,33
19379,5
19380,54
19381,36
19382,29
19383,47
19384,48
19385,48
19386,48
19387,48
19388,48
19389,47
19390,84
19391,47
19392,33
19393,0
19394,75
19395,75
19396,67
19397,53
19398,53
19399,47
19400,47
19401,47
19402,77
19403,47
19404,55
19405,55
19406,14
19407,13
19408,13
19409,13
19410,15
19411,15
19412,47
19413,33
19414,33
19415,33
19416,33
19417,47
19418,20
19419,6
19420,11
19421,11
19422,11
19423,108
19424,15
19425,5
19426,5
19427,5
19428,5
19429,5
19430,5
19431,5
19432,5
19433,46
19434,46
19435,43
19436,54
19437,6
19438,107
19439,107
19440,107
19441,107
19442,78
19443,78
19444,40
19445,130
19446,130
19447,6
19448,50
19449,50
19450,72
19451,50
19452,50
19453,50
19454,50
19455,86
19456,3
19457,3
19458,3
19459,3
19460,3
19461,3
19462,3
19463,3
19464,3
19465,49
19466,49
19467,84
19468,49
19469,84
19470,49
19471,49
19472,78
19473,78
19474,78
19475,78
19476,26
19477,26
19478,26
19479,138
19480,138
19481,9
19482,9
19483,138
19484,133
19485,133
19486,133
19487,133
19488,133
19489,8
19490,8
19491,127
19492,103
19493,137
19494,137
19495,137
19496,80
19497,35
19498,35
19499,5
19500,32
19501,58
19502,5
19503,58
19504,96
19505,58
19506,20
19507,20
19508,20
19509,20
19510,20
19511,20
19512,119
19513,27
19514,27
19515,27
19516,27
19517,58
19518,16
19519,71
19520,66
19521,33
19522,33
19523,33
19524,33
19525,33
19526,33
19527,115
19528,115
19529,115
19530,115
19531,13
19532,13
19533,115
19534,34
19535,34
19536,115
19537,115
19538,21
19539,21
19540,103
19541,21
19542,115
19543,103
19544,103
19545,115
19546,115
19547,38
19548,103
19549,103
19550,115
19551,107
19552,107
19553,107
19554,35
19555,80
19556,115
19557,80
19558,115
19559,80
19560,80
19561,80
19562,80
19563,35
19564,31
19565,80
19566,35
19567,115
19568,35
19569,35
19570,31
19571,80
19572,80
19573,31
19574,31
19575,31
19576,6
19577,6
19578,115
19579,35
19580,6
19581,31
19582,115
19583,115
19584,36
19585,111
19586,115
19587,1
19588,1
19589,1
19590,1
19591,52
19592,52
19593,115
19594,40
19595,52
19596,52
19597,128
19598,128
19599,130
19600,36
19601,36
19602,36
19603,40
19604,56
19605,141
19606,141
19607,40
19608,71
19609,141
19610,141
19611,130
19612,41
19613,41
19614,41
19615,19
19616,130
19617,40
19618,45
19619,45
19620,0
19621,79
19622,24
19623,55
19624,30
19625,72
19626,130
19627,130
19628,44
19629,4
19630,54
19631,130
19632,130
19633,54
19634,94
19635,98
19636,130
19637,98
19638,33
19639,90
19640,19
19641,19
19642,19
19643,69
19644,71
19645,69
19646,71
19647,62
19648,62
19649,52
19650,69
19651,52
19652,52
19653,52
19654,52
19655,52
19656,52
19657,1
19658,69
19659,52
19660,52
19661,62
19662,52
19663,52
19664,52
19665,69
19666,62
19667,62
19668,52
19669,52
19670,52
19671,52
19672,62
19673,52
19674,135
19675,72
19676,69
19677,33
19678,109
19679,41
19680,69
19681,125
19682,69
19683,142
19684,142
19685,78
19686,56
19687,56
19688,56
19689,56
19690,56
19691,56
19692,56
19693,69
19694,56
19695,56
19696,52
19697,52
19698,33
19699,55
19700,55
19701,55
19702,69
19703,55
19704,55
19705,55
19706,71
19707,71
19708,71
19709,71
19710,71
19711,50
19712,71
19713,71
19714,79
19715,50
19716,50
19717,79
19718,71
19719,50
19720,79
19721,79
19722,135
19723,50
19724,78
19725,78
19726,78
19727,78
19728,50
19729,50
19730,50
19731,26
19732,26
19733,37
19734,50
19735,37
19736,125
19737,50
19738,12
19739,12
19740,12
19741,50
19742,50
19743,50
19744,12
19745,12
19746,14
19747,6
19748,50
19749,50
19750,50
19751,141
19752,86
19753,86
19754,86
19755,103
19756,43
19757,43
19758,84
19759,84
19760,43
19761,43
19762,139
19763,139
19764,139
19765,139
19766,139
19767,139
19768,139
19769,5
19770,139
19771,11
19772,11
19773,52
19774,1
19775,19
19776,29
19777,29
19778,29
19779,29
19780,4
19781,4
19782,94
19783,94
19784,4
19785,94
19786,36
19787,1
19788,1
19789,16
19790,16
19791,134
19792,34
19793,34
19794,36
19795,36
19796,36
19797,14
19798,14
19799,58
19800,58
19801,14
19802,86
19803,62
19804,5
19805,1
19806,1
19807,52
19808,1
19809,52
19810,52
19811,1
19812,1
19813,19
19814,62
19815,62
19816,62
19817,62
19818,104
19819,104
19820,104
19821,77
19822,77
19823,12
19824,78
19825,9
19826,36
19827,36
19828,36
19829,36
19830,115
19831,33
19832,29
19833,115
19834,0
19835,0
19836,102
19837,102
19838,102
19839,98
19840,98
19841,98
19842,98
19843,98
19844,98
19845,98
19846,3
19847,3
19848,43
19849,43
19850,43
19851,43
19852,115
19853,66
19854,66
19855,66
19856,66
19857,66
19858,66
19859,66
19860,86
19861,14
19862,115
19863,14
19864,14
19865,19
19866,52
19867,65
19868,65
19869,115
19870,104
19871,19
19872,19
19873,19
19874,19
19875,65
19876,115
19877,63
19878,17
19879,17
19880,52
19881,65
19882,65
19883,81
19884,81
19885,81
19888,65
19889,65
19890,40
19891,98
19892,98
19893,98
19894,98
19895,98
19896,98
19897,63
19898,0
19899,0
19900,0
19901,1
19902,40
19903,0
19904,63
19905,63
19906,19
19907,19
19908,19
19909,19
19910,19
19911,19
19912,19
19913,19
19914,40
19915,19
19916,19
19917,19
19918,15
19919,72
19920,15
19921,15
19922,30
19923,15
19924,16
19925,62
19926,16
19927,72
19928,30
19929,30
19930,30
19931,16
19932,16
19933,16
19934,16
19935,72
19936,16
19937,16
19938,7
19939,7
19940,7
19941,7
19942,4
19943,7
19944,7
19945,7
19946,7
19947,128
19948,131
19949,131
19950,7
19951,7
19952,47
19953,47
19954,47
19955,4
19956,72
19957,16
19958,90
19959,72
19960,135
19961,135
19962,4
19963,4
19964,15
19965,72
19966,15
19967,27
19968,83
19969,135
19970,135
19971,27
19972,15
19973,15
19974,15
19975,135
19976,135
19977,72
19978,135
19979,15
19980,15
19981,15
19982,15
19983,15
19984,15
19985,30
19986,90
19987,90
19988,72
19989,16
19990,16
19991,72
19992,59
19993,45
19994,45
19995,0
19996,0
19997,0
19998,72
19999,81
20000,59
20001,63
20002,72
20003,72
20004,62
20005,91
20006,62
20007,62
20008,62
20009,72
20010,59
20011,59
20012,72
20013,0
20014,59
20015,72
20016,72
20017,2
20018,2
20019,50
20020,131
20021,131
20022,2
20023,16
20024,16
20025,59
20026,59
20027,59
20028,2
20029,2
20030,50
20031,131
20032,131
20033,16
20034,16
20035,16
20036,50
20037,16
20038,2
20039,92
20040,92
20041,50
20042,105
20043,79
20044,20
20045,34
20046,20
20047,20
20048,20
20049,50
20050,48
20051,109
20052,48
20053,48
20054,48
20055,109
20056,48
20057,48
20058,48
20059,48
20060,48
20061,11
20062,11
20063,11
20064,48
20065,11
20066,50
20067,48
20068,50
20069,48
20070,48
20071,48
20072,20
20073,50
20074,119
20075,15
20076,15
20077,15
20078,7
20079,7
20080,119
20081,119
20082,119
20083,119
20084,119
20085,36
20086,100
20087,100
20088,100
20089,100
20090,100
20091,100
20092,100
20093,100
20094,100
20095,100
20096,73
20097,73
20098,73
20099,73
20100,73
20101,92
20102,92
20103,92
20104,92
20105,92
20106,92
20107,92
20108,92
20109,92
20110,92
20111,79
20112,79
20113,79
20114,79
20115,79
20116,79
20117,79
20118,79
20119,79
20120,79
20121,79
20122,79
20123,48
20124,48
20125,48
20126,71
20127,71
20128,109
20129,109
20130,109
20131,109
20132,34
20133,48
20134,48
20135,48
20136,48
20137,48
20138,48
20139,48
20140,109
20141,7
20142,7
20143,7
20144,76
20145,90
20146,90
20147,90
20148,90
20149,119
20150,98
20151,98
20152,98
20153,98
20154,120
20155,53
20156,53
20157,53
20158,53
20159,25
20160,25
20161,111
20162,111
20163,111
20164,111
20165,35
20166,38
20167,38
20168,32
20169,32
20170,120
20171,120
20172,120
20173,120
20174,120
20175,69
20176,58
20177,69
20178,69
20179,114
20180,114
20181,120
20182,120
20183,120
20184,120
20185,78
20186,120
20187,53
20188,24
20189,24
20190,116
20191,111
20192,111
20193,111
20194,111
20195,111
20196,111
20197,101
20198,101
20199,101
20200,101
20201,101
20202,101
20203,111
20204,111
20205,101
20206,111
20207,111
20208,111
20209,111
20210,111
20211,111
20212,26
20213,26
20214,25
20215,25
20216,111
20217,54
20218,111
20219,111
20220,111
20221,101
20222,101
20223,101
20224,111
20225,50
20226,50
20227,40
20228,130
20229,43
20230,43
20231,84
20232,54
20233,54
20234,54
20235,46
20236,54
20237,51
20238,51
20239,51
20240,46
20241,46
20242,46
20243,46
20244,46
20245,46
20246,46
20247,54
20248,54
20249,51
20250,70
20251,70
20252,70
20253,70
20254,54
20255,49
20256,49
20257,49
20258,84
20259,84
20260,84
20261,40
20262,40
20263,40
20264,40
20265,84
20266,84
20267,3
20268,129
20269,5
20270,5
20271,129
20272,112
20273,112
20274,112
20275,40
20276,40
20277,112
20278,112
20279,72
20280,72
20281,40
20282,40
20283,72
20284,112
20285,112
20286,40
20287,115
20288,40
20289,115
20290,3
20291,72
20292,72
20293,50
20294,50
20295,50
20296,50
20297,3
20298,126
20299,69
20300,69
20301,3
20302,3
20303,3
20304,98
20305,98
20306,0
20307,0
20308,0
20309,0
20310,98
20311,98
20312,98
20313,0
20314,98
20315,3
20316,0
20317,0
20318,134
20319,58
20320,5
20321,39
20322,5
20323,5
20324,39
20325,39
20326,39
20327,5
20328,5
20329,5
20330,5
20331,5
20332,5
20333,58
20334,3
20335,58
20336,3
20337,53
20338,104
20339,14
20340,3
20341,14
20342,14
20343,77
20344,3
20345,14
20346,3
20347,78
20348,78
20349,78
20350,78
20351,78
20352,78
20353,140
20354,108
20355,108
20356,45
20357,1
20358,102
20359,0
20360,0
20361,1
20362,32
20363,59
20364,136
20365,5
20366,3
20367,3
20368,139
20369,139
20370,0
20371,0
20372,140
20373,126
20374,126
20375,126
20376,47
20377,12
20378,36
20379,43
20380,43
20381,43
20382,66
20383,66
20384,25
20385,87
20386,87
20387,14
20388,14
20389,66
20390,87
20391,87
20392,87
20393,25
20394,25
20395,79
20396,52
20397,1
20398,1
20399,1
20400,14
20401,66
20402,73
20403,73
20404,62
20405,36
20406,34
20407,5
20408,9
20409,9
20410,9
20411,5
20412,79
20413,75
20414,31
20415,31
20416,31
20417,18
20418,103
20419,103
20420,107
20421,107
20422,80
20423,80
20424,80
20425,80
20426,23
20427,23
20428,23
20429,23
20430,32
20431,23
20432,23
20433,23
20434,23
20435,23
20436,23
20437,23
20438,23
20441,13
20442,14
20443,98
20444,98
20445,98
20446,52
20447,98
20448,98
20449,0
20450,98
20451,98
20452,98
20453,98
20454,0
20455,66
20456,116
20457,116
20458,116
20459,20
20460,116
20461,116
20462,116
20463,111
20464,111
20465,111
20466,73
20467,73
20468,73
20469,101
20470,37
20471,71
20472,16
20473,16
20474,33
20475,15
20476,15
20477,15
20478,15
20479,15
20480,15
20481,15
20482,15
20483,134
20484,134
20485,134
20486,94
20487,94
20488,77
20489,77
20490,41
20491,41
20492,56
20493,1
20494,141
20495,141
20496,141
20497,141
20498,60
20499,141
20500,98
20501,1
20502,98
20503,1
20504,45
20505,1
20506,141
20507,134
20508,102
20509,102
20510,102
20511,102
20512,102
20513,104
20514,2
20515,62
20516,16
20517,19
20519,0
20520,0
20521,0
20522,12
20523,12
20524,12
20525,12
20526,12
20527,12
20528,12
20529,0
20530,0
20531,99
20532,99
20533,99
20534,99
20535,59
20536,45
20537,45
20538,59
20539,102
20540,1
20541,99
20542,45
20543,99
20544,99
20545,99
20546,99
20547,45
20548,99
20549,99
20550,99
20551,99
20552,135
20553,135
20554,135
20555,12
20556,27
20557,47
20561,47
20562,42
20563,42
20564,7
20565,7
20566,7
20567,7
20568,7
20569,4
20570,7
20571,4
20572,18
20573,18
20574,18
20575,32
20576,133
20577,32
20578,32
20579,32
20580,32
20581,32
20582,32
20583,91
20584,91
20585,91
20586,10
20587,10
20588,10
20589,10
20590,133
20591,133
20592,133
20593,133
20594,9
20595,9
20596,9
20597,9
20598,9
20599,9
20600,9
20601,136
20602,108
20603,21
20604,21
20605,43
20606,43
20607,52
20608,129
20609,129
20610,38
20611,21
20612,21
20613,21
20614,21
20615,43
20616,142
20617,142
20618,142
20619,142
20620,142
20621,142
20622,142
20623,142
20624,142
20625,142
20626,142
20627,142
20628,142
20629,142
20630,142
20631,142
20632,142
20633,142
20634,142
20635,142
20636,142
20637,142
20638,142
20639,84
20640,142
20641,142
20642,84
20643,126
20644,78
20645,139
20646,139
20647,112
20648,86
20649,86
20650,84
20651,84
20652,119
20653,108
20654,108
20655,108
20656,90
20657,90
20658,90
20659,90
20660,90
20661,90
20662,90
20663,90
20664,90
20665,90
20666,90
20667,90
20668,90
20669,90
20670,90
20671,58
20672,58
20673,58
20674,58
20675,85
20676,85
20677,72
20678,72
20680,48
20681,50
20682,126
20683,77
20684,3
20685,3
20686,3
20687,50
20688,3
20689,108
20690,108
20691,108
20692,108
20693,50
20694,108
20695,115
20696,50
20697,5
20698,5
20699,5
20700,5
20701,5
20702,5
20703,5
20704,5
20705,5
20706,70
20707,40
20708,51
20709,51
20710,51
20711,50
20712,50
20713,50
20714,50
20715,50
20716,50
20717,50
20718,50
20719,50
20720,31
20721,31
20722,31
20723,35
20724,107
20725,107
20726,80
20727,137
20728,137
20729,107
20730,107
20731,107
20732,137
20733,137
20734,79
20735,44
20736,44
20737,44
20738,44
20739,24
20740,24
20741,24
20742,116
20743,24
20744,24
20745,24
20746,79
20747,67
20748,67
20749,67
20750,67
20751,88
20752,25
20753,25
20754,24
20755,137
20756,137
20757,137
20758,137
20759,137
20760,137
20761,67
20762,75
20763,75
20764,75
20765,75
20766,75
20767,7
20768,18
20769,7
20770,18
20771,18
20772,18
20773,18
20774,67
20775,109
20776,109
20777,109
20778,109
20779,31
20780,75
20781,18
20782,18
20783,18
20784,18
20785,18
20786,18
20787,18
20788,18
20789,18
20790,18
20791,18
20792,18
20793,18
20794,18
20795,18
20796,18
20797,18
20798,109
20799,11
20800,11
20801,18
20802,18
20803,6
20804,6
20805,6
20806,6
20807,79
20808,38
20809,38
20810,38
20811,38
20812,38
20813,38
20814,11
20815,11
20816,58
20817,11
20818,11
20819,117
20820,79
20821,117
20822,37
20823,37
20824,37
20825,18
20826,18
20827,18
20828,18
20829,18
20830,18
20831,18
20832,18
20833,18
20834,18
20835,18
20836,18
20837,18
20838,105
20839,106
20840,34
20841,36
20842,36
20843,36
20844,34
20845,34
20846,109
20847,6
20848,109
20849,109
20850,73
20851,73
20852,33
20853,13
20854,13
20855,13
20856,13
20857,13
20858,66
20859,66
20860,33
20861,33
20862,33
20863,26
20864,26
20865,86
20866,86
20867,86
20868,86
20869,86
20870,86
20871,86
20872,86
20873,86
20874,33
20875,20
20876,64
20877,79
20878,79
20879,79
20880,33
20881,13
20882,73
20883,14
20884,14
20885,14
20886,73
20887,73
20888,73
20889,73
20890,73
20891,73
20892,73
20893,73
20894,73
20895,73
20896,73
20897,36
20898,36
20899,50
20900,91
20901,91
20902,83
20903,135
20904,58
20905,77
20906,32
20907,32
20908,36
20909,112
20910,105
20911,105
20912,31
20913,106
20914,36
20917,109
20918,18
20919,77
20920,45
20921,108
20922,94
20923,76
20924,76
20925,76
20926,76
20927,85
20928,0
20929,7
20930,48
20931,79
20932,79
20933,79
20934,71
20935,48
20936,36
20937,36
20938,59
20939,99
20940,99
20941,54
20942,38
20943,76
20944,76
20945,76
20946,59
20947,59
20948,34
20949,48
20950,91
20951,51
20952,129
20953,12
20954,33
20955,36
20956,36
20957,66
20958,66
20959,66
20960,79
20961,79
20962,79
20963,48
20964,48
20965,14
20966,14
20967,13
20968,1
20969,1
20970,16
20971,33
20972,33
20973,4
20974,33
20975,79
20976,79
20977,13
20978,64
20979,71
20980,64
20981,27
20982,62
20983,62
20984,17
20985,99
20986,58
20987,23
20988,23
20989,23
20990,23
20991,23
20992,23
20993,23
20994,23
20995,48
20996,30
20997,142
20998,10
20999,10
21000,15
21001,40
21002,48
21003,48
21004,16
21005,16
21006,62
21007,135
21008,119
21009,119
21010,16
21011,15
21012,15
21013,15
21014,15
21015,23
21016,23
21017,33
21018,27
21019,78
21020,129
21021,129
21022,129
21023,129
21024,94
21025,23
21026,23
21027,23
21028,23
21029,129
21030,23
21031,139
21032,25
21033,14
21034,23
21035,32
21036,32
21037,32
21038,134
21039,0
21040,23
21041,23
21042,13
21043,36
21044,58
21045,14
21046,129
21047,129
21048,129
21049,129
21050,129
21051,129
21052,59
21053,59
21054,14
21055,0
21056,85
21057,86
21058,85
21059,32
21060,32
21061,58
21062,58
21063,28
21064,134
21065,139
21066,139
21067,106
21068,32
21069,48
21070,79
21071,79
21072,83
21073,119
21074,114
21075,114
21076,114
21077,114
21078,114
21079,24
21080,85
21081,52
21082,2
21083,105
21084,84
21085,0
21086,0
21087,58
10000000,143
10000001,144
10000002,145
10000003,146
10000004,147
10000005,148
10000006,149
10000007,150
10000008,151
10000009,152
10000010,153
10000011,154
10000012,155
10000013,156
10000014,157
10000015,158
10000016,159
10000017,160
10000018,161
10000019,162
10000020,163
10000021,164
10000022,165
10000023,166
10000024,167
10000025,168
10000026,169
10000027,170
10000028,171
10000029,172
10000030,173
10000031,174
10000032,175
10000033,176
10000034,177
10000035,178
10000036,179
10000037,180
10000038,181
10000039,182
10000040,183
10000041,184
10000042,185
10000043,186
10000044,187
10000045,188
10000046,189
10000047,190
10000048,191
10000049,192
10000050,193
10000051,194
10000052,195
10000053,196
10000054,197
10000055,198
10000056,199
10000057,200
10000058,201
10000059,202
10000060,203
10000061,204
10000062,205
10000063,206
10000064,207
10000065,208
10000066,209
10000067,210
10000068,211
10000069,212
10000070,213
10000071,214
10000072,215
10000073,216
10000074,217
10000075,218
10000076,219
10000077,220
10000078,221
10000079,222
10000080,223
10000081,224
10000082,225
10000083,226
10000084,227
10000085,228
10000086,229
10000087,230
10000088,231
10000089,232
10000090,233
10000091,234
10000092,235
10000093,236
10000094,237
10000095,238
10000096,239
10000097,240
10000098,241
10000099,242
10000100,243
10000101,244
10000102,245
10000103,246
10000104,247
10000105,248
10000106,249
10000107,250
10000108,251
10000109,252
10000110,253
10000111,254
10000112,255
10000113,256
10000114,257
10000115,258
10000116,259
10000117,260
10000118,261
10000119,262
10000120,263
10000121,264
10000122,265
10000123,266
10000124,267
10000125,268
10000126,269
10000127,270
10000128,271
10000129,272
10000130,273
10000131,274
10000132,275
10000133,276
10000134,277
10000135,278
10000136,279
10000137,280
10000138,281
10000139,282
10000140,283
10000141,284
10000142,285
10000143,286
10000144,287
10000145,288
10000146,289
10000147,290
10000148,291
10000149,292
10000150,293
10000151,294
10000152,295
10000153,296
10000154,297
10000155,298
10000156,299
10000157,300
10000158,301
10000159,302
10000160,303
10000161,304
10000162,305
10000163,306
10000164,307
10000165,308
10000166,309
10000167,310
10000168,311
10000169,312
10000170,313
10000171,314
10000172,315
10000173,316
10000174,317
10000175,318
10000176,319
10000177,320
10000178,321
10000179,322
10000180,323
10000181,324
10000182,325
10000183,326
10000184,327
10000185,328
10000186,329
10000187,330
10000188,331
10000189,332
10000190,333
10000191,334
10000192,335
10000193,336
10000194,337
10000195,338
10000196,339
10000197,340
10000198,341
10000199,342
10000200,343
10000201,344
10000202,345
10000203,346
10000204,347
10000205,348
10000206,349
10000207,350
10000208,351
10000209,352
10000210,353
10000211,354
10000212,355
10000213,356
10000214,357
10000215,358
10000216,359
10000217,360
10000218,361
10000219,362
10000220,363
10000221,364
10000222,365
10000223,366
10000224,367
10000225,368
10000226,369
10000227,370
10000228,371
10000229,372
10000230,373
10000231,374
10000232,375
10000233,376
10000234,377
10000235,378
10000236,379
10000237,380
10000238,381
10000239,382
10000240,383
10000241,384
10000242,385
10000243,386
10000244,387
10000245,388
10000246,389
10000247,390
10000248,391
10000249,392
10000250,393
10000251,394
10000252,395
10000253,396
10000254,397
10000255,398
10000256,399
10000257,400
10000258,401
10000259,402
10000260,403
10000261,404
10000262,405
10000263,406
10000264,407
10000265,408
10000266,409
10000267,410
10000268,411
10000269,412
10000270,413
10000271,414
10000272,415
10000273,416
10000274,417
10000275,418
10000276,419
10000277,420
10000278,421
10000279,422
10000280,423
10000281,424
10000282,425
10000283,426
10000284,427
10000285,428
10000286,429
10000287,430
10000288,431
10000289,432
10000290,433
10000291,434
10000292,435
10000293,436
10000294,437
10000295,438
10000296,439
10000297,440
10000298,441
10000299,442
10000300,443
10000301,444
10000302,445
10000303,446
10000304,447
10000305,448
10000306,449
10000307,450
10000308,451
10000309,452
10000310,453
10000311,454
10000312,455
10000313,456
10000314,457
10000315,458
10000316,459
10000317,460
10000318,461
10000319,462
10000320,463
10000321,61
10000322,89
10000323,122
10000324,123
10000325,124
10000326,93
10000327,95
