node_id,community_id
0,0
1,0
2,0
3,0
4,1
5,1
6,2
7,2
8,3
9,3
10,3
11,2
12,4
13,5
14,6
15,7
16,7
17,8
18,8
19,8
20,9
21,10
22,9
23,5
24,5
25,10
26,10
27,10
28,9
29,9
30,11
31,11
32,11
33,11
34,9
35,11
36,9
37,2
38,2
39,12
40,12
41,2
42,2
43,12
44,2
45,2
46,12
47,13
48,13
49,13
50,14
51,14
52,15
53,16
54,16
55,17
56,17
57,17
58,17
59,17
60,1
61,1
62,1
63,1
64,18
65,18
66,18
67,18
68,18
69,19
70,20
71,20
72,20
73,21
74,21
75,21
76,21
77,21
78,21
79,21
80,21
81,21
82,21
83,22
84,23
85,24
86,24
87,24
88,6
89,6
90,24
91,24
92,24
93,6
94,25
95,26
96,26
97,27
98,27
99,27
100,25
101,27
102,27
103,28
104,28
105,28
106,29
107,29
108,29
109,28
110,29
111,29
112,30
113,30
114,0
115,0
116,0
117,30
118,0
119,0
120,0
121,0
122,0
123,0
124,0
125,0
126,0
127,0
128,4
129,4
130,30
131,4
132,30
133,31
134,31
135,31
136,23
137,30
138,32
139,32
140,32
141,21
142,21
143,16
144,16
145,16
146,16
147,16
148,16
149,21
150,16
151,16
152,16
153,16
154,16
155,16
156,21
157,16
158,16
159,16
160,16
161,21
162,21
163,16
164,16
165,16
166,16
167,16
168,21
169,16
170,16
171,16
172,16
173,18
174,33
175,13
176,13
177,13
178,18
179,34
180,34
181,34
182,35
183,33
184,33
185,40
186,37
187,40
188,37
189,37
190,37
191,33
192,37
193,37
194,33
195,37
196,37
197,37
198,37
199,33
200,33
201,33
202,17
203,17
204,17
205,17
206,33
207,31
208,31
209,5
210,5
211,31
212,31
213,31
214,31
215,31
216,15
217,15
218,31
219,31
220,23
221,23
222,23
223,23
224,23
225,23
226,23
227,15
228,88
229,88
230,39
231,39
232,39
233,88
234,4
235,4
236,88
237,40
238,21
239,41
240,41
241,41
242,40
243,42
244,42
245,21
246,43
247,43
248,43
249,43
250,43
251,44
252,15
253,43
254,43
255,45
256,45
257,15
258,12
259,12
260,46
261,46
262,47
263,47
264,47
265,46
266,0
267,0
268,0
269,0
270,46
271,48
272,48
273,48
274,46
275,46
276,33
277,33
278,33
279,46
280,46
281,48
282,48
283,48
284,49
285,49
286,49
287,46
288,49
289,49
290,49
291,49
292,49
293,49
294,49
295,46
296,50
297,50
298,50
299,37
300,50
301,46
302,46
303,51
304,51
305,51
306,46
307,46
308,46
309,52
310,52
311,52
312,52
313,52
314,1
315,1
316,46
317,53
318,53
319,53
320,53
321,35
322,35
323,46
324,46
325,46
326,46
327,39
328,39
329,39
330,39
331,46
332,20
333,20
334,20
335,20
336,20
337,20
338,20
339,20
340,54
341,20
342,54
343,54
344,54
345,54
346,54
347,54
348,54
349,26
350,26
351,54
352,54
353,55
354,55
355,55
356,55
357,55
358,55
359,55
360,55
361,55
362,55
363,55
364,26
365,55
366,55
367,55
368,55
369,55
370,56
371,55
372,56
373,56
374,56
375,56
376,56
377,20
378,20
379,20
380,20
381,20
382,20
383,20
384,57
385,57
386,1
387,58
388,58
389,58
390,6
391,6
392,59
393,59
394,59
395,59
396,6
397,6
398,15
399,15
400,127
401,127
402,127
403,48
404,48
405,25
406,25
407,14
408,40
409,40
410,40
411,1
412,62
413,62
414,63
415,63
416,1
417,25
418,25
419,63
420,64
421,63
422,64
423,52
424,52
425,52
426,25
427,14
428,14
429,14
430,65
431,65
432,65
433,14
434,14
435,25
436,34
437,14
438,21
439,21
440,14
441,64
442,64
443,64
444,17
445,17
446,66
447,66
448,66
449,67
450,67
451,1
452,66
453,66
454,66
455,66
456,67
457,67
458,6
459,25
460,30
461,30
462,30
463,25
464,68
465,68
466,68
467,68
468,25
469,68
470,68
471,68
472,14
473,1
474,25
475,67
476,67
477,68
478,68
479,68
480,67
481,54
482,68
483,68
484,69
485,69
486,69
487,69
488,6
489,6
490,70
491,14
492,6
493,6
494,6
495,6
496,54
497,54
498,6
499,6
500,54
501,54
502,71
503,71
504,71
505,54
506,71
507,71
508,71
509,71
510,1
511,72
512,73
513,73
514,71
515,71
516,71
517,71
518,73
519,71
520,74
521,71
522,73
523,75
524,75
525,75
526,73
527,62
528,62
529,62
530,62
531,14
532,14
533,14
534,14
535,14
536,14
537,14
538,14
539,73
540,73
541,14
542,14
543,14
544,14
545,14
546,14
547,14
548,73
549,14
550,14
551,14
552,14
553,14
554,14
555,14
556,14
557,14
558,76
559,76
560,77
561,77
562,77
563,1
564,14
565,64
566,64
567,32
568,32
569,78
570,78
571,78
572,78
573,3
574,3
575,79
576,79
577,79
578,80
579,80
580,80
581,3
582,81
583,81
584,82
585,82
586,3
587,83
588,83
589,83
590,83
591,3
592,76
593,76
594,76
595,34
596,34
597,3
598,34
599,1
600,34
601,34
602,34
603,5
604,5
605,85
606,85
607,85
608,85
609,85
610,85
611,85
612,5
613,85
614,85
615,85
616,85
617,85
618,85
619,85
620,85
621,1
622,86
623,87
624,87
625,87
626,1
627,0
628,65
629,65
630,65
631,4
632,76
633,4
634,74
635,74
636,74
637,74
638,25
639,25
640,25
641,76
642,34
643,34
644,42
645,42
646,42
647,42
648,42
649,88
650,89
651,90
652,90
653,42
654,42
655,42
656,42
657,42
658,90
659,90
660,42
661,42
662,42
663,42
664,5
665,5
666,5
667,29
668,29
669,91
670,91
671,25
672,25
673,25
674,25
675,92
676,92
677,92
678,93
679,92
680,25
681,92
682,92
683,92
684,25
685,92
686,25
687,25
688,94
689,94
690,94
691,25
692,94
693,94
694,94
695,94
696,94
697,94
698,94
699,94
700,88
701,88
702,88
703,72
704,72
705,72
706,72
707,72
708,88
709,88
710,72
711,25
712,95
713,25
714,25
715,25
716,25
717,25
718,25
719,88
720,25
721,25
722,25
723,25
724,25
725,25
726,25
727,25
728,88
729,46
730,46
731,96
732,96
733,25
734,25
735,25
736,74
737,97
738,74
739,74
740,97
741,97
742,25
743,63
744,63
745,63
746,13
747,13
748,25
749,25
750,75
751,75
752,75
753,75
754,25
755,98
756,98
757,98
758,98
759,98
760,98
761,89
762,89
763,14
764,14
765,98
766,98
767,98
768,4
769,4
770,14
771,15
772,15
773,15
774,15
775,15
776,15
777,15
778,99
779,99
780,99
781,99
782,89
783,89
784,100
785,100
786,92
787,92
788,92
789,63
790,63
791,63
792,100
793,65
794,65
795,65
796,99
797,99
798,40
799,40
800,21
801,21
802,21
803,101
804,101
805,101
806,89
807,57
808,57
809,15
810,15
811,57
812,90
813,90
814,37
815,57
816,57
817,102
818,102
819,102
820,9
821,9
822,57
823,9
824,103
825,103
826,103
827,103
828,57
829,59
830,59
831,59
832,104
833,104
834,104
835,89
836,103
837,103
838,103
839,103
840,103
841,103
842,103
843,103
844,57
845,103
846,103
847,103
848,103
849,103
850,103
851,103
852,103
853,103
854,103
855,103
856,57
857,103
858,103
859,103
860,103
861,103
862,67
863,67
864,57
865,67
866,67
867,67
868,67
869,67
870,67
871,105
872,105
873,105
874,17
875,57
876,105
877,17
878,105
879,105
880,105
881,105
882,105
883,105
884,17
885,105
886,106
887,17
888,106
889,106
890,106
891,106
892,57
893,106
894,106
895,106
896,106
897,106
898,106
899,106
900,57
901,70
902,106
903,106
904,106
905,106
906,106
907,106
908,106
909,106
910,106
911,57
912,106
913,106
914,106
915,106
916,106
917,106
918,106
919,29
920,29
921,89
922,106
923,106
924,106
925,106
926,106
927,106
928,70
929,106
930,106
931,106
932,106
933,107
934,107
935,106
936,106
937,30
938,30
939,106
940,30
941,106
942,107
943,30
944,30
945,30
946,30
947,30
948,107
949,30
950,30
951,30
952,30
953,30
954,30
955,30
956,30
957,107
958,30
959,30
960,30
961,30
962,30
963,30
964,30
965,30
966,30
967,30
968,30
969,30
970,30
971,30
972,30
973,30
974,30
975,30
976,30
977,30
978,30
979,30
980,93
981,93
982,93
983,93
984,13
985,13
986,93
987,93
988,93
989,93
990,93
991,93
992,93
993,93
994,92
995,92
996,92
997,92
998,92
999,92
1000,92
1001,92
1002,92
1003,89
1004,97
1005,97
1006,63
1007,63
1008,63
1009,63
1010,63
1011,63
1012,63
1013,63
1014,63
1015,63
1016,63
1017,13
1018,13
1019,13
1020,64
1021,64
1022,64
1023,64
1024,64
1025,64
1026,64
1027,64
1028,64
1029,13
1030,13
1031,13
1032,32
1033,13
1034,13
1035,13
1036,13
1037,97
1038,97
1039,32
1040,13
1041,13
1042,32
1043,13
1044,13
1045,76
1046,76
1047,32
1048,32
1049,32
1050,32
1051,32
1052,32
1053,32
1054,32
1055,32
1056,0
1057,48
1058,48
1059,0
1060,0
1061,0
1062,0
1063,0
1064,103
1065,103
1066,103
1067,103
1068,103
1069,103
1070,103
1071,103
1072,103
1073,103
1074,67
1075,67
1076,67
1077,67
1078,67
1079,17
1080,67
1081,17
1082,17
1083,89
1084,48
1085,48
1086,17
1087,17
1088,17
1089,17
1090,17
1091,6
1092,17
1093,17
1094,17
1095,17
1096,17
1097,17
1098,106
1099,108
1100,108
1101,106
1102,106
1103,106
1104,106
1105,106
1106,106
1107,108
1108,106
1109,106
1110,108
1111,106
1112,106
1113,106
1114,106
1115,108
1116,106
1117,106
1118,106
1119,106
1120,108
1121,108
1122,106
1123,106
1124,106
1125,106
1126,103
1127,30
1128,106
1129,30
1130,103
1131,30
1132,30
1133,89
1134,30
1135,30
1136,30
1137,30
1138,30
1139,30
1140,30
1141,30
1142,30
1143,54
1144,30
1145,30
1146,30
1147,30
1148,93
1149,30
1150,93
1151,54
1152,54
1153,93
1154,93
1155,93
1156,93
1157,93
1158,93
1159,20
1160,20
1161,93
1162,93
1163,92
1164,93
1165,92
1166,92
1167,92
1168,92
1169,92
1170,63
1171,63
1172,20
1173,63
1174,63
1175,63
1176,63
1177,63
1178,63
1179,63
1180,20
1181,64
1182,64
1183,63
1184,64
1185,64
1186,64
1187,64
1188,64
1189,64
1190,32
1191,64
1192,31
1193,31
1194,32
1195,32
1196,32
1197,32
1198,89
1199,31
1200,32
1201,32
1202,32
1203,32
1204,32
1205,32
1206,31
1207,32
1208,0
1209,32
1210,0
1211,59
1212,59
1213,45
1214,45
1215,45
1216,45
1217,48
1218,48
1219,59
1220,48
1221,59
1222,109
1223,109
1224,109
1225,75
1226,75
1227,94
1228,94
1229,75
1230,94
1231,94
1232,94
1233,94
1234,94
1235,16
1236,16
1237,89
1238,75
1239,16
1240,16
1241,110
1242,110
1243,110
1244,21
1245,21
1246,111
1247,111
1248,40
1249,112
1250,112
1251,35
1252,35
1253,112
1254,63
1255,5
1256,5
1257,5
1258,5
1259,5
1260,5
1261,5
1262,5
1263,112
1264,5
1265,5
1266,5
1267,5
1268,5
1269,33
1270,18
1271,33
1272,33
1273,33
1274,33
1275,6
1276,6
1277,68
1278,68
1279,70
1280,70
1281,70
1282,5
1283,5
1284,5
1285,5
1286,5
1287,5
1288,68
1289,5
1290,5
1291,14
1292,14
1293,14
1294,5
1295,5
1296,52
1297,52
1298,57
1299,57
1300,57
1301,57
1302,57
1303,68
1304,57
1305,25
1306,25
1307,25
1308,25
1309,25
1310,25
1311,68
1312,68
1313,25
1314,25
1315,25
1316,25
1317,25
1318,68
1319,3
1320,3
1321,3
1322,113
1323,113
1324,113
1325,113
1326,68
1327,114
1328,114
1329,6
1330,14
1331,6
1332,6
1333,6
1334,6
1335,14
1336,6
1337,14
1338,14
1339,14
1340,14
1341,14
1342,114
1343,77
1344,77
1345,77
1346,77
1347,77
1348,114
1349,42
1350,42
1351,114
1352,114
1353,89
1354,114
1355,115
1356,115
1357,115
1358,115
1359,116
1360,53
1361,53
1362,115
1363,115
1364,115
1365,115
1366,117
1367,117
1368,117
1369,53
1370,117
1371,117
1372,117
1373,31
1374,31
1375,31
1376,118
1377,118
1378,118
1379,74
1380,74
1381,89
1382,89
1383,118
1384,74
1385,74
1386,118
1387,113
1388,113
1389,113
1390,113
1391,68
1392,68
1393,68
1394,68
1395,118
1396,68
1397,68
1398,68
1399,119
1400,119
1401,85
1402,85
1403,85
1404,85
1405,85
1406,85
1407,85
1408,85
1409,119
1410,0
1411,0
1412,119
1413,0
1414,0
1415,104
1416,119
1417,40
1418,40
1419,89
1420,1
1421,1
1422,120
1423,120
1424,120
1425,1
1426,120
1427,120
1428,120
1429,1
1430,107
1431,107
1432,107
1433,1
1434,1
1435,107
1436,107
1437,107
1438,76
1439,46
1440,76
1441,76
1442,76
1443,76
1444,76
1445,76
1446,76
1447,76
1448,76
1449,76
1450,76
1451,46
1452,76
1453,76
1454,46
1455,46
1456,46
1457,46
1458,46
1459,46
1460,46
1461,46
1462,46
1463,46
1464,46
1465,46
1466,46
1467,46
1468,46
1469,46
1470,46
1471,46
1472,46
1473,46
1474,46
1475,46
1476,46
1477,76
1478,76
1479,76
1480,76
1481,76
1482,76
1483,76
1484,76
1485,121
1486,121
1487,46
1488,46
1489,46
1490,46
1491,46
1492,121
1493,46
1494,46
1495,46
1496,46
1497,46
1498,122
1499,122
1500,5
1501,5
1502,46
1503,123
1504,123
1505,123
1506,123
1507,123
1508,5
1509,123
1510,123
1511,123
1512,123
1513,123
1514,123
1515,123
1516,5
1517,5
1518,123
1519,123
1520,123
1521,123
1522,123
1523,18
1524,18
1525,5
1526,4
1527,4
1528,4
1529,4
1530,127
1531,127
1532,127
1533,63
1534,63
1535,63
1536,63
1537,100
1538,100
1539,81
1540,81
1541,81
1542,81
1543,81
1544,122
1545,53
1546,124
1547,124
1548,124
1549,34
1550,34
1551,35
1552,35
1553,99
1554,99
1555,98
1556,76
1557,76
1558,14
1559,14
1560,14
1561,13
1562,37
1563,37
1564,37
1565,62
1566,62
1567,62
1568,62
1569,122
1570,62
1571,62
1572,124
1573,124
1574,62
1575,124
1576,124
1577,13
1578,13
1579,13
1580,27
1581,125
1582,125
1583,82
1584,82
1585,82
1586,125
1587,77
1588,77
1589,77
1590,28
1591,28
1592,28
1593,114
1594,114
1595,28
1596,28
1597,28
1598,28
1599,28
1600,114
1601,28
1602,28
1603,28
1604,28
1605,28
1606,28
1607,63
1608,63
1609,114
1610,28
1611,28
1612,28
1613,71
1614,71
1615,119
1616,119
1617,119
1618,71
1619,29
1620,29
1621,29
1622,29
1623,29
1624,29
1625,29
1626,101
1627,101
1628,120
1629,120
1630,120
1631,120
1632,101
1633,18
1634,18
1635,18
1636,18
1637,18
1638,18
1639,80
1640,80
1641,78
1642,75
1643,75
1644,75
1645,88
1646,75
1647,75
1648,88
1649,88
1650,88
1651,15
1652,15
1653,15
1654,15
1655,88
1656,88
1657,88
1658,14
1659,14
1660,14
1661,88
1662,40
1663,40
1664,49
1665,49
1666,49
1667,49
1668,45
1669,45
1670,40
1671,40
1672,45
1673,98
1674,98
1675,127
1676,127
1677,126
1678,126
1679,45
1680,127
1681,127
1682,45
1683,77
1684,77
1685,70
1686,70
1687,70
1688,64
1689,64
1690,56
1691,55
1692,64
1693,64
1694,64
1695,32
1696,32
1697,17
1698,17
1699,17
1700,63
1701,88
1702,88
1703,88
1704,128
1705,128
1706,128
1707,55
1708,5
1709,5
1710,5
1711,127
1712,127
1713,129
1714,129
1715,13
1716,23
1717,23
1718,13
1719,23
1720,23
1721,119
1722,119
1723,119
1724,23
1725,23
1726,13
1727,63
1728,113
1729,13
1730,13
1731,119
1732,71
1733,71
1734,124
1735,124
1736,13
1737,113
1738,0
1739,124
1740,124
1741,124
1742,124
1743,124
1744,124
1745,19
1746,19
1747,113
1748,19
1749,19
1750,127
1751,127
1752,42
1753,42
1754,129
1755,42
1756,87
1757,87
1758,87
1759,87
1760,87
1761,87
1762,87
1763,42
1764,42
1765,63
1766,63
1767,63
1768,129
1769,129
1770,3
1771,3
1772,3
1773,3
1774,3
1775,3
1776,32
1777,32
1778,129
1779,3
1780,3
1781,48
1782,48
1783,48
1784,32
1785,4
1786,4
1787,4
1788,8
1789,8
1790,8
1791,4
1792,33
1793,33
1794,33
1795,101
1796,101
1797,101
1798,33
1799,33
1800,3
1801,3
1802,3
1803,3
1804,3
1805,3
1806,3
1807,63
1808,33
1809,3
1810,32
1811,32
1812,33
1813,32
1814,123
1815,123
1816,121
1817,121
1818,121
1819,33
1820,33
1821,33
1822,130
1823,130
1824,130
1825,130
1826,131
1827,131
1828,131
1829,53
1830,53
1831,53
1832,67
1833,67
1834,53
1835,53
1836,53
1837,53
1838,73
1839,73
1840,14
1841,40
1842,73
1843,132
1844,132
1845,132
1846,53
1847,53
1848,57
1849,57
1850,57
1851,53
1852,43
1853,43
1854,43
1855,52
1856,52
1857,52
1858,53
1859,13
1860,53
1861,105
1862,105
1863,105
1864,105
1865,105
1866,105
1867,73
1868,73
1869,105
1870,105
1871,105
1872,105
1873,1
1874,73
1875,73
1876,52
1877,52
1878,52
1879,52
1880,52
1881,52
1882,52
1883,52
1884,52
1885,52
1886,109
1887,109
1888,16
1889,16
1890,109
1891,16
1892,1
1893,1
1894,1
1895,16
1896,16
1897,16
1898,117
1899,117
1900,117
1901,15
1902,15
1903,15
1904,16
1905,14
1906,14
1907,13
1908,0
1909,13
1910,16
1911,16
1912,95
1913,95
1914,95
1915,53
1916,53
1917,95
1918,95
1919,95
1920,53
1921,95
1922,95
1923,95
1924,53
1925,53
1926,53
1927,95
1928,2
1929,2
1930,53
1931,51
1932,51
1933,29
1934,29
1935,29
1936,29
1937,29
1938,29
1939,53
1940,120
1941,120
1942,53
1943,120
1944,13
1945,121
1946,121
1947,53
1948,119
1949,119
1950,119
1951,22
1952,53
1953,31
1954,31
1955,31
1956,31
1957,73
1958,73
1959,85
1960,28
1961,28
1962,72
1963,28
1964,37
1965,37
1966,53
1967,18
1968,18
1969,18
1970,25
1971,25
1972,25
1973,53
1974,63
1975,63
1976,63
1977,93
1978,93
1979,93
1980,93
1981,93
1982,93
1983,93
1984,93
1985,93
1986,93
1987,93
1988,93
1989,93
1990,63
1991,63
1992,53
1993,29
1994,29
1995,29
1996,29
1997,29
1998,29
1999,29
2000,6
2001,63
2002,63
2003,6
2004,6
2005,63
2006,6
2007,6
2008,6
2009,6
2010,6
2011,63
2012,6
2013,6
2014,6
2015,6
2016,90
2017,90
2018,6
2019,6
2020,6
2021,6
2022,90
2023,6
2024,6
2025,6
2026,6
2027,90
2028,6
2029,6
2030,6
2031,121
2032,121
2033,121
2034,107
2035,121
2036,121
2037,5
2038,107
2039,5
2040,5
2041,107
2042,63
2043,63
2044,107
2045,107
2046,107
2047,107
2048,121
2049,63
2050,107
2051,107
2052,107
2053,107
2054,107
2055,107
2056,107
2057,107
2058,107
2059,107
2060,63
2061,107
2062,107
2063,71
2064,71
2065,107
2066,107
2067,107
2068,107
2069,24
2070,24
2071,24
2072,63
2073,63
2074,24
2075,24
2076,24
2077,63
2078,63
2079,24
2080,24
2081,24
2082,24
2083,24
2084,24
2085,24
2086,24
2087,24
2088,24
2089,24
2090,24
2091,73
2092,85
2093,24
2094,85
2095,85
2096,85
2097,85
2098,85
2099,85
2100,85
2101,85
2102,73
2103,85
2104,85
2105,85
2106,85
2107,85
2108,85
2109,85
2110,85
2111,85
2112,85
2113,85
2114,63
2115,85
2116,85
2117,72
2118,72
2119,72
2120,72
2121,72
2122,72
2123,72
2124,44
2125,44
2126,72
2127,72
2128,72
2129,72
2130,72
2131,72
2132,72
2133,72
2134,72
2135,72
2136,72
2137,72
2138,72
2139,72
2140,72
2141,72
2142,28
2143,28
2144,28
2145,28
2146,90
2147,90
2148,28
2149,64
2150,64
2151,32
2152,64
2153,64
2154,64
2155,64
2156,90
2157,90
2158,64
2159,64
2160,90
2161,64
2162,13
2163,13
2164,64
2165,13
2166,6
2167,6
2168,13
2169,13
2170,13
2171,13
2172,13
2173,13
2174,113
2175,13
2176,113
2177,113
2178,6
2179,113
2180,113
2181,113
2182,113
2183,113
2184,6
2185,113
2186,0
2187,0
2188,0
2189,107
2190,107
2191,107
2192,107
2193,6
2194,121
2195,107
2196,121
2197,121
2198,121
2199,121
2200,121
2201,121
2202,6
2203,6
2204,121
2205,121
2206,121
2207,113
2208,113
2209,25
2210,6
2211,113
2212,113
2213,113
2214,113
2215,113
2216,113
2217,113
2218,113
2219,113
2220,113
2221,25
2222,113
2223,13
2224,13
2225,13
2226,90
2227,126
2228,127
2229,13
2230,13
2231,126
2232,13
2233,32
2234,127
2235,64
2236,32
2237,32
2238,32
2239,32
2240,105
2241,1
2242,32
2243,32
2244,32
2245,32
2246,105
2247,32
2248,32
2249,32
2250,72
2251,72
2252,72
2253,72
2254,72
2255,21
2256,72
2257,72
2258,72
2259,72
2260,21
2261,72
2262,85
2263,85
2264,85
2265,85
2266,85
2267,40
2268,85
2269,85
2270,85
2271,85
2272,40
2273,40
2274,85
2275,85
2276,85
2277,40
2278,85
2279,85
2280,85
2281,24
2282,90
2283,24
2284,24
2285,24
2286,24
2287,121
2288,121
2289,121
2290,121
2291,121
2292,121
2293,121
2294,40
2295,40
2296,121
2297,107
2298,121
2299,107
2300,40
2301,107
2302,107
2303,107
2304,107
2305,107
2306,40
2307,109
2308,109
2309,109
2310,109
2311,12
2312,12
2313,12
2314,117
2315,117
2316,7
2317,7
2318,7
2319,27
2320,125
2321,125
2322,133
2323,133
2324,125
2325,125
2326,125
2327,133
2328,133
2329,133
2330,133
2331,27
2332,27
2333,27
2334,27
2335,27
2336,27
2337,90
2338,90
2339,108
2340,108
2341,27
2342,125
2343,125
2344,133
2345,125
2346,133
2347,133
2348,133
2349,133
2350,123
2351,123
2352,133
2353,133
2354,133
2355,133
2356,133
2357,123
2358,33
2359,100
2360,127
2361,100
2362,33
2363,29
2364,29
2365,29
2366,33
2367,33
2368,3
2369,3
2370,90
2371,33
2372,33
2373,33
2374,100
2375,81
2376,81
2377,57
2378,57
2379,5
2380,81
2381,81
2382,81
2383,81
2384,81
2385,81
2386,81
2387,81
2388,81
2389,81
2390,4
2391,4
2392,4
2393,5
2394,5
2395,5
2396,0
2397,113
2398,90
2399,43
2400,87
2401,0
2402,0
2403,0
2404,0
2405,43
2406,15
2407,59
2408,59
2409,87
2410,59
2411,43
2412,87
2413,59
2414,59
2415,59
2416,59
2417,59
2418,43
2419,59
2420,59
2421,59
2422,59
2423,59
2424,59
2425,59
2426,59
2427,87
2428,2
2429,2
2430,2
2431,2
2432,97
2433,97
2434,87
2435,87
2436,97
2437,87
2438,87
2439,54
2440,54
2441,97
2442,87
2443,54
2444,54
2445,54
2446,68
2447,97
2448,72
2449,72
2450,72
2451,72
2452,97
2453,85
2454,85
2455,85
2456,57
2457,57
2458,123
2459,123
2460,57
2461,131
2462,131
2463,131
2464,131
2465,57
2466,57
2467,68
2468,68
2469,68
2470,68
2471,68
2472,57
2473,1
2474,1
2475,12
2476,12
2477,12
2478,12
2479,12
2480,1
2481,12
2482,12
2483,12
2484,12
2485,12
2486,0
2487,0
2488,12
2489,12
2490,104
2491,0
2492,12
2493,12
2494,12
2495,12
2496,48
2497,48
2498,0
2499,0
2500,48
2501,48
2502,48
2503,48
2504,48
2505,48
2506,48
2507,48
2508,48
2509,48
2510,48
2511,15
2512,15
2513,48
2514,48
2515,48
2516,48
2517,48
2518,15
2519,14
2520,48
2521,12
2522,12
2523,12
2524,12
2525,12
2526,12
2527,12
2528,15
2529,51
2530,51
2531,51
2532,14
2533,15
2534,104
2535,14
2536,99
2537,99
2538,99
2539,126
2540,126
2541,126
2542,126
2543,126
2544,126
2545,126
2546,126
2547,14
2548,14
2549,126
2550,126
2551,126
2552,126
2553,126
2554,126
2555,126
2556,126
2557,126
2558,14
2559,126
2560,126
2561,102
2562,134
2563,102
2564,134
2565,102
2566,102
2567,134
2568,102
2569,102
2570,102
2571,102
2572,102
2573,125
2574,102
2575,125
2576,125
2577,125
2578,125
2579,125
2580,125
2581,125
2582,125
2583,125
2584,125
2585,125
2586,125
2587,125
2588,125
2589,125
2590,125
2591,125
2592,14
2593,125
2594,125
2595,125
2596,116
2597,116
2598,126
2599,126
2600,15
2601,15
2602,126
2603,126
2604,126
2605,126
2606,126
2607,126
2608,126
2609,126
2610,126
2611,126
2612,104
2613,0
2614,0
2615,126
2616,126
2617,134
2618,0
2619,134
2620,134
2621,134
2622,125
2623,0
2624,125
2625,71
2626,71
2627,129
2628,129
2629,135
2630,135
2631,100
2632,100
2633,135
2634,89
2635,123
2636,135
2637,100
2638,65
2639,65
2640,65
2641,100
2642,16
2643,16
2644,100
2645,16
2646,16
2647,100
2648,100
2649,3
2650,3
2651,100
2652,3
2653,3
2654,32
2655,136
2656,136
2657,127
2658,32
2659,100
2660,117
2661,117
2662,96
2663,96
2664,96
2665,96
2666,96
2667,96
2668,46
2669,46
2670,46
2671,46
2672,46
2673,46
2674,46
2675,46
2676,46
2677,46
2678,46
2679,46
2680,46
2681,43
2682,43
2683,43
2684,136
2685,8
2686,8
2687,8
2688,47
2689,47
2690,47
2691,47
2692,47
2693,33
2694,6
2695,6
2696,6
2697,6
2698,100
2699,81
2700,27
2701,81
2702,27
2703,27
2704,124
2705,124
2706,124
2707,13
2708,13
2709,13
2710,0
2711,27
2712,0
2713,0
2714,0
2715,0
2716,0
2717,0
2718,27
2719,70
2720,51
2721,51
2722,51
2723,105
2724,105
2725,105
2726,105
2727,27
2728,70
2729,70
2730,98
2731,98
2732,80
2733,80
2734,80
2735,78
2736,90
2737,77
2738,77
2739,77
2740,77
2741,77
2742,77
2743,77
2744,77
2745,2
2746,2
2747,77
2748,114
2749,77
2750,77
2751,77
2752,77
2753,78
2754,136
2755,76
2756,76
2757,94
2758,113
2759,76
2760,76
2761,76
2762,113
2763,76
2764,98
2765,98
2766,98
2767,98
2768,98
2769,98
2770,98
2771,98
2772,99
2773,98
2774,98
2775,98
2776,98
2777,127
2778,127
2779,99
2780,99
2781,99
2782,99
2783,100
2784,99
2785,99
2786,99
2787,99
2788,99
2789,99
2790,99
2791,99
2792,99
2793,100
2794,99
2795,99
2796,99
2797,13
2798,13
2799,129
2800,100
2801,13
2802,13
2803,13
2804,97
2805,97
2806,129
2807,13
2808,13
2809,13
2810,13
2811,13
2812,13
2813,13
2814,100
2815,13
2816,13
2817,13
2818,73
2819,73
2820,13
2821,13
2822,73
2823,82
2824,82
2825,73
2826,73
2827,82
2828,73
2829,90
2830,90
2831,117
2832,117
2833,90
2834,117
2835,90
2836,48
2837,48
2838,48
2839,48
2840,97
2841,7
2842,7
2843,132
2844,132
2845,7
2846,54
2847,54
2848,82
2849,82
2850,25
2851,25
2852,20
2853,20
2854,65
2855,65
2856,93
2857,93
2858,93
2859,65
2860,65
2861,113
2862,113
2863,4
2864,4
2865,113
2866,113
2867,43
2868,43
2869,43
2870,43
2871,43
2872,43
2873,59
2874,59
2875,59
2876,31
2877,31
2878,59
2879,31
2880,59
2881,59
2882,43
2883,43
2884,43
2885,72
2886,72
2887,59
2888,72
2889,72
2890,72
2891,113
2892,113
2893,59
2894,11
2895,11
2896,4
2897,97
2898,59
2899,124
2900,124
2901,90
2902,90
2903,47
2904,47
2905,90
2906,90
2907,93
2908,66
2909,59
2910,59
2911,66
2912,11
2913,59
2914,34
2915,34
2916,34
2917,121
2918,121
2919,121
2920,6
2921,6
2922,129
2923,129
2924,129
2925,6
2926,138
2927,138
2928,138
2929,138
2930,138
2931,6
2932,139
2933,139
2934,139
2935,139
2936,6
2937,74
2938,74
2939,74
2940,74
2941,44
2942,44
2943,30
2944,30
2945,40
2946,40
2947,30
2948,20
2949,20
2950,132
2951,132
2952,40
2953,132
2954,132
2955,40
2956,40
2957,129
2958,129
2959,129
2960,129
2961,0
2962,112
2963,129
2964,40
2965,40
2966,130
2967,130
2968,0
2969,130
2970,112
2971,121
2972,121
2973,121
2974,124
2975,88
2976,14
2977,140
2978,140
2979,0
2980,0
2981,140
2982,140
2983,140
2984,40
2985,40
2986,94
2987,94
2988,40
2989,20
2990,20
2991,20
2992,20
2993,20
2994,20
2995,40
2996,107
2997,107
2998,107
2999,107
3000,107
3001,107
3002,92
3003,92
3004,107
3005,107
3006,107
3007,107
3008,107
3009,107
3010,107
3011,107
3012,107
3013,97
3014,97
3015,97
3016,97
3017,97
3018,97
3019,92
3020,92
3021,97
3022,25
3023,25
3024,141
3025,141
3026,109
3027,109
3028,0
3029,88
3030,115
3031,115
3032,115
3033,88
3034,89
3035,89
3036,58
3037,58
3038,68
3039,68
3040,16
3041,16
3042,16
3043,16
3044,8
3045,8
3046,8
3047,89
3048,8
3049,8
3050,8
3051,8
3052,8
3053,89
3054,89
3055,107
3056,107
3057,107
3058,121
3059,121
3060,121
3061,121
3062,89
3063,46
3064,76
3065,76
3066,76
3067,76
3068,76
3069,76
3070,76
3071,76
3072,136
3073,136
3074,76
3075,76
3076,76
3077,76
3078,76
3079,76
3080,76
3081,76
3082,76
3083,25
3084,25
3085,76
3086,76
3087,76
3088,76
3089,76
3090,25
3091,76
3092,76
3093,76
3094,76
3095,76
3096,25
3097,96
3098,96
3099,96
3100,96
3101,96
3102,96
3103,96
3104,96
3105,31
3106,31
3107,96
3108,46
3109,31
3110,46
3111,46
3112,46
3113,46
3114,46
3115,46
3116,33
3117,31
3118,136
3119,4
3120,100
3121,30
3122,30
3123,93
3124,93
3125,30
3126,30
3127,30
3128,93
3129,93
3130,4
3131,93
3132,93
3133,93
3134,93
3135,93
3136,93
3137,4
3138,93
3139,8
3140,8
3141,4
3142,8
3143,8
3144,4
3145,114
3146,114
3147,114
3148,124
3149,124
3150,124
3151,73
3152,73
3153,25
3154,25
3155,27
3156,73
3157,73
3158,73
3159,73
3160,73
3161,73
3162,63
3163,73
3164,73
3165,63
3166,63
3167,63
3168,63
3169,63
3170,92
3171,27
3172,73
3173,73
3174,63
3175,73
3176,63
3177,63
3178,114
3179,114
3180,63
3181,63
3182,63
3183,115
3184,63
3185,63
3186,63
3187,63
3188,63
3189,115
3190,63
3191,63
3192,63
3193,63
3194,63
3195,63
3196,32
3197,32
3198,32
3199,32
3200,32
3201,32
3202,136
3203,139
3204,78
3205,78
3206,117
3207,117
3208,117
3209,130
3210,78
3211,130
3212,130
3213,130
3214,130
3215,116
3216,116
3217,88
3218,88
3219,116
3220,116
3221,88
3222,47
3223,47
3224,47
3225,88
3226,88
3227,88
3228,81
3229,82
3230,25
3231,25
3232,25
3233,55
3234,55
3235,55
3236,55
3237,55
3238,55
3239,64
3240,64
3241,64
3242,85
3243,85
3244,6
3245,45
3246,45
3247,85
3248,142
3249,142
3250,142
3251,142
3252,45
3253,7
3254,7
3255,7
3256,7
3257,48
3258,45
3259,82
3260,82
3261,82
3262,52
3263,52
3264,52
3265,1
3266,1
3267,1
3268,111
3269,111
3270,111
3271,52
3272,6
3273,76
3274,70
3275,70
3276,49
3277,49
3278,49
3279,65
3280,65
3281,65
3282,77
3283,4
3284,77
3285,77
3286,77
3287,70
3288,77
3289,77
3290,77
3291,25
3292,11
3293,77
3294,77
3295,77
3296,77
3297,32
3298,42
3299,77
3300,42
3301,42
3302,42
3303,32
3304,42
3305,42
3306,8
3307,8
3308,8
3309,8
3310,8
3311,8
3312,4
3313,4
3314,4
3315,44
3316,44
3317,44
3318,6
3319,4
3320,27
3321,27
3322,27
3323,27
3324,21
3325,21
3326,27
3327,102
3328,102
3329,102
3330,21
3331,21
3332,83
3333,83
3334,111
3335,111
3336,33
3337,93
3338,93
3339,93
3340,73
3341,73
3342,93
3343,93
3344,93
3345,93
3346,73
3347,73
3348,73
3349,93
3350,93
3351,93
3352,109
3353,109
3354,73
3355,73
3356,109
3357,109
3358,107
3359,107
3360,107
3361,6
3362,73
3363,14
3364,14
3365,107
3366,110
3367,110
3368,50
3369,50
3370,111
3371,106
3372,106
3373,106
3374,143
3375,143
3376,53
3377,53
3378,87
3379,87
3380,87
3381,53
3382,87
3383,87
3384,87
3385,87
3386,53
3387,143
3388,87
3389,143
3390,40
3391,14
3392,80
3393,80
3394,80
3395,31
3396,31
3397,63
3398,63
3399,63
3400,40
3401,40
3402,64
3403,64
3404,126
3405,126
3406,47
3407,47
3408,5
3409,5
3410,5
3411,126
3412,100
3413,100
3414,81
3415,81
3416,126
3417,81
3418,81
3419,81
3420,81
3421,31
3422,31
3423,81
3424,81
3425,81
3426,81
3427,4
3428,4
3429,126
3430,25
3431,25
3432,25
3433,25
3434,126
3435,126
3436,41
3437,41
3438,41
3439,41
3440,41
3441,41
3442,126
3443,41
3444,41
3445,47
3446,47
3447,47
3448,47
3449,26
3450,26
3451,26
3452,110
3453,110
3454,104
3455,63
3456,63
3457,143
3458,143
3459,143
3460,144
3461,144
3462,144
3463,117
3464,117
3465,117
3466,83
3467,83
3468,63
3469,63
3470,52
3471,77
3472,25
3473,52
3474,77
3475,52
3476,42
3477,52
3478,52
3479,142
3480,142
3481,66
3482,142
3483,63
3484,106
3485,106
3486,106
3487,63
3488,63
3489,63
3490,63
3491,63
3492,63
3493,63
3494,63
3495,113
3496,18
3497,18
3498,33
3499,46
3500,46
3501,55
3502,55
3503,46
3504,109
3505,142
3506,142
3507,142
3508,46
3509,87
3510,87
3511,87
3512,46
3513,46
3514,93
3515,93
3516,14
3517,14
3518,93
3519,93
3520,45
3521,45
3522,14
3523,45
3524,1
3525,1
3526,25
3527,17
3528,17
3529,2
3530,2
3531,51
3532,51
3533,17
3534,17
3535,17
3536,17
3537,62
3538,62
3539,17
3540,28
3541,117
3542,68
3543,68
3544,17
3545,68
3546,68
3547,68
3548,68
3549,68
3550,17
3551,17
3552,17
3553,82
3554,82
3555,82
3556,131
3557,131
3558,131
3559,141
3560,141
3561,141
3562,17
3563,48
3564,48
3565,48
3566,3
3567,3
3568,34
3569,34
3570,34
3571,34
3572,25
3573,34
3574,34
3575,34
3576,34
3577,34
3578,102
3579,102
3580,34
3581,34
3582,34
3583,95
3584,95
3585,102
3586,34
3587,34
3588,34
3589,105
3590,105
3591,34
3592,34
3593,34
3594,34
3595,34
3596,34
3597,105
3598,34
3599,34
3600,34
3601,34
3602,37
3603,37
3604,105
3605,105
3606,105
3607,138
3608,138
3609,105
3610,138
3611,138
3612,68
3613,68
3614,68
3615,30
3616,58
3617,58
3618,58
3619,105
3620,88
3621,58
3622,95
3623,133
3624,124
3625,124
3626,124
3627,124
3628,93
3629,93
3630,45
3631,45
3632,92
3633,92
3634,92
3635,92
3636,45
3637,45
3638,83
3639,83
3640,45
3641,83
3642,40
3643,87
3644,87
3645,87
3646,40
3647,87
3648,87
3649,40
3650,87
3651,108
3652,87
3653,43
3654,126
3655,95
3656,108
3657,66
3658,66
3659,66
3660,66
3661,10
3662,10
3663,10
3664,10
3665,94
3666,94
3667,14
3668,14
3669,94
3670,111
3671,111
3672,14
3673,111
3674,111
3675,87
3676,87
3677,87
3678,87
3679,87
3680,5
3681,5
3682,5
3683,5
3684,5
3685,5
3686,5
3687,5
3688,5
3689,5
3690,5
3691,5
3692,5
3693,5
3694,5
3695,5
3696,99
3697,51
3698,51
3699,51
3700,51
3701,25
3702,5
3703,51
3704,51
3705,51
3706,51
3707,51
3708,95
3709,59
3710,59
3711,59
3712,33
3713,33
3714,33
3715,33
3716,33
3717,33
3718,33
3719,65
3720,43
3721,65
3722,7
3723,7
3724,7
3725,7
3726,7
3727,43
3728,7
3729,7
3730,13
3731,13
3732,95
3733,95
3734,95
3735,13
3736,95
3737,95
3738,95
3739,95
3740,95
3741,95
3742,95
3743,95
3744,95
3745,95
3746,95
3747,13
3748,95
3749,95
3750,95
3751,95
3752,95
3753,13
3754,13
3755,95
3756,95
3757,95
3758,13
3759,95
3760,95
3761,34
3762,34
3763,34
3764,34
3765,13
3766,34
3767,34
3768,34
3769,34
3770,57
3771,57
3772,34
3773,34
3774,34
3775,34
3776,11
3777,11
3778,34
3779,34
3780,34
3781,34
3782,34
3783,11
3784,34
3785,34
3786,34
3787,34
3788,25
3789,34
3790,11
3791,95
3792,11
3793,71
3794,71
3795,129
3796,14
3797,14
3798,14
3799,7
3800,7
3801,7
3802,7
3803,14
3804,126
3805,126
3806,14
3807,14
3808,68
3809,68
3810,68
3811,33
3812,33
3813,33
3814,31
3815,31
3816,31
3817,15
3818,100
3819,100
3820,100
3821,100
3822,28
3823,119
3824,119
3825,119
3826,119
3827,119
3828,119
3829,119
3830,70
3831,15
3832,37
3833,37
3834,25
3835,25
3836,25
3837,25
3838,117
3839,117
3840,117
3841,117
3842,117
3843,117
3844,117
3845,9
3846,9
3847,9
3848,9
3849,9
3850,9
3851,9
3852,9
3853,9
3854,15
3855,15
3856,127
3857,127
3858,127
3859,127
3860,127
3861,127
3862,127
3863,127
3864,127
3865,127
3866,57
3867,127
3868,57
3869,15
3870,15
3871,57
3872,57
3873,57
3874,115
3875,115
3876,57
3877,57
3878,57
3879,57
3880,57
3881,115
3882,57
3883,57
3884,57
3885,57
3886,115
3887,57
3888,57
3889,47
3890,115
3891,115
3892,51
3893,140
3894,51
3895,115
3896,9
3897,117
3898,115
3899,57
3900,57
3901,57
3902,0
3903,0
3904,0
3905,95
3906,95
3907,95
3908,0
3909,27
3910,27
3911,70
3912,18
3913,18
3914,18
3915,33
3916,70
3917,33
3918,117
3919,117
3920,25
3921,25
3922,140
3923,140
3924,117
3925,117
3926,117
3927,9
3928,9
3929,9
3930,9
3931,9
3932,140
3933,9
3934,9
3935,9
3936,9
3937,117
3938,117
3939,117
3940,59
3941,111
3942,111
3943,111
3944,111
3945,111
3946,117
3947,152
3948,152
3949,112
3950,63
3951,112
3952,112
3953,112
3954,6
3955,6
3956,112
3957,112
3958,0
3959,0
3960,0
3961,0
3962,0
3963,0
3964,0
3965,0
3966,0
3967,0
3968,0
3969,0
3970,0
3971,0
3972,0
3973,18
3974,0
3975,0
3976,0
3977,0
3978,58
3979,58
3980,18
3981,0
3982,0
3983,0
3984,0
3985,54
3986,0
3987,112
3988,112
3989,112
3990,112
3991,112
3992,112
3993,0
3994,0
3995,0
3996,0
3997,0
3998,0
3999,0
4000,0
4001,0
4002,0
4003,0
4004,0
4005,0
4006,0
4007,0
4008,0
4009,32
4010,32
4011,32
4012,72
4013,72
4014,72
4015,72
4016,72
4017,32
4018,32
4019,32
4020,58
4021,72
4022,146
4023,146
4024,146
4025,146
4026,17
4027,17
4028,110
4029,110
4030,110
4031,50
4032,50
4033,50
4034,140
4035,9
4036,9
4037,117
4038,117
4039,140
4040,140
4041,108
4042,108
4043,108
4044,41
4045,41
4046,2
4047,2
4048,115
4049,115
4050,115
4051,82
4052,82
4053,82
4054,115
4055,41
4056,41
4057,41
4058,115
4059,115
4060,41
4061,41
4062,41
4063,58
4064,58
4065,58
4066,33
4067,91
4068,33
4069,33
4070,121
4071,121
4072,121
4073,121
4074,121
4075,40
4076,40
4077,121
4078,121
4079,121
4080,121
4081,121
4082,121
4083,107
4084,107
4085,107
4086,107
4087,107
4088,107
4089,107
4090,107
4091,107
4092,107
4093,107
4094,29
4095,29
4096,107
4097,107
4098,107
4099,107
4100,29
4101,107
4102,107
4103,58
4104,29
4105,107
4106,107
4107,112
4108,112
4109,107
4110,107
4111,29
4112,107
4113,29
4114,29
4115,29
4116,29
4117,29
4118,29
4119,29
4120,29
4121,112
4122,29
4123,29
4124,29
4125,29
4126,29
4127,29
4128,29
4129,92
4130,29
4131,29
4132,29
4133,100
4134,100
4135,29
4136,29
4137,29
4138,29
4139,29
4140,100
4141,29
4142,29
4143,29
4144,14
4145,14
4146,14
4147,141
4148,55
4149,141
4150,59
4151,59
4152,59
4153,59
4154,82
4155,82
4156,82
4157,141
4158,82
4159,82
4160,82
4161,82
4162,87
4163,87
4164,82
4165,82
4166,82
4167,82
4168,70
4169,100
4170,82
4171,14
4172,14
4173,14
4174,14
4175,14
4176,14
4177,14
4178,14
4179,14
4180,14
4181,14
4182,14
4183,14
4184,14
4185,14
4186,66
4187,66
4188,66
4189,66
4190,77
4191,77
4192,77
4193,77
4194,76
4195,77
4196,31
4197,31
4198,76
4199,76
4200,76
4201,76
4202,94
4203,94
4204,76
4205,76
4206,94
4207,76
4208,76
4209,76
4210,94
4211,76
4212,76
4213,71
4214,71
4215,71
4216,71
4217,71
4218,22
4219,22
4220,71
4221,71
4222,126
4223,126
4224,22
4225,126
4226,126
4227,126
4228,22
4229,126
4230,126
4231,126
4232,33
4233,33
4234,71
4235,71
4236,71
4237,33
4238,134
4239,134
4240,134
4241,88
4242,68
4243,68
4244,68
4245,68
4246,68
4247,68
4248,54
4249,54
4250,54
4251,54
4252,54
4253,54
4254,54
4255,54
4256,54
4257,54
4258,54
4259,87
4260,87
4261,141
4262,141
4263,141
4264,49
4265,49
4266,49
4267,109
4268,49
4269,49
4270,78
4271,78
4272,78
4273,31
4274,31
4275,0
4276,0
4277,0
4278,0
4279,0
4280,13
4281,13
4282,31
4283,0
4284,0
4285,0
4286,0
4287,0
4288,0
4289,0
4290,0
4291,0
4292,0
4293,31
4294,0
4295,0
4296,0
4297,0
4298,34
4299,34
4300,59
4301,118
4302,118
4303,59
4304,144
4305,144
4306,144
4307,144
4308,144
4309,144
4310,59
4311,76
4312,76
4313,129
4314,129
4315,129
4316,59
4317,129
4318,94
4319,94
4320,76
4321,76
4322,76
4323,25
4324,42
4325,42
4326,76
4327,76
4328,138
4329,138
4330,138
4331,109
4332,109
4333,109
4334,109
4335,33
4336,33
4337,33
4338,33
4339,117
4340,117
4341,78
4342,78
4343,64
4344,64
4345,64
4346,64
4347,78
4348,64
4349,64
4350,78
4351,33
4352,33
4353,64
4354,64
4355,64
4356,64
4357,33
4358,64
4359,33
4360,30
4361,30
4362,30
4363,30
4364,33
4365,30
4366,30
4367,119
4368,119
4369,119
4370,24
4371,24
4372,24
4373,33
4374,33
4375,82
4376,82
4377,82
4378,33
4379,100
4380,100
4381,33
4382,33
4383,0
4384,33
4385,33
4386,100
4387,100
4388,100
4389,100
4390,102
4391,102
4392,33
4393,40
4394,40
4395,40
4396,40
4397,40
4398,40
4399,40
4400,40
4401,12
4402,12
4403,75
4404,75
4405,75
4406,75
4407,47
4408,47
4409,40
4410,40
4411,40
4412,40
4413,47
4414,15
4415,31
4416,147
4417,31
4418,31
4419,76
4420,76
4421,76
4422,77
4423,77
4424,77
4425,133
4426,133
4427,133
4428,15
4429,14
4430,15
4431,15
4432,15
4433,15
4434,14
4435,15
4436,15
4437,18
4438,18
4439,18
4440,18
4441,76
4442,76
4443,76
4444,76
4445,76
4446,76
4447,2
4448,2
4449,2
4450,2
4451,21
4452,21
4453,21
4454,21
4455,21
4456,73
4457,21
4458,21
4459,21
4460,24
4461,121
4462,24
4463,24
4464,73
4465,24
4466,24
4467,24
4468,24
4469,24
4470,24
4471,24
4472,45
4473,73
4474,45
4475,45
4476,45
4477,45
4478,45
4479,85
4480,45
4481,45
4482,45
4483,72
4484,45
4485,72
4486,72
4487,45
4488,72
4489,101
4490,101
4491,45
4492,45
4493,45
4494,57
4495,101
4496,115
4497,142
4498,142
4499,142
4500,142
4501,48
4502,48
4503,50
4504,50
4505,96
4506,96
4507,96
4508,77
4509,77
4510,106
4511,106
4512,106
4513,50
4514,85
4515,85
4516,85
4517,85
4518,14
4519,135
4520,135
4521,71
4522,71
4523,71
4524,135
4525,71
4526,71
4527,71
4528,71
4529,121
4530,121
4531,55
4532,55
4533,55
4534,55
4535,55
4536,55
4537,55
4538,55
4539,55
4540,55
4541,43
4542,43
4543,43
4544,43
4545,43
4546,71
4547,71
4548,71
4549,81
4550,81
4551,40
4552,40
4553,28
4554,15
4555,15
4556,15
4557,14
4558,14
4559,14
4560,14
4561,14
4562,14
4563,14
4564,14
4565,6
4566,6
4567,6
4568,6
4569,6
4570,6
4571,6
4572,6
4573,6
4574,6
4575,6
4576,6
4577,6
4578,6
4579,6
4580,6
4581,6
4582,6
4583,29
4584,6
4585,29
4586,29
4587,29
4588,29
4589,29
4590,29
4591,29
4592,29
4593,63
4594,104
4595,104
4596,104
4597,104
4598,104
4599,104
4600,63
4601,31
4602,31
4603,31
4604,31
4605,98
4606,98
4607,98
4608,98
4609,98
4610,98
4611,98
4612,98
4613,98
4614,98
4615,98
4616,98
4617,98
4618,52
4619,52
4620,99
4621,99
4622,99
4623,52
4624,31
4625,31
4626,88
4627,88
4628,88
4629,88
4630,52
4631,88
4632,88
4633,88
4634,88
4635,63
4636,63
4637,76
4638,76
4639,75
4640,75
4641,75
4642,75
4643,75
4644,111
4645,111
4646,111
4647,90
4648,111
4649,111
4650,111
4651,29
4652,29
4653,90
4654,29
4655,18
4656,18
4657,29
4658,18
4659,30
4660,30
4661,25
4662,25
4663,30
4664,65
4665,65
4666,65
4667,25
4668,4
4669,4
4670,31
4671,11
4672,59
4673,59
4674,25
4675,34
4676,11
4677,34
4678,34
4679,34
4680,34
4681,34
4682,34
4683,34
4684,11
4685,34
4686,35
4687,34
4688,34
4689,34
4690,34
4691,34
4692,140
4693,34
4694,34
4695,34
4696,34
4697,34
4698,34
4699,117
4700,117
4701,34
4702,34
4703,34
4704,34
4705,34
4706,25
4707,34
4708,34
4709,34
4710,34
4711,25
4712,34
4713,34
4714,34
4715,34
4716,34
4717,34
4718,34
4719,34
4720,34
4721,34
4722,34
4723,34
4724,34
4725,25
4726,34
4727,34
4728,34
4729,34
4730,34
4731,34
4732,25
4733,34
4734,34
4735,25
4736,25
4737,34
4738,34
4739,34
4740,34
4741,34
4742,25
4743,34
4744,34
4745,34
4746,34
4747,34
4748,35
4749,35
4750,35
4751,35
4752,35
4753,34
4754,34
4755,34
4756,10
4757,10
4758,34
4759,98
4760,98
4761,98
4762,98
4763,98
4764,98
4765,98
4766,126
4767,126
4768,126
4769,99
4770,99
4771,21
4772,21
4773,99
4774,98
4775,25
4776,119
4777,119
4778,119
4779,119
4780,119
4781,119
4782,117
4783,117
4784,117
4785,10
4786,109
4787,117
4788,77
4789,77
4790,77
4791,77
4792,77
4793,77
4794,77
4795,2
4796,2
4797,21
4798,40
4799,89
4800,89
4801,89
4802,89
4803,40
4804,87
4805,87
4806,87
4807,87
4808,40
4809,107
4810,107
4811,107
4812,107
4813,107
4814,107
4815,10
4816,40
4817,40
4818,107
4819,107
4820,107
4821,14
4822,14
4823,107
4824,14
4825,127
4826,127
4827,127
4828,127
4829,14
4830,127
4831,127
4832,88
4833,88
4834,88
4835,124
4836,88
4837,123
4838,123
4839,123
4840,123
4841,132
4842,132
4843,132
4844,132
4845,132
4846,132
4847,132
4848,100
4849,100
4850,71
4851,71
4852,71
4853,71
4854,124
4855,88
4856,126
4857,126
4858,124
4859,83
4860,83
4861,83
4862,83
4863,35
4864,35
4865,35
4866,35
4867,17
4868,17
4869,54
4870,54
4871,54
4872,17
4873,68
4874,68
4875,68
4876,68
4877,68
4878,68
4879,68
4880,68
4881,68
4882,68
4883,68
4884,68
4885,68
4886,30
4887,68
4888,68
4889,30
4890,30
4891,30
4892,17
4893,30
4894,30
4895,30
4896,30
4897,100
4898,67
4899,30
4900,30
4901,30
4902,30
4903,30
4904,66
4905,66
4906,66
4907,66
4908,66
4909,66
4910,66
4911,66
4912,66
4913,66
4914,66
4915,66
4916,66
4917,66
4918,66
4919,17
4920,66
4921,66
4922,66
4923,66
4924,66
4925,66
4926,66
4927,66
4928,67
4929,66
4930,66
4931,66
4932,66
4933,66
4934,66
4935,66
4936,66
4937,67
4938,66
4939,66
4940,104
4941,104
4942,104
4943,104
4944,104
4945,104
4946,104
4947,104
4948,110
4949,110
4950,110
4951,110
4952,110
4953,110
4954,110
4955,110
4956,110
4957,110
4958,88
4959,110
4960,110
4961,110
4962,110
4963,89
4964,110
4965,110
4966,50
4967,50
4968,50
4969,50
4970,50
4971,50
4972,31
4973,31
4974,50
4975,50
4976,50
4977,50
4978,50
4979,49
4980,50
4981,108
4982,108
4983,50
4984,49
4985,50
4986,49
4987,50
4988,50
4989,50
4990,49
4991,49
4992,49
4993,49
4994,108
4995,49
4996,49
4997,49
4998,49
4999,49
5000,49
5001,78
5002,78
5003,78
5004,78
5005,78
5006,114
5007,114
5008,90
5009,114
5010,114
5011,114
5012,116
5013,108
5014,68
5015,68
5016,68
5017,68
5018,68
5019,68
5020,54
5021,54
5022,129
5023,30
5024,66
5025,129
5026,66
5027,66
5028,66
5029,129
5030,66
5031,66
5032,66
5033,66
5034,66
5035,66
5036,66
5037,45
5038,45
5039,66
5040,66
5041,66
5042,66
5043,66
5044,66
5045,66
5046,66
5047,66
5048,66
5049,31
5050,45
5051,66
5052,66
5053,104
5054,104
5055,45
5056,104
5057,104
5058,104
5059,110
5060,110
5061,110
5062,110
5063,110
5064,110
5065,110
5066,45
5067,110
5068,110
5069,110
5070,50
5071,50
5072,50
5073,50
5074,50
5075,46
5076,46
5077,49
5078,50
5079,49
5080,49
5081,46
5082,49
5083,49
5084,49
5085,49
5086,141
5087,141
5088,141
5089,73
5090,141
5091,49
5092,49
5093,49
5094,90
5095,49
5096,90
5097,90
5098,90
5099,90
5100,141
5101,141
5102,90
5103,116
5104,116
5105,31
5106,45
5107,9
5108,9
5109,9
5110,45
5111,134
5112,148
5113,134
5114,33
5115,33
5116,148
5117,1
5118,1
5119,106
5120,106
5121,53
5122,59
5123,53
5124,59
5125,144
5126,144
5127,144
5128,144
5129,144
5130,144
5131,119
5132,119
5133,55
5134,3
5135,3
5136,3
5137,3
5138,62
5139,62
5140,109
5141,109
5142,121
5143,121
5144,121
5145,121
5146,121
5147,117
5148,121
5149,121
5150,121
5151,121
5152,117
5153,106
5154,106
5155,106
5156,106
5157,43
5158,43
5159,65
5160,65
5161,19
5162,18
5163,19
5164,9
5165,87
5166,87
5167,87
5168,19
5169,19
5170,19
5171,9
5172,111
5173,111
5174,14
5175,14
5176,70
5177,70
5178,71
5179,71
5180,138
5181,138
5182,138
5183,67
5184,67
5185,138
5186,71
5187,71
5188,138
5189,144
5190,144
5191,144
5192,67
5193,144
5194,144
5195,144
5196,124
5197,124
5198,124
5199,124
5200,101
5201,57
5202,57
5203,57
5204,9
5205,9
5206,27
5207,27
5208,27
5209,40
5210,55
5211,9
5212,37
5213,37
5214,37
5215,9
5216,37
5217,9
5218,9
5219,9
5220,9
5221,9
5222,9
5223,118
5224,118
5225,29
5226,29
5227,29
5228,65
5229,40
5230,40
5231,40
5232,11
5233,25
5234,39
5235,5
5236,39
5237,11
5238,113
5239,113
5240,113
5241,113
5242,99
5243,99
5244,16
5245,16
5246,16
5247,31
5248,51
5249,51
5250,51
5251,51
5252,15
5253,15
5254,1
5255,1
5256,39
5257,39
5258,1
5259,1
5260,1
5261,109
5262,109
5263,39
5264,39
5265,87
5266,87
5267,87
5268,39
5269,128
5270,128
5271,39
5272,128
5273,121
5274,121
5275,106
5276,142
5277,39
5278,106
5279,106
5280,106
5281,106
5282,39
5283,142
5284,142
5285,39
5286,23
5287,23
5288,0
5289,0
5290,144
5291,23
5292,0
5293,2
5294,2
5297,98
5299,98
5300,98
5301,82
5302,82
5303,82
5304,47
5305,90
5306,116
5307,90
5308,100
5309,100
5310,70
5311,70
5312,101
5313,101
5314,70
5315,70
5316,100
5317,100
5318,100
5319,100
5320,81
5321,100
5322,100
5323,100
5324,100
5325,101
5326,100
5327,100
5328,100
5329,100
5330,100
5331,101
5332,101
5333,100
5334,100
5335,100
5336,100
5337,100
5338,100
5339,100
5340,100
5341,100
5342,127
5343,100
5344,100
5345,100
5346,100
5347,115
5348,115
5349,100
5350,4
5351,4
5352,4
5353,4
5354,4
5355,4
5356,4
5357,115
5358,4
5359,4
5360,4
5361,76
5362,76
5363,55
5364,115
5365,76
5366,76
5367,76
5368,76
5369,76
5370,76
5371,76
5372,76
5373,115
5374,76
5375,46
5376,46
5377,46
5378,46
5379,46
5380,46
5381,115
5382,115
5383,46
5384,4
5385,76
5386,76
5387,2
5388,76
5389,115
5390,76
5391,115
5392,43
5393,43
5394,43
5395,43
5396,43
5397,43
5398,65
5399,65
5400,43
5401,65
5402,40
5403,34
5404,34
5405,18
5406,19
5407,19
5408,19
5409,19
5410,34
5411,19
5412,19
5413,19
5414,19
5415,34
5416,34
5417,19
5418,8
5419,8
5420,0
5421,0
5422,8
5423,8
5424,76
5425,76
5426,86
5427,86
5428,86
5429,86
5430,0
5431,117
5432,117
5433,0
5434,117
5435,0
5436,25
5437,25
5438,7
5439,7
5440,7
5441,25
5442,25
5443,126
5444,126
5445,126
5446,126
5447,126
5448,126
5449,27
5450,27
5451,132
5452,132
5453,132
5454,100
5455,27
5456,27
5457,27
5458,27
5459,71
5460,71
5461,71
5462,71
5463,27
5464,71
5465,71
5466,90
5467,90
5468,40
5469,15
5470,18
5471,18
5472,26
5473,26
5474,90
5475,26
5476,50
5477,50
5478,50
5479,53
5480,53
5481,53
5482,85
5483,54
5484,54
5485,54
5486,143
5487,54
5488,85
5489,29
5490,21
5491,120
5492,120
5493,120
5494,29
5495,29
5496,29
5497,6
5498,6
5499,40
5500,14
5501,25
5502,25
5503,40
5504,25
5505,95
5506,95
5507,95
5508,95
5509,95
5510,31
5511,31
5512,134
5513,134
5514,134
5515,25
5516,27
5517,27
5518,31
5519,18
5520,18
5521,31
5522,18
5523,18
5524,96
5525,96
5526,67
5527,67
5528,67
5529,125
5530,134
5531,134
5532,67
5533,101
5534,116
5535,116
5536,116
5537,45
5538,48
5539,45
5540,45
5541,45
5542,67
5543,45
5544,45
5545,18
5546,18
5547,18
5548,18
5549,18
5550,101
5551,18
5552,48
5553,48
5554,48
5555,48
5556,17
5557,67
5558,48
5559,48
5560,48
5561,42
5562,42
5563,48
5564,48
5565,48
5566,48
5567,3
5568,3
5569,3
5570,42
5571,3
5572,3
5573,3
5574,3
5575,3
5576,42
5577,3
5578,3
5579,3
5580,3
5581,3
5582,117
5583,3
5584,3
5585,3
5586,3
5587,3
5588,3
5589,117
5590,3
5591,3
5592,3
5593,3
5594,3
5595,3
5596,113
5597,113
5598,3
5599,3
5600,94
5601,94
5602,94
5603,94
5604,94
5605,94
5606,40
5607,70
5608,70
5609,94
5610,94
5611,94
5612,94
5613,94
5614,70
5615,94
5616,3
5617,3
5618,3
5619,3
5620,3
5621,70
5622,70
5623,3
5624,3
5625,70
5626,3
5627,3
5628,3
5629,3
5630,31
5631,31
5632,3
5633,3
5634,3
5635,3
5636,3
5637,31
5638,94
5639,94
5640,94
5641,125
5642,125
5643,31
5644,80
5645,80
5646,73
5647,110
5648,35
5649,35
5650,35
5651,6
5652,6
5653,35
5654,35
5655,14
5656,14
5657,14
5658,119
5659,119
5660,86
5661,86
5662,116
5663,116
5664,116
5665,116
5666,119
5667,119
5668,119
5669,12
5670,12
5671,34
5672,25
5673,34
5674,12
5675,105
5676,105
5677,105
5678,19
5679,19
5680,4
5681,82
5682,82
5683,82
5684,82
5685,4
5686,82
5687,6
5688,4
5689,82
5690,82
5691,82
5692,82
5693,4
5694,129
5695,129
5696,127
5697,127
5698,129
5699,138
5700,138
5701,105
5702,105
5703,105
5704,105
5705,105
5706,105
5707,105
5708,33
5709,23
5710,23
5711,144
5712,144
5713,87
5714,87
5715,87
5716,87
5717,90
5718,90
5719,119
5720,119
5721,90
5722,6
5723,90
5724,19
5725,19
5726,54
5727,19
5728,19
5729,19
5730,19
5731,19
5732,19
5733,139
5734,18
5735,18
5736,18
5737,67
5738,67
5739,19
5740,19
5741,67
5742,48
5743,48
5744,8
5745,48
5746,7
5747,43
5748,63
5749,8
5750,63
5751,8
5752,8
5753,8
5754,63
5755,110
5756,110
5757,54
5758,54
5759,54
5760,47
5761,47
5762,54
5763,54
5764,54
5765,54
5766,54
5767,54
5768,54
5769,54
5770,54
5771,54
5772,86
5773,54
5774,47
5775,86
5776,86
5777,86
5778,86
5779,86
5780,86
5781,1
5782,1
5783,1
5784,1
5785,1
5786,112
5787,112
5788,112
5789,112
5790,112
5791,112
5792,0
5793,0
5794,0
5795,0
5796,47
5797,0
5798,68
5799,68
5800,68
5801,68
5802,68
5803,68
5804,68
5805,68
5806,54
5807,54
5808,54
5809,54
5810,54
5811,54
5812,54
5813,54
5814,54
5815,54
5816,1
5817,1
5818,1
5819,1
5820,1
5821,86
5822,86
5823,86
5824,112
5825,112
5826,112
5827,112
5828,112
5829,0
5830,0
5831,0
5832,0
5833,0
5834,0
5835,112
5836,112
5837,112
5838,112
5839,112
5840,105
5841,105
5842,105
5843,105
5844,105
5845,103
5846,103
5847,103
5848,103
5849,103
5850,103
5851,0
5852,0
5853,0
5854,0
5855,113
5856,0
5857,109
5858,109
5859,0
5860,0
5861,0
5862,132
5863,132
5864,132
5865,26
5866,132
5867,132
5868,124
5869,124
5870,124
5871,124
5872,74
5873,45
5874,45
5875,45
5876,45
5877,45
5878,58
5879,58
5880,58
5881,58
5882,58
5883,58
5884,88
5885,88
5886,88
5887,88
5888,7
5889,48
5890,48
5891,48
5892,31
5893,31
5894,134
5895,134
5896,7
5897,130
5898,50
5899,130
5900,6
5901,50
5902,71
5903,71
5904,71
5905,71
5906,71
5907,25
5908,25
5909,80
5910,80
5911,80
5912,65
5913,31
5914,31
5915,31
5916,25
5917,25
5918,31
5919,31
5920,130
5921,130
5922,120
5923,120
5924,120
5925,130
5926,42
5927,42
5928,42
5929,16
5930,130
5931,106
5932,106
5933,106
5934,106
5935,52
5936,52
5937,71
5938,71
5939,71
5940,52
5941,127
5942,127
5943,71
5944,71
5945,71
5946,71
5947,52
5948,71
5949,71
5950,71
5951,71
5952,52
5953,16
5954,16
5955,16
5956,16
5957,16
5958,16
5959,16
5960,16
5961,16
5962,16
5963,16
5964,16
5965,16
5966,16
5967,52
5968,16
5969,16
5970,16
5971,52
5972,16
5973,25
5974,25
5975,81
5976,52
5977,81
5978,81
5979,81
5980,81
5981,81
5982,81
5983,81
5984,81
5985,81
5986,81
5987,81
5988,81
5989,81
5990,81
5991,81
5992,81
5993,81
5994,81
5995,81
5996,81
5997,81
5998,81
5999,81
6000,54
6001,131
6002,131
6003,131
6004,131
6005,131
6006,131
6007,54
6008,131
6009,131
6010,131
6011,131
6012,131
6013,131
6014,131
6015,131
6016,131
6017,131
6018,131
6019,131
6020,131
6021,131
6022,131
6023,131
6024,131
6025,131
6026,131
6027,131
6028,131
6029,131
6030,21
6031,131
6032,131
6033,131
6034,131
6035,131
6036,131
6037,131
6038,131
6039,25
6040,25
6041,25
6042,25
6043,25
6044,25
6045,25
6046,25
6047,21
6048,100
6049,21
6050,100
6051,100
6052,100
6053,81
6054,72
6055,81
6056,81
6057,72
6058,72
6059,81
6060,81
6061,81
6062,81
6063,81
6064,81
6065,81
6066,81
6067,131
6068,131
6069,131
6070,131
6071,131
6072,72
6073,131
6074,131
6075,131
6076,131
6077,72
6078,131
6079,131
6080,131
6081,131
6082,131
6083,131
6084,131
6085,21
6086,131
6087,131
6088,25
6089,6
6090,25
6091,25
6092,25
6093,6
6094,96
6095,96
6096,6
6097,45
6098,45
6099,45
6100,63
6101,63
6102,66
6103,66
6104,66
6105,63
6106,63
6107,19
6108,19
6109,34
6110,34
6111,34
6112,52
6113,122
6114,122
6115,122
6116,122
6117,31
6118,100
6119,70
6120,100
6121,100
6122,52
6123,15
6124,15
6125,52
6126,52
6127,87
6128,87
6129,52
6130,111
6131,111
6132,111
6133,130
6134,130
6135,130
6136,130
6137,130
6138,130
6139,130
6140,52
6141,130
6142,52
6143,52
6144,110
6145,52
6146,110
6147,110
6148,16
6149,16
6150,16
6151,52
6152,52
6153,16
6154,16
6155,17
6156,17
6157,52
6158,52
6159,52
6160,99
6161,82
6162,99
6163,82
6164,82
6165,82
6166,82
6167,96
6168,96
6169,96
6170,99
6171,99
6172,99
6173,41
6174,41
6175,91
6176,91
6177,91
6178,91
6179,91
6180,31
6181,23
6182,23
6183,23
6184,23
6185,99
6186,99
6187,119
6188,119
6189,44
6190,44
6191,2
6192,82
6193,2
6194,82
6195,99
6196,82
6197,82
6198,82
6199,82
6200,82
6201,31
6202,82
6203,82
6204,82
6205,99
6206,46
6207,46
6208,46
6209,46
6210,46
6211,46
6212,46
6213,46
6214,46
6215,2
6216,2
6217,99
6218,2
6219,2
6220,2
6221,2
6222,31
6223,128
6224,128
6225,99
6226,128
6227,1
6228,105
6229,105
6230,1
6231,105
6232,105
6233,1
6234,105
6235,1
6236,1
6237,1
6238,1
6239,1
6240,1
6241,1
6242,1
6243,1
6244,1
6245,1
6246,1
6247,1
6248,1
6249,1
6250,1
6251,1
6252,1
6253,1
6254,58
6255,99
6256,1
6257,58
6258,58
6259,58
6260,58
6261,58
6262,58
6263,95
6264,95
6265,58
6266,58
6267,58
6268,68
6269,58
6270,68
6271,68
6272,68
6273,68
6274,68
6275,68
6276,68
6277,68
6278,68
6279,69
6280,69
6281,69
6282,69
6283,69
6284,69
6285,69
6286,69
6287,69
6288,69
6289,69
6290,69
6291,93
6292,93
6293,99
6294,93
6295,93
6296,93
6297,93
6298,93
6299,92
6300,93
6301,92
6302,92
6303,92
6304,92
6305,92
6306,92
6307,63
6308,63
6309,112
6310,63
6311,63
6312,13
6313,13
6314,13
6315,13
6316,99
6317,13
6318,13
6319,13
6320,13
6321,13
6322,13
6323,13
6324,113
6325,113
6326,113
6327,113
6328,113
6329,113
6330,113
6331,94
6332,94
6333,94
6334,94
6335,94
6336,94
6337,94
6338,99
6339,94
6340,94
6341,94
6342,1
6343,1
6344,1
6345,1
6346,1
6347,1
6348,1
6349,1
6350,1
6351,1
6352,1
6353,1
6354,1
6355,1
6356,1
6357,99
6358,1
6359,58
6360,58
6361,58
6362,58
6363,58
6364,58
6365,58
6366,68
6367,99
6368,68
6369,68
6370,68
6371,68
6372,68
6373,68
6374,69
6375,69
6376,69
6377,69
6378,69
6379,69
6380,69
6381,69
6382,69
6383,69
6384,69
6385,93
6386,69
6387,93
6388,93
6389,93
6390,99
6391,93
6392,93
6393,93
6394,100
6395,99
6396,92
6397,92
6398,92
6399,92
6400,92
6401,100
6402,112
6403,63
6404,112
6405,63
6406,13
6407,13
6408,13
6409,13
6410,13
6411,13
6412,113
6413,113
6414,113
6415,113
6416,113
6417,113
6418,113
6419,113
6420,113
6421,94
6422,100
6423,94
6424,94
6425,94
6426,94
6427,100
6428,127
6429,109
6430,88
6431,25
6432,25
6433,127
6434,127
6435,100
6436,127
6437,127
6438,87
6439,98
6440,98
6441,98
6442,98
6443,98
6444,98
6445,127
6446,98
6447,98
6448,98
6449,98
6450,98
6451,98
6452,98
6453,98
6454,127
6455,98
6456,78
6457,78
6458,50
6459,50
6460,50
6461,50
6462,50
6463,50
6464,101
6465,101
6466,25
6467,127
6468,127
6469,43
6470,43
6471,100
6472,106
6473,106
6474,106
6475,12
6476,12
6477,12
6478,12
6479,12
6480,12
6481,12
6482,100
6483,12
6484,100
6485,23
6486,23
6487,100
6488,127
6489,25
6490,100
6491,100
6492,83
6493,83
6494,83
6495,122
6496,122
6497,11
6498,11
6499,119
6500,119
6501,119
6502,100
6503,96
6504,52
6505,52
6506,96
6507,140
6508,140
6509,140
6510,124
6511,124
6512,124
6513,136
6514,124
6515,57
6516,57
6517,57
6518,57
6519,57
6520,57
6521,100
6522,14
6523,57
6524,14
6525,100
6526,2
6527,2
6528,127
6529,43
6530,87
6531,40
6532,40
6533,40
6534,40
6535,62
6536,62
6537,62
6538,62
6539,62
6540,62
6541,62
6542,62
6543,62
6544,62
6545,62
6546,62
6547,62
6548,62
6549,62
6550,62
6551,62
6552,25
6553,140
6554,62
6555,62
6556,100
6557,100
6558,25
6559,25
6560,25
6561,25
6562,25
6563,25
6564,4
6565,25
6566,11
6567,11
6568,11
6569,11
6570,129
6571,11
6572,11
6573,11
6574,11
6575,11
6576,11
6577,11
6578,11
6579,11
6580,11
6581,11
6582,11
6583,140
6584,140
6585,25
6586,25
6587,25
6588,25
6589,25
6590,25
6591,46
6592,46
6593,46
6594,46
6595,46
6596,46
6597,46
6598,46
6599,46
6600,46
6601,46
6602,53
6603,53
6604,53
6605,53
6606,90
6607,107
6608,107
6609,71
6610,71
6611,105
6612,90
6613,90
6614,30
6615,30
6616,30
6617,30
6618,30
6619,30
6620,59
6621,59
6622,88
6623,88
6624,88
6625,88
6626,88
6627,59
6628,88
6629,88
6630,88
6631,88
6632,88
6633,88
6634,88
6635,88
6636,59
6637,118
6638,118
6639,118
6640,118
6641,118
6642,118
6643,118
6644,118
6645,118
6646,118
6647,40
6648,118
6649,118
6650,118
6651,133
6652,133
6653,118
6654,133
6655,95
6656,95
6657,133
6658,133
6659,133
6660,125
6661,133
6662,125
6663,125
6664,125
6665,133
6666,125
6667,125
6668,125
6669,125
6670,95
6671,125
6672,125
6673,134
6674,134
6675,134
6676,136
6677,136
6678,134
6679,134
6680,134
6681,134
6682,134
6683,136
6684,134
6685,116
6686,116
6687,116
6688,116
6689,116
6690,116
6691,33
6692,116
6693,116
6694,116
6695,116
6696,116
6697,88
6698,88
6699,44
6700,44
6701,44
6702,88
6703,44
6704,113
6705,113
6706,88
6707,138
6708,138
6709,138
6710,138
6711,88
6712,88
6713,88
6714,15
6715,15
6716,88
6717,92
6718,92
6719,88
6720,118
6721,87
6722,87
6723,87
6724,87
6725,62
6726,62
6727,3
6728,62
6729,62
6730,3
6731,62
6732,83
6733,83
6734,83
6735,37
6736,37
6737,59
6738,59
6739,25
6740,25
6741,25
6742,122
6743,122
6744,122
6745,122
6746,122
6747,122
6748,122
6749,122
6750,9
6751,9
6752,122
6753,122
6754,122
6755,122
6756,111
6757,111
6758,111
6759,111
6760,111
6761,111
6762,111
6763,144
6764,83
6765,83
6766,83
6767,83
6768,83
6769,83
6770,83
6771,83
6772,144
6773,83
6774,83
6775,83
6776,83
6777,83
6778,83
6779,83
6780,83
6781,83
6782,83
6783,144
6784,144
6785,144
6786,144
6787,144
6788,144
6789,144
6790,144
6791,147
6792,147
6793,147
6794,15
6795,147
6796,147
6797,147
6798,147
6799,147
6800,147
6801,147
6802,147
6803,0
6804,147
6805,59
6806,147
6807,47
6808,59
6809,59
6810,59
6811,59
6812,31
6813,59
6814,4
6815,59
6816,31
6817,31
6818,31
6819,31
6820,59
6821,59
6822,147
6823,147
6824,147
6825,147
6826,147
6827,147
6828,4
6829,147
6830,147
6831,147
6832,147
6833,147
6834,147
6835,144
6836,144
6837,144
6838,144
6839,144
6840,144
6841,144
6842,144
6843,144
6844,144
6845,144
6846,144
6847,144
6848,144
6849,144
6850,144
6851,144
6852,144
6853,67
6854,144
6855,144
6856,144
6857,15
6858,67
6859,144
6860,144
6861,144
6862,144
6863,144
6864,144
6865,67
6866,111
6867,111
6868,122
6869,122
6870,122
6871,67
6872,122
6873,122
6874,122
6875,122
6876,122
6877,122
6878,122
6879,67
6880,71
6881,71
6882,71
6883,19
6884,19
6885,71
6886,71
6887,71
6888,19
6889,19
6890,32
6891,4
6892,4
6893,4
6894,4
6895,47
6896,47
6897,47
6898,47
6899,15
6900,15
6901,98
6902,98
6903,47
6904,47
6905,98
6906,78
6907,78
6908,78
6909,78
6910,78
6911,78
6912,78
6913,78
6914,50
6915,50
6916,52
6917,52
6918,50
6919,50
6920,50
6921,50
6922,50
6923,130
6924,50
6925,130
6926,130
6927,52
6928,52
6929,130
6930,130
6931,130
6932,130
6933,110
6934,110
6935,110
6936,110
6937,110
6938,110
6939,110
6940,50
6941,50
6942,43
6943,43
6944,50
6945,50
6946,50
6947,78
6948,78
6949,78
6950,43
6951,78
6952,78
6953,78
6954,78
6955,78
6956,78
6957,78
6958,78
6959,78
6960,78
6961,78
6962,78
6963,78
6964,78
6965,115
6966,115
6967,115
6968,115
6969,115
6970,115
6971,115
6972,115
6973,115
6974,43
6975,115
6976,115
6977,115
6978,80
6979,80
6980,80
6981,80
6982,80
6983,73
6984,80
6985,80
6986,80
6987,50
6988,50
6989,50
6990,85
6991,50
6992,110
6993,110
6994,110
6995,110
6996,110
6997,129
6998,21
6999,21
7000,21
7001,21
7002,31
7003,31
7004,44
7005,44
7006,31
7007,31
7008,44
7009,140
7010,140
7011,134
7012,134
7013,134
7014,15
7015,15
7016,70
7017,70
7018,17
7019,17
7020,17
7021,115
7022,115
7023,115
7024,53
7025,53
7026,53
7027,115
7028,88
7029,88
7030,88
7031,9
7032,9
7033,9
7034,70
7035,70
7036,31
7037,31
7038,31
7039,97
7040,97
7041,97
7042,97
7043,31
7044,31
7045,125
7046,125
7047,11
7048,11
7049,11
7050,34
7051,34
7052,34
7053,34
7054,34
7055,34
7056,34
7057,11
7058,43
7059,43
7060,11
7061,34
7062,34
7063,34
7064,13
7065,13
7066,13
7067,117
7068,13
7069,13
7070,117
7071,13
7072,13
7073,42
7074,100
7075,52
7076,75
7077,75
7078,75
7079,42
7080,75
7081,40
7082,40
7083,40
7084,40
7085,42
7086,40
7087,40
7088,40
7089,40
7090,40
7091,40
7092,40
7093,112
7094,112
7095,0
7096,112
7097,112
7098,112
7099,112
7100,112
7101,112
7102,112
7103,112
7104,112
7105,0
7106,67
7107,89
7108,112
7109,0
7110,0
7111,0
7112,0
7113,89
7114,89
7115,48
7116,48
7117,48
7118,48
7119,48
7120,48
7121,48
7122,48
7123,48
7124,131
7125,131
7126,131
7127,54
7128,54
7129,54
7130,114
7131,114
7132,115
7133,43
7134,43
7135,43
7136,43
7137,43
7138,115
7139,43
7140,43
7141,40
7142,40
7143,25
7144,43
7145,43
7146,43
7147,43
7148,43
7149,87
7150,43
7151,87
7152,87
7153,87
7154,87
7155,87
7156,87
7157,87
7158,87
7159,104
7160,104
7161,87
7162,87
7163,87
7164,87
7165,87
7166,87
7167,87
7168,87
7169,143
7170,87
7171,143
7172,87
7173,40
7174,87
7175,87
7176,63
7177,63
7178,70
7179,34
7180,34
7181,34
7182,70
7183,18
7184,18
7185,18
7186,18
7187,59
7188,48
7189,48
7190,31
7191,12
7192,12
7193,40
7194,143
7195,143
7196,143
7197,143
7198,54
7199,54
7200,109
7201,109
7202,109
7203,54
7204,54
7205,55
7206,55
7207,55
7208,55
7209,87
7210,87
7211,87
7212,87
7213,87
7214,87
7215,87
7216,43
7217,87
7218,54
7219,87
7220,87
7221,87
7222,87
7223,54
7224,43
7225,87
7226,87
7227,87
7228,87
7229,87
7230,54
7231,87
7232,87
7233,87
7234,87
7235,20
7236,43
7237,43
7238,87
7239,43
7240,87
7241,43
7242,54
7243,109
7244,109
7245,109
7246,109
7247,109
7248,109
7249,109
7250,43
7251,43
7252,43
7253,43
7254,54
7255,54
7256,109
7257,43
7258,43
7259,43
7260,43
7261,43
7262,54
7263,54
7264,43
7265,43
7266,43
7267,43
7268,43
7269,43
7270,52
7271,52
7272,43
7273,109
7274,87
7275,109
7276,54
7277,87
7278,109
7279,109
7280,95
7281,6
7282,95
7283,95
7284,95
7285,6
7286,88
7287,34
7288,34
7289,34
7290,34
7291,34
7292,88
7293,34
7294,6
7295,117
7296,48
7297,24
7298,24
7299,117
7300,117
7301,24
7302,24
7303,9
7304,9
7305,101
7306,101
7307,9
7308,101
7309,124
7310,124
7311,124
7312,101
7313,7
7314,7
7315,7
7316,124
7317,124
7318,124
7319,124
7320,92
7321,92
7322,92
7323,7
7324,92
7325,92
7326,0
7327,65
7328,65
7329,144
7330,144
7331,144
7332,144
7333,22
7334,31
7335,65
7336,40
7337,40
7338,40
7339,40
7340,40
7341,40
7342,40
7343,40
7344,40
7345,40
7346,40
7347,89
7348,89
7349,8
7350,8
7351,8
7352,8
7353,127
7354,22
7355,48
7356,48
7357,89
7358,89
7359,79
7360,79
7361,79
7362,132
7363,126
7364,132
7365,132
7366,132
7367,132
7368,132
7369,132
7370,132
7371,132
7372,132
7373,132
7374,132
7375,132
7376,132
7377,132
7378,71
7379,71
7380,66
7381,71
7382,71
7383,71
7384,71
7385,71
7386,71
7387,71
7388,71
7389,71
7390,22
7391,25
7392,25
7393,71
7394,71
7395,71
7396,126
7397,126
7398,126
7399,126
7400,126
7401,126
7402,25
7403,5
7404,35
7405,22
7406,22
7407,22
7408,5
7409,51
7410,51
7411,20
7412,20
7413,20
7414,106
7415,106
7416,106
7417,106
7418,106
7419,106
7420,106
7421,106
7422,106
7423,54
7424,106
7425,106
7426,106
7427,22
7428,106
7429,106
7430,106
7431,106
7432,35
7433,35
7434,106
7435,1
7436,54
7437,54
7438,1
7439,54
7440,73
7441,73
7442,73
7443,5
7444,5
7445,5
7446,73
7447,5
7448,5
7449,5
7450,5
7451,5
7452,73
7453,73
7454,5
7455,5
7456,5
7457,5
7458,5
7459,5
7460,34
7461,22
7462,73
7463,34
7464,34
7465,34
7466,95
7467,5
7468,29
7469,29
7470,73
7471,29
7472,29
7473,29
7474,73
7475,34
7476,34
7477,34
7478,95
7479,34
7480,34
7481,34
7482,73
7483,73
7484,5
7485,5
7486,34
7487,5
7488,5
7489,73
7490,5
7491,5
7492,18
7493,18
7494,18
7495,18
7496,18
7497,18
7498,18
7499,14
7500,14
7501,17
7502,17
7503,22
7504,85
7505,85
7506,132
7507,132
7508,126
7509,8
7510,8
7511,8
7512,9
7513,9
7514,40
7515,40
7516,40
7517,40
7518,40
7519,91
7520,33
7521,33
7522,33
7523,33
7524,10
7525,10
7526,10
7527,22
7528,59
7529,59
7530,0
7531,143
7532,0
7533,0
7534,0
7535,0
7536,124
7537,124
7538,124
7539,32
7540,3
7541,23
7542,144
7543,32
7544,29
7545,29
7546,29
7547,52
7548,42
7549,40
7550,40
7551,52
7552,25
7553,22
7554,52
7555,37
7556,37
7557,25
7558,25
7559,37
7560,25
7561,25
7562,63
7563,63
7564,37
7565,37
7566,37
7567,63
7568,63
7569,63
7570,24
7571,24
7572,31
7573,24
7574,24
7575,24
7576,24
7577,5
7578,33
7579,140
7580,33
7581,5
7582,33
7583,33
7584,33
7585,33
7586,114
7587,8
7588,8
7589,8
7590,7
7591,115
7592,115
7593,78
7594,78
7595,78
7596,115
7597,127
7598,127
7599,98
7600,22
7601,115
7602,98
7603,98
7604,98
7605,16
7606,16
7607,126
7608,126
7609,126
7610,16
7611,126
7612,126
7613,126
7614,126
7615,126
7616,126
7617,16
7618,126
7619,126
7620,126
7621,126
7622,126
7623,126
7624,126
7625,126
7626,126
7627,126
7628,126
7629,26
7630,26
7631,26
7632,26
7633,26
7634,26
7635,90
7636,90
7637,26
7638,26
7639,26
7640,139
7641,139
7642,139
7643,139
7644,139
7645,88
7646,90
7647,88
7648,88
7649,88
7650,88
7651,100
7652,100
7653,88
7654,88
7655,88
7656,88
7657,88
7658,88
7659,88
7660,88
7661,100
7662,88
7663,88
7664,88
7665,88
7666,88
7667,88
7668,88
7669,88
7670,22
7671,13
7672,13
7673,88
7674,88
7675,13
7676,88
7677,88
7678,88
7679,139
7680,26
7681,26
7682,126
7683,126
7684,13
7685,126
7686,126
7687,126
7688,126
7689,126
7690,126
7691,126
7692,126
7693,126
7694,126
7695,126
7696,126
7697,126
7698,126
7699,126
7700,126
7701,70
7702,126
7703,126
7704,126
7705,126
7706,70
7707,127
7708,127
7709,70
7710,127
7711,127
7712,127
7713,127
7714,22
7715,5
7716,5
7717,127
7718,100
7719,5
7720,6
7721,4
7722,19
7723,19
7724,124
7725,124
7726,71
7727,124
7728,124
7729,124
7730,124
7731,124
7732,45
7733,45
7734,45
7735,127
7736,127
7737,127
7738,127
7739,106
7740,106
7741,106
7742,106
7743,106
7744,58
7745,106
7746,0
7747,0
7748,45
7749,45
7750,45
7751,45
7752,44
7753,27
7754,44
7755,37
7756,37
7757,37
7758,37
7759,37
7760,37
7761,37
7762,37
7763,37
7764,37
7765,37
7766,40
7767,37
7768,40
7769,37
7770,45
7771,37
7772,40
7773,37
7774,40
7775,91
7776,122
7777,45
7778,32
7779,32
7780,32
7781,32
7782,45
7783,40
7784,40
7785,40
7786,65
7787,65
7788,65
7789,65
7790,58
7791,127
7792,1
7793,1
7794,58
7795,58
7796,58
7797,97
7798,97
7799,97
7800,12
7801,12
7802,12
7803,48
7804,48
7805,97
7806,48
7807,49
7808,88
7809,18
7810,18
7811,91
7812,88
7816,45
7817,12
7818,12
7819,12
7820,12
7821,88
7822,88
7823,12
7824,12
7825,12
7826,5
7827,5
7828,12
7829,45
7830,5
7831,5
7832,45
7833,48
7834,48
7835,48
7836,48
7837,49
7838,49
7839,48
7840,32
7841,32
7842,49
7843,32
7844,32
7845,16
7846,16
7847,31
7848,74
7849,74
7850,124
7851,124
7852,91
7853,107
7854,107
7855,124
7856,124
7857,124
7858,107
7859,92
7860,99
7861,99
7862,99
7863,107
7864,7
7865,7
7866,99
7867,99
7868,99
7869,100
7870,100
7871,100
7872,14
7873,14
7874,76
7875,47
7876,47
7877,47
7878,47
7879,47
7880,47
7881,47
7882,5
7883,5
7884,5
7885,76
7886,76
7887,88
7888,88
7889,149
7890,149
7891,112
7892,112
7893,112
7894,112
7895,149
7896,112
7897,112
7898,112
7899,112
7900,86
7901,86
7902,86
7903,86
7904,86
7905,86
7906,86
7907,86
7908,86
7909,86
7910,149
7911,86
7912,86
7913,86
7914,52
7915,86
7916,86
7917,69
7918,86
7919,69
7920,86
7921,86
7922,86
7923,52
7924,52
7925,52
7926,77
7927,77
7928,77
7929,13
7930,52
7931,52
7932,52
7933,52
7934,52
7935,52
7936,52
7937,52
7938,52
7939,42
7940,42
7941,62
7942,12
7943,62
7944,62
7945,52
7946,52
7947,6
7948,6
7949,6
7950,6
7951,6
7952,6
7953,6
7954,6
7955,6
7956,52
7957,6
7958,119
7959,122
7960,122
7961,122
7962,122
7963,136
7964,136
7965,31
7966,31
7967,31
7968,31
7969,31
7970,31
7971,31
7972,31
7973,31
7974,31
7975,31
7976,31
7977,136
7978,144
7979,144
7980,144
7981,144
7982,144
7983,144
7984,144
7985,144
7986,144
7987,144
7988,144
7989,144
7990,144
7991,144
7992,144
7993,144
7994,144
7995,52
7996,52
7997,144
7998,119
7999,144
8000,119
8001,119
8002,119
8003,119
8004,119
8005,9
8006,9
8007,9
8008,9
8009,9
8010,9
8011,9
8012,9
8013,9
8014,9
8015,9
8016,9
8017,44
8018,15
8019,15
8020,14
8021,14
8022,14
8023,21
8024,14
8025,21
8026,21
8027,40
8028,40
8029,40
8030,14
8031,14
8032,14
8033,14
8034,75
8035,14
8036,75
8037,75
8038,75
8039,75
8040,21
8041,40
8042,40
8043,40
8044,46
8045,46
8046,46
8047,46
8048,87
8049,87
8050,46
8051,46
8052,46
8053,46
8054,46
8055,46
8056,46
8057,46
8058,132
8059,132
8060,132
8061,42
8062,58
8063,58
8064,68
8065,68
8066,87
8067,87
8068,87
8069,87
8070,87
8071,138
8072,138
8073,35
8074,35
8075,138
8076,4
8077,4
8078,4
8079,41
8080,41
8081,2
8082,2
8083,87
8084,138
8085,127
8086,127
8087,127
8088,127
8089,66
8090,79
8091,79
8092,79
8093,74
8094,74
8095,66
8096,74
8097,74
8098,128
8099,128
8100,128
8101,21
8102,120
8103,21
8104,87
8105,11
8106,120
8107,120
8108,120
8109,107
8110,107
8111,107
8112,48
8113,48
8114,138
8115,138
8116,48
8117,48
8118,142
8119,142
8120,142
8121,142
8122,138
8123,138
8124,29
8125,29
8126,29
8127,5
8128,5
8129,11
8130,53
8131,53
8132,11
8133,11
8134,24
8135,24
8136,87
8137,10
8138,8
8139,10
8140,32
8141,32
8142,32
8143,32
8144,83
8145,111
8146,115
8147,114
8148,83
8149,96
8150,96
8151,96
8152,96
8153,53
8154,53
8155,114
8156,53
8157,53
8158,53
8159,53
8160,53
8161,53
8162,90
8163,53
8164,53
8165,53
8166,53
8167,53
8168,53
8169,53
8170,53
8171,53
8172,53
8173,53
8174,53
8175,53
8176,53
8177,53
8178,53
8179,81
8180,81
8181,81
8182,81
8183,81
8184,53
8185,81
8186,81
8187,81
8188,81
8189,81
8190,53
8191,57
8192,53
8193,53
8194,53
8195,53
8196,53
8197,53
8198,101
8199,101
8200,53
8201,101
8202,53
8203,53
8204,53
8205,53
8206,88
8207,88
8208,53
8209,53
8210,53
8211,53
8212,81
8213,81
8214,88
8215,81
8216,81
8217,68
8218,68
8219,113
8220,113
8221,113
8222,25
8223,25
8224,25
8225,66
8226,66
8227,66
8228,66
8229,106
8230,106
8231,57
8232,57
8233,98
8234,126
8235,98
8236,80
8237,80
8238,57
8239,32
8240,32
8241,32
8242,32
8243,57
8244,147
8245,47
8246,147
8247,147
8248,57
8249,16
8250,16
8251,16
8252,16
8253,53
8254,53
8255,53
8256,21
8257,21
8258,142
8259,142
8260,142
8261,142
8262,21
8263,2
8264,2
8265,2
8266,2
8267,67
8268,67
8269,46
8270,46
8271,126
8272,67
8273,126
8274,150
8275,150
8276,150
8277,150
8278,67
8279,67
8280,62
8281,62
8282,62
8283,62
8284,62
8285,67
8286,62
8287,30
8288,30
8289,30
8290,30
8291,30
8292,132
8293,132
8294,132
8295,132
8296,132
8297,123
8298,123
8299,123
8300,97
8301,97
8302,97
8303,143
8304,143
8305,143
8306,147
8307,147
8308,147
8309,124
8310,124
8311,152
8312,152
8313,124
8314,124
8315,21
8316,21
8317,152
8318,152
8319,87
8320,87
8321,87
8322,87
8323,66
8324,66
8325,51
8326,51
8327,51
8328,18
8329,18
8330,51
8331,45
8332,45
8333,45
8334,45
8335,18
8336,119
8337,119
8338,119
8339,111
8340,119
8341,119
8342,21
8343,10
8344,119
8345,119
8346,119
8347,119
8348,119
8349,111
8350,33
8351,111
8352,69
8353,69
8354,69
8355,0
8356,0
8357,69
8358,69
8359,69
8360,69
8361,82
8362,82
8363,86
8364,86
8365,86
8366,86
8367,68
8368,68
8369,68
8370,68
8371,21
8372,21
8373,68
8374,68
8375,68
8376,85
8377,85
8378,21
8379,81
8380,81
8381,81
8382,85
8383,113
8384,87
8385,87
8386,113
8387,87
8388,87
8389,87
8390,87
8391,87
8392,113
8393,87
8394,87
8395,87
8396,31
8397,87
8398,87
8399,87
8400,87
8401,15
8402,15
8403,15
8404,15
8405,14
8406,15
8407,18
8408,18
8409,18
8410,103
8411,103
8412,103
8413,37
8414,37
8415,32
8416,32
8417,37
8418,82
8419,82
8420,116
8421,8
8422,8
8423,8
8424,143
8425,143
8426,143
8427,143
8428,90
8429,143
8430,143
8431,143
8432,0
8433,63
8434,63
8435,143
8436,143
8437,21
8438,63
8439,85
8440,85
8441,85
8442,16
8443,16
8444,71
8445,71
8446,2
8447,2
8448,71
8449,71
8450,2
8451,132
8452,124
8453,124
8454,48
8455,48
8456,48
8457,2
8458,2
8459,51
8460,51
8461,51
8462,126
8463,100
8464,44
8465,9
8466,17
8467,37
8468,37
8469,37
8470,21
8471,21
8472,21
8473,21
8474,21
8475,21
8476,21
8477,147
8478,21
8479,147
8480,53
8481,53
8482,53
8483,147
8484,64
8485,40
8486,40
8487,30
8488,30
8489,30
8490,93
8491,42
8492,42
8493,42
8494,42
8495,40
8496,42
8497,42
8498,42
8499,54
8500,0
8501,0
8502,0
8503,0
8504,100
8505,54
8506,54
8507,54
8508,20
8509,18
8510,18
8511,18
8512,18
8513,54
8514,8
8515,46
8516,96
8517,96
8518,92
8519,92
8520,128
8521,128
8522,128
8523,46
8524,46
8525,46
8526,70
8527,46
8528,9
8529,9
8530,9
8531,46
8532,34
8533,22
8534,34
8535,33
8536,33
8537,33
8538,33
8539,46
8540,78
8541,78
8542,46
8543,59
8544,59
8545,46
8546,59
8547,59
8548,99
8549,99
8550,70
8551,46
8552,99
8553,99
8554,142
8555,9
8556,9
8557,142
8558,9
8559,57
8560,57
8561,57
8562,71
8563,71
8564,21
8565,21
8566,21
8567,132
8568,21
8569,124
8570,124
8571,21
8572,132
8573,88
8574,88
8575,74
8576,74
8577,90
8578,88
8579,71
8580,71
8581,14
8582,14
8583,14
8584,14
8585,95
8586,95
8587,95
8588,95
8589,88
8590,14
8591,14
8592,7
8593,14
8594,14
8595,14
8596,14
8597,14
8598,14
8599,14
8600,14
8601,14
8602,14
8603,14
8604,14
8605,70
8606,7
8607,144
8608,144
8609,7
8610,7
8611,7
8612,31
8613,59
8614,4
8615,4
8616,81
8617,81
8618,81
8619,81
8620,81
8621,81
8622,81
8623,4
8624,4
8625,90
8626,90
8627,90
8628,44
8629,4
8630,41
8631,4
8632,90
8633,90
8634,4
8635,4
8636,4
8637,132
8638,132
8639,0
8640,121
8641,0
8642,121
8643,47
8644,47
8645,33
8646,33
8647,33
8648,47
8649,62
8650,62
8651,62
8652,62
8653,47
8654,62
8655,62
8656,62
8657,62
8658,47
8659,62
8660,62
8661,47
8662,47
8663,47
8664,16
8665,16
8666,17
8667,17
8668,17
8669,17
8670,17
8671,16
8672,47
8673,16
8674,16
8675,27
8676,47
8677,19
8678,19
8679,47
8680,19
8681,19
8682,129
8683,129
8684,129
8685,129
8686,138
8687,138
8688,138
8689,138
8690,47
8691,129
8692,129
8693,129
8694,129
8695,129
8696,129
8697,129
8698,129
8699,129
8700,129
8701,129
8702,129
8703,77
8704,129
8705,77
8706,77
8707,77
8708,77
8709,42
8710,77
8711,77
8712,127
8713,127
8714,77
8715,77
8716,77
8717,52
8718,77
8719,77
8720,77
8721,77
8722,77
8723,77
8724,77
8725,77
8726,76
8727,76
8728,76
8729,76
8730,76
8731,76
8732,76
8733,46
8734,46
8735,46
8736,46
8737,46
8738,25
8739,25
8740,46
8741,46
8742,46
8743,46
8744,98
8745,127
8746,127
8747,127
8748,25
8749,127
8750,127
8751,127
8752,71
8753,138
8754,138
8755,138
8756,138
8757,138
8758,138
8759,138
8760,138
8761,138
8762,138
8763,129
8764,129
8765,42
8766,129
8767,42
8768,42
8769,42
8770,42
8771,42
8772,42
8773,52
8774,25
8775,77
8776,52
8777,77
8778,77
8779,77
8780,77
8781,96
8782,96
8783,76
8784,76
8785,76
8786,52
8787,129
8788,76
8789,76
8790,76
8791,46
8792,46
8793,46
8794,52
8795,127
8796,127
8797,52
8798,127
8799,127
8800,127
8801,127
8802,4
8803,4
8804,4
8805,77
8806,77
8807,4
8808,21
8809,71
8810,4
8811,4
8812,4
8813,71
8814,71
8815,71
8816,90
8817,2
8818,2
8819,99
8820,99
8821,99
8822,39
8823,37
8824,37
8825,4
8826,37
8827,49
8828,18
8829,18
8830,75
8831,75
8832,75
8833,90
8834,37
8835,37
8836,37
8837,37
8838,37
8839,37
8840,37
8841,65
8842,65
8843,109
8844,55
8845,109
8846,109
8847,55
8848,109
8849,109
8850,109
8851,109
8852,109
8853,109
8854,141
8855,141
8856,141
8857,141
8858,141
8859,141
8860,141
8861,98
8862,98
8863,98
8864,98
8865,98
8866,98
8867,141
8868,141
8869,98
8870,134
8871,98
8872,27
8873,27
8874,27
8875,27
8876,27
8877,134
8878,75
8879,37
8880,63
8881,63
8882,63
8883,127
8884,37
8885,37
8886,6
8887,6
8888,6
8889,37
8890,29
8891,29
8892,59
8893,5
8894,5
8895,59
8896,90
8897,5
8898,5
8899,41
8900,2
8901,90
8902,90
8903,90
8904,44
8905,24
8906,24
8907,90
8908,90
8909,90
8910,90
8911,14
8912,90
8913,113
8914,113
8915,143
8916,143
8917,32
8918,32
8919,32
8920,48
8921,113
8922,113
8923,113
8924,113
8925,5
8926,4
8927,5
8928,120
8929,120
8930,120
8931,5
8932,120
8933,120
8934,120
8935,136
8936,136
8937,120
8938,136
8939,120
8940,120
8941,120
8942,21
8943,136
8944,21
8945,21
8946,21
8947,21
8948,21
8949,25
8950,21
8951,21
8952,21
8953,21
8954,21
8955,21
8956,25
8957,5
8958,125
8959,2
8960,2
8961,144
8962,2
8963,9
8964,9
8965,9
8966,101
8967,101
8968,101
8969,8
8970,8
8971,9
8972,18
8973,18
8974,9
8975,9
8976,9
8977,53
8978,53
8979,53
8980,14
8981,119
8982,9
8983,119
8984,9
8985,109
8986,109
8987,87
8988,87
8989,26
8990,9
8991,82
8992,82
8993,136
8994,136
8995,136
8996,136
8997,136
8998,136
8999,9
9000,136
9001,136
9002,32
9003,32
9004,32
9005,0
9006,0
9007,134
9008,134
9009,134
9010,116
9011,116
9012,9
9013,121
9014,121
9015,121
9016,9
9017,9
9018,142
9019,66
9020,6
9021,123
9022,123
9023,6
9024,6
9025,6
9026,52
9027,52
9028,126
9029,126
9030,126
9031,126
9032,59
9033,59
9034,31
9035,87
9036,14
9037,31
9038,26
9039,26
9040,67
9041,17
9042,62
9043,62
9044,5
9045,18
9046,18
9047,33
9048,62
9049,33
9050,149
9051,149
9052,96
9053,96
9054,96
9055,96
9056,122
9057,122
9058,122
9059,122
9060,122
9061,122
9062,51
9063,51
9064,51
9065,51
9066,51
9067,51
9068,51
9069,51
9070,51
9071,51
9072,51
9073,51
9074,51
9075,51
9076,51
9077,51
9078,14
9079,67
9080,67
9081,51
9082,51
9083,51
9084,51
9085,67
9086,67
9087,126
9088,126
9089,126
9090,126
9091,126
9092,126
9093,126
9094,67
9095,67
9096,99
9097,67
9098,142
9099,142
9100,142
9101,142
9102,142
9103,142
9104,142
9105,142
9106,133
9107,14
9108,6
9109,6
9110,6
9111,14
9112,6
9113,7
9114,7
9115,7
9116,123
9117,123
9118,30
9119,123
9120,0
9121,0
9122,0
9123,0
9124,0
9125,0
9126,0
9127,0
9128,0
9129,109
9130,109
9131,109
9132,30
9133,131
9134,25
9135,131
9136,25
9137,62
9138,62
9139,62
9140,0
9141,62
9142,62
9143,62
9144,62
9145,71
9146,71
9147,18
9148,71
9149,18
9150,18
9151,18
9152,5
9153,5
9154,5
9155,71
9156,9
9157,9
9158,9
9159,9
9160,11
9161,25
9162,90
9163,90
9164,9
9165,9
9166,9
9167,147
9168,147
9169,90
9170,0
9171,82
9172,82
9173,82
9174,82
9175,82
9176,82
9177,47
9178,47
9179,47
9180,47
9181,117
9182,117
9183,117
9184,117
9185,117
9186,117
9187,117
9188,117
9189,117
9190,117
9191,117
9192,117
9193,117
9194,117
9195,117
9196,117
9197,117
9198,117
9199,117
9200,102
9201,72
9202,72
9203,72
9204,72
9205,117
9206,140
9207,89
9208,89
9209,89
9210,89
9211,89
9212,117
9213,117
9214,117
9215,117
9216,140
9217,140
9218,140
9219,76
9220,52
9221,89
9222,89
9223,89
9224,89
9225,89
9226,89
9227,133
9228,133
9229,133
9230,117
9231,117
9232,9
9233,9
9234,9
9235,117
9236,117
9237,20
9238,20
9239,20
9240,20
9241,20
9242,20
9243,20
9244,20
9245,117
9246,117
9247,39
9248,39
9249,117
9250,23
9251,23
9252,23
9253,144
9254,104
9255,104
9256,104
9257,104
9258,104
9259,104
9260,104
9261,104
9262,104
9263,66
9264,66
9265,66
9266,66
9267,47
9268,47
9269,47
9270,47
9271,47
9272,47
9273,47
9274,47
9275,47
9276,47
9277,47
9278,47
9279,47
9280,47
9281,47
9282,24
9283,147
9284,147
9285,147
9286,147
9287,147
9288,24
9289,147
9290,147
9291,31
9292,31
9293,31
9294,31
9295,31
9296,31
9297,31
9298,31
9299,31
9300,31
9301,31
9302,31
9303,31
9304,31
9305,31
9306,31
9307,11
9308,24
9309,31
9310,31
9311,31
9312,31
9313,31
9314,31
9315,31
9316,31
9317,131
9318,131
9319,31
9320,31
9321,147
9322,131
9323,147
9324,147
9325,147
9326,147
9327,147
9328,47
9329,47
9330,47
9331,47
9332,47
9333,47
9334,73
9335,47
9336,47
9337,47
9338,73
9339,30
9340,30
9341,93
9342,93
9343,11
9344,11
9345,93
9346,93
9347,93
9348,93
9349,146
9350,146
9351,146
9352,51
9353,97
9354,11
9355,97
9356,97
9357,19
9358,19
9359,19
9360,19
9361,19
9362,19
9363,19
9364,19
9365,6
9366,80
9367,80
9368,102
9369,100
9370,11
9371,77
9372,63
9373,63
9374,57
9375,15
9376,15
9377,15
9378,37
9379,37
9380,37
9381,87
9382,87
9383,37
9384,37
9385,87
9386,37
9387,37
9388,37
9389,37
9390,37
9391,37
9392,87
9393,127
9394,127
9395,31
9396,31
9397,71
9398,71
9399,71
9400,129
9401,71
9402,71
9403,71
9404,127
9405,31
9406,127
9407,71
9408,4
9409,127
9410,129
9411,127
9412,127
9413,127
9414,0
9415,144
9416,0
9417,0
9418,87
9419,87
9420,0
9421,6
9422,6
9423,6
9424,113
9425,88
9426,88
9427,113
9428,113
9429,71
9430,71
9431,71
9432,71
9433,126
9434,126
9435,126
9436,126
9437,126
9438,126
9439,72
9440,72
9441,72
9442,72
9443,33
9444,72
9445,46
9446,46
9447,144
9448,144
9449,144
9450,144
9451,144
9452,144
9453,107
9454,76
9455,144
9456,144
9457,138
9458,138
9459,133
9460,133
9461,138
9462,138
9463,138
9464,88
9465,6
9466,6
9467,80
9468,18
9469,18
9470,88
9471,88
9472,88
9473,18
9474,18
9475,18
9476,78
9477,133
9478,75
9479,40
9480,40
9481,40
9482,9
9483,40
9484,40
9485,40
9486,15
9487,15
9488,9
9489,40
9490,87
9491,74
9492,74
9493,74
9494,74
9495,149
9496,149
9497,109
9498,109
9499,109
9500,140
9501,143
9502,143
9503,143
9504,124
9505,33
9506,33
9507,33
9508,91
9509,91
9510,91
9511,40
9512,40
9513,124
9514,48
9515,120
9516,107
9517,49
9518,107
9519,107
9520,78
9521,18
9522,18
9523,126
9524,126
9525,126
9526,126
9527,126
9528,126
9529,139
9530,139
9531,126
9532,126
9533,126
9534,71
9535,71
9536,71
9537,71
9538,71
9539,71
9540,71
9541,71
9542,25
9543,71
9544,71
9545,71
9546,71
9547,71
9548,54
9549,138
9550,138
9551,138
9552,138
9553,138
9554,1
9555,1
9556,138
9557,138
9558,138
9559,138
9560,138
9561,42
9562,42
9563,42
9564,42
9565,42
9566,42
9567,42
9568,42
9569,42
9570,42
9571,42
9572,42
9573,42
9574,42
9575,42
9576,42
9577,129
9578,52
9579,52
9580,52
9581,68
9582,52
9583,52
9584,52
9585,96
9586,96
9587,96
9588,96
9589,96
9590,96
9591,96
9592,96
9593,96
9594,46
9595,96
9596,96
9597,46
9598,46
9599,46
9600,46
9601,46
9602,46
9603,126
9604,123
9605,126
9606,126
9607,126
9608,21
9609,126
9610,126
9611,21
9612,71
9613,71
9614,71
9615,21
9616,71
9617,71
9618,71
9619,71
9620,71
9621,71
9622,71
9623,71
9624,76
9625,21
9626,21
9627,71
9628,21
9629,138
9630,138
9631,138
9632,138
9633,138
9634,4
9635,42
9636,52
9637,42
9638,42
9639,42
9640,42
9641,42
9642,42
9643,52
9644,52
9645,42
9646,42
9647,52
9648,52
9649,52
9650,96
9651,96
9652,96
9653,96
9654,94
9655,94
9656,96
9657,96
9658,96
9659,46
9660,94
9661,46
9662,46
9663,46
9664,46
9665,47
9666,47
9667,94
9668,30
9669,30
9670,143
9671,143
9672,143
9673,30
9674,143
9675,143
9676,143
9677,30
9678,30
9679,30
9680,30
9681,115
9682,101
9683,115
9684,101
9685,101
9686,101
9687,101
9688,54
9689,101
9690,101
9691,101
9692,101
9693,101
9694,101
9695,101
9696,30
9697,101
9698,101
9699,5
9700,5
9701,101
9702,101
9703,101
9704,101
9705,5
9706,101
9707,101
9708,5
9709,5
9710,5
9711,29
9712,29
9713,29
9714,5
9715,5
9716,67
9717,67
9718,67
9719,67
9720,67
9721,67
9722,67
9723,63
9724,63
9725,67
9726,67
9727,67
9728,67
9729,67
9730,67
9731,67
9732,67
9733,67
9734,67
9735,63
9736,63
9737,47
9738,63
9739,47
9740,47
9741,47
9742,47
9743,63
9744,47
9745,47
9746,47
9747,76
9748,63
9749,126
9750,126
9751,71
9752,17
9753,17
9754,17
9755,17
9756,17
9757,17
9758,17
9759,114
9760,42
9761,35
9762,35
9763,47
9764,33
9765,33
9766,93
9767,93
9768,93
9769,93
9770,47
9771,93
9772,93
9773,93
9774,93
9775,63
9776,63
9777,113
9778,109
9779,109
9780,109
9781,109
9782,113
9783,39
9784,39
9785,39
9786,113
9787,113
9788,39
9789,113
9790,40
9791,113
9792,40
9793,26
9794,26
9795,26
9796,136
9797,136
9798,136
9799,26
9800,124
9801,31
9802,31
9803,117
9804,31
9805,129
9806,129
9807,9
9808,95
9809,95
9810,31
9811,31
9812,121
9813,121
9814,73
9815,73
9816,73
9817,5
9818,15
9819,15
9820,126
9821,126
9822,132
9823,95
9824,95
9825,6
9826,6
9827,77
9828,77
9829,6
9830,6
9831,8
9832,8
9833,8
9834,8
9835,76
9836,140
9837,140
9838,140
9839,51
9840,77
9841,1
9842,68
9843,0
9844,0
9845,77
9846,77
9847,77
9848,76
9849,76
9850,76
9851,76
9852,72
9853,72
9854,100
9855,100
9856,95
9857,95
9858,95
9859,95
9860,95
9861,95
9862,95
9863,14
9864,31
9865,88
9866,88
9867,133
9868,136
9869,136
9870,136
9871,136
9872,136
9873,136
9874,136
9875,136
9876,97
9877,97
9878,57
9879,97
9880,74
9881,74
9882,74
9883,136
9884,136
9885,136
9886,136
9887,124
9888,124
9889,88
9890,88
9891,88
9892,88
9893,88
9894,88
9895,88
9896,88
9897,100
9898,100
9899,133
9900,88
9901,88
9902,67
9903,67
9904,67
9905,67
9906,67
9907,67
9908,88
9909,42
9910,77
9911,21
9912,21
9913,5
9914,5
9915,5
9916,5
9917,5
9918,5
9919,5
9920,5
9921,83
9922,83
9923,34
9924,39
9925,47
9926,47
9927,47
9928,83
9929,83
9930,83
9931,83
9932,8
9933,8
9934,83
9935,83
9936,83
9937,9
9938,9
9939,9
9940,9
9941,9
9942,9
9943,9
9944,9
9945,9
9946,9
9947,9
9948,9
9949,9
9950,9
9951,9
9952,9
9953,9
9954,76
9955,76
9956,9
9957,9
9958,9
9959,9
9960,9
9961,9
9962,9
9963,9
9964,97
9965,117
9966,150
9967,16
9968,16
9969,16
9970,7
9971,7
9972,97
9973,16
9974,70
9975,70
9976,51
9977,51
9978,82
9979,82
9980,51
9981,51
9982,51
9983,51
9984,51
9985,23
9986,23
9987,53
9988,56
9989,56
9990,37
9991,37
9992,37
9993,141
9994,16
9995,16
9996,9
9997,9
9998,16
9999,6
10000,6
10001,6
10002,29
10003,9
10004,29
10005,29
10006,29
10007,7
10008,40
10009,40
10010,40
10011,40
10012,40
10013,40
10014,40
10015,40
10016,9
10017,40
10018,40
10019,40
10020,6
10021,29
10022,109
10023,78
10024,78
10025,78
10026,78
10027,109
10028,13
10029,13
10030,65
10031,65
10032,65
10033,109
10034,101
10035,101
10036,101
10037,101
10038,101
10039,101
10040,101
10041,101
10042,109
10043,101
10044,16
10045,16
10046,16
10047,130
10048,16
10049,130
10050,109
10051,109
10052,130
10053,16
10054,109
10055,130
10056,130
10057,66
10058,66
10059,30
10060,30
10061,65
10062,65
10063,152
10064,152
10065,47
10066,47
10067,43
10068,47
10069,87
10070,87
10071,7
10072,83
10073,83
10074,126
10075,102
10076,102
10077,23
10078,23
10079,83
10080,68
10081,68
10082,21
10083,57
10084,95
10085,57
10086,57
10087,57
10088,21
10089,67
10090,67
10091,57
10092,25
10093,57
10094,95
10095,95
10096,95
10097,67
10098,95
10099,95
10100,95
10101,39
10102,39
10103,39
10104,39
10105,101
10106,101
10107,51
10108,51
10109,51
10110,51
10111,101
10112,101
10113,52
10114,52
10115,63
10116,63
10117,101
10118,101
10119,101
10120,29
10121,41
10122,41
10123,41
10124,41
10125,41
10126,87
10127,87
10128,108
10129,108
10130,82
10131,82
10132,82
10133,74
10134,74
10135,74
10136,74
10137,50
10138,50
10139,82
10140,123
10141,123
10142,123
10143,123
10144,5
10145,5
10146,43
10147,43
10148,29
10149,29
10150,29
10151,5
10152,5
10153,30
10154,30
10155,30
10156,30
10157,5
10158,8
10159,8
10160,39
10161,8
10162,8
10163,5
10164,8
10165,8
10166,8
10167,97
10168,97
10169,12
10170,12
10171,3
10172,3
10173,47
10174,6
10175,77
10176,77
10177,133
10178,29
10179,29
10180,29
10181,109
10182,109
10183,123
10184,123
10185,117
10186,13
10187,13
10188,13
10189,13
10190,122
10191,122
10192,122
10193,122
10194,109
10195,87
10196,87
10197,39
10198,5
10199,81
10200,81
10201,81
10202,81
10203,81
10204,81
10205,81
10206,81
10207,45
10208,81
10209,6
10210,45
10211,133
10212,133
10213,133
10214,45
10215,45
10216,48
10217,25
10218,25
10219,11
10220,11
10221,45
10222,129
10223,129
10224,129
10225,129
10226,129
10227,129
10228,129
10229,129
10230,129
10231,27
10232,25
10233,25
10234,27
10235,27
10236,27
10237,25
10238,98
10239,98
10240,98
10241,25
10242,25
10243,25
10244,25
10245,98
10246,98
10247,98
10248,98
10249,15
10250,15
10251,113
10252,113
10253,113
10254,113
10255,39
10256,39
10257,33
10258,33
10259,14
10260,122
10261,91
10262,17
10263,17
10264,17
10265,17
10266,17
10267,17
10268,17
10269,17
10270,17
10271,17
10272,0
10273,17
10274,17
10275,17
10276,17
10277,17
10278,17
10279,0
10280,17
10281,17
10282,101
10283,101
10284,101
10285,101
10286,101
10287,101
10288,0
10289,0
10290,23
10291,23
10292,23
10293,101
10294,101
10295,16
10296,16
10297,16
10298,16
10299,65
10300,65
10301,23
10302,65
10303,65
10304,152
10305,152
10306,152
10307,152
10308,152
10309,17
10310,17
10311,2
10312,2
10313,51
10314,51
10315,42
10316,42
10317,117
10318,83
10319,83
10320,83
10321,111
10322,83
10323,65
10324,30
10325,30
10326,62
10327,62
10328,18
10329,18
10330,47
10331,47
10332,129
10333,129
10334,129
10335,129
10336,42
10337,42
10338,42
10339,42
10340,74
10341,74
10342,147
10343,4
10344,4
10345,4
10346,4
10347,4
10348,4
10349,4
10350,4
10351,4
10352,4
10353,4
10354,4
10355,4
10356,147
10357,57
10358,57
10359,57
10360,57
10361,57
10362,57
10363,57
10364,57
10365,57
10366,57
10367,65
10368,100
10369,100
10370,100
10371,100
10372,130
10373,130
10374,100
10375,19
10376,19
10377,130
10378,130
10379,107
10380,107
10381,107
10382,107
10383,107
10384,107
10385,72
10386,28
10387,65
10388,113
10389,56
10390,56
10391,56
10392,56
10393,56
10394,56
10395,16
10396,16
10397,16
10398,16
10399,113
10400,66
10401,66
10402,66
10403,66
10404,4
10405,129
10406,129
10407,129
10408,129
10409,129
10410,127
10411,127
10412,127
10413,127
10414,4
10415,127
10416,127
10417,67
10418,127
10419,127
10420,127
10421,67
10422,34
10423,34
10424,67
10425,136
10426,136
10427,136
10428,62
10429,48
10430,48
10431,136
10432,31
10433,31
10434,119
10435,119
10436,119
10437,119
10438,119
10439,31
10440,142
10441,142
10442,142
10443,142
10444,31
10445,31
10446,16
10447,16
10448,16
10449,16
10450,16
10451,16
10452,16
10453,16
10454,16
10455,16
10456,16
10457,16
10458,16
10459,16
10460,16
10461,34
10462,34
10463,101
10464,101
10465,101
10466,101
10467,101
10468,101
10469,101
10470,101
10471,101
10472,115
10473,101
10474,101
10475,16
10476,16
10477,115
10478,16
10479,16
10480,16
10481,16
10482,16
10483,16
10484,16
10485,31
10486,31
10487,13
10488,97
10489,97
10490,97
10491,97
10492,97
10493,97
10494,97
10495,97
10496,97
10497,97
10498,52
10499,52
10500,32
10501,32
10502,48
10503,48
10504,48
10505,48
10506,32
10507,85
10508,85
10509,32
10510,87
10511,32
10512,144
10513,7
10514,7
10515,74
10516,63
10517,74
10518,109
10519,109
10520,76
10521,109
10522,109
10523,109
10524,109
10525,109
10526,109
10527,109
10528,109
10529,121
10530,121
10531,121
10532,33
10533,33
10534,33
10535,126
10536,100
10537,100
10538,0
10539,0
10540,15
10541,15
10542,75
10543,75
10544,9
10545,9
10546,9
10547,9
10548,72
10549,72
10550,72
10551,72
10552,72
10553,63
10554,72
10555,63
10556,72
10557,72
10558,63
10559,72
10560,72
10561,72
10562,0
10563,0
10564,123
10565,123
10566,123
10567,63
10568,63
10569,63
10570,77
10571,77
10572,31
10573,59
10574,31
10575,59
10576,5
10577,59
10578,59
10579,59
10580,59
10581,59
10582,59
10583,150
10584,150
10585,150
10586,150
10587,59
10588,59
10589,59
10590,8
10591,8
10592,59
10593,59
10594,59
10595,59
10596,59
10597,8
10598,2
10599,2
10600,2
10601,2
10602,8
10603,39
10604,39
10605,39
10606,39
10607,33
10608,39
10609,47
10610,47
10611,138
10612,138
10613,138
10614,138
10615,138
10616,138
10617,138
10618,79
10619,79
10620,71
10621,71
10622,109
10623,109
10624,71
10625,71
10626,88
10627,88
10628,88
10629,117
10630,117
10631,129
10632,129
10633,129
10634,81
10635,81
10636,78
10637,78
10638,78
10639,81
10640,81
10641,81
10642,81
10643,126
10644,151
10645,89
10646,82
10647,89
10648,82
10649,103
10650,103
10651,89
10652,146
10653,146
10654,146
10655,17
10656,17
10657,17
10658,16
10659,16
10660,111
10661,111
10662,0
10663,111
10664,21
10665,21
10666,10
10667,107
10668,107
10669,42
10670,107
10671,107
10672,21
10673,21
10674,21
10675,42
10676,24
10677,24
10678,24
10679,5
10680,5
10681,5
10682,72
10683,5
10684,5
10685,5
10686,83
10687,83
10688,5
10689,5
10690,7
10691,7
10692,7
10693,7
10694,83
10695,7
10696,7
10697,83
10698,111
10699,42
10700,83
10701,34
10702,34
10703,34
10704,111
10705,83
10706,9
10707,9
10708,9
10709,9
10710,9
10711,111
10712,83
10713,81
10714,82
10715,113
10716,0
10717,148
10718,148
10719,24
10720,24
10721,24
10722,26
10723,26
10724,21
10725,26
10726,21
10727,40
10728,25
10729,25
10730,29
10731,29
10732,29
10733,25
10734,29
10735,29
10736,29
10737,29
10738,29
10739,29
10740,29
10741,29
10742,29
10743,25
10744,29
10745,29
10746,40
10747,29
10748,40
10749,40
10750,40
10751,0
10752,0
10753,37
10754,40
10755,40
10756,40
10757,40
10758,40
10759,40
10760,40
10761,37
10762,40
10763,40
10764,40
10765,40
10766,117
10767,117
10768,40
10769,40
10770,40
10771,21
10772,117
10773,40
10774,35
10775,35
10776,117
10777,117
10778,117
10779,100
10780,117
10781,148
10782,80
10783,80
10784,80
10785,80
10786,80
10787,80
10788,80
10789,80
10790,80
10791,80
10792,72
10793,72
10794,72
10795,51
10796,55
10797,62
10798,55
10799,55
10800,100
10801,70
10802,11
10803,59
10804,5
10805,128
10806,5
10807,0
10808,5
10809,5
10810,5
10811,5
10812,5
10813,25
10814,5
10815,5
10816,5
10817,25
10818,5
10819,5
10820,5
10821,5
10822,5
10823,9
10824,9
10825,51
10826,51
10827,51
10828,51
10829,51
10830,54
10831,51
10832,54
10833,51
10834,51
10835,2
10836,2
10837,51
10838,51
10839,0
10840,51
10841,51
10842,51
10843,51
10844,54
10845,39
10846,29
10847,29
10848,29
10849,29
10850,29
10851,39
10852,120
10853,29
10854,120
10855,39
10856,21
10857,21
10858,39
10859,29
10860,39
10861,144
10862,144
10863,144
10864,88
10865,130
10866,130
10867,29
10868,29
10869,29
10870,29
10871,29
10872,29
10873,29
10874,29
10875,85
10876,29
10877,29
10878,29
10879,72
10880,85
10881,52
10882,52
10883,52
10884,52
10885,46
10886,46
10887,46
10888,64
10889,64
10890,64
10891,64
10892,0
10893,0
10894,0
10895,72
10896,71
10897,71
10898,71
10899,71
10900,72
10901,71
10902,71
10903,72
10904,72
10905,62
10906,62
10907,62
10908,62
10909,75
10910,75
10911,62
10912,62
10913,12
10914,12
10915,12
10916,75
10917,2
10918,2
10919,2
10920,2
10921,76
10922,2
10923,2
10924,2
10925,2
10926,2
10927,2
10928,2
10929,18
10930,18
10931,2
10932,2
10933,18
10934,0
10935,0
10936,0
10937,99
10938,99
10939,99
10940,71
10941,71
10942,115
10943,126
10944,115
10945,126
10946,71
10947,30
10948,30
10949,16
10950,16
10951,16
10952,17
10953,17
10954,16
10955,21
10956,21
10957,101
10958,16
10959,16
10960,16
10961,17
10962,17
10963,17
10964,17
10965,144
10966,144
10967,17
10968,17
10969,17
10970,144
10971,144
10972,8
10973,8
10974,8
10975,8
10976,8
10977,8
10978,8
10979,8
10980,78
10981,21
10982,51
10983,51
10984,51
10985,51
10986,136
10987,136
10988,9
10989,9
10990,9
10991,9
10992,9
10993,9
10994,9
10995,9
10996,9
10997,9
10998,9
10999,9
11000,9
11001,9
11002,9
11003,9
11004,9
11005,9
11006,9
11007,9
11008,9
11009,134
11010,134
11011,116
11012,21
11013,21
11014,21
11015,46
11016,24
11017,24
11018,24
11019,21
11020,21
11021,21
11022,21
11023,21
11024,46
11025,17
11026,17
11027,86
11028,17
11029,17
11030,17
11031,17
11032,17
11033,67
11034,67
11035,15
11036,86
11037,48
11038,48
11039,48
11040,104
11041,104
11042,104
11043,104
11044,104
11045,59
11046,59
11047,59
11048,19
11049,19
11050,19
11051,19
11052,6
11053,6
11054,19
11055,19
11056,50
11057,101
11058,6
11059,83
11060,83
11061,83
11062,83
11063,83
11064,83
11065,83
11066,83
11067,6
11068,83
11069,83
11070,83
11071,83
11072,42
11073,42
11074,83
11075,58
11076,58
11077,18
11078,18
11079,58
11080,58
11081,18
11082,58
11083,58
11084,58
11085,131
11086,25
11087,142
11088,142
11089,142
11090,2
11091,58
11092,58
11093,58
11094,35
11095,35
11096,2
11097,35
11098,1
11099,1
11100,2
11101,17
11102,17
11103,17
11104,12
11105,12
11106,12
11107,12
11108,2
11109,2
11110,12
11111,12
11112,12
11113,7
11114,7
11115,2
11116,54
11117,123
11118,123
11119,119
11120,119
11121,41
11122,41
11123,41
11124,41
11125,30
11126,34
11127,54
11128,30
11129,26
11130,25
11131,0
11132,0
11133,0
11134,0
11135,94
11136,31
11137,57
11138,57
11139,31
11140,57
11141,57
11142,57
11143,57
11144,57
11145,57
11146,98
11147,31
11148,31
11149,98
11150,127
11151,127
11152,126
11153,126
11154,73
11155,73
11156,127
11157,127
11158,127
11159,127
11160,122
11161,122
11162,127
11163,16
11164,16
11165,16
11166,142
11167,142
11168,15
11169,113
11170,113
11171,15
11172,50
11173,50
11174,109
11175,55
11176,90
11177,54
11178,15
11179,93
11180,93
11181,66
11182,54
11183,66
11184,66
11185,51
11186,109
11187,7
11188,7
11189,124
11190,31
11191,31
11192,31
11193,31
11194,31
11195,31
11196,31
11197,31
11198,0
11199,31
11200,31
11201,59
11202,31
11203,31
11204,47
11205,47
11206,117
11207,117
11208,31
11209,31
11210,59
11211,59
11212,117
11213,31
11214,31
11215,31
11216,31
11217,31
11218,31
11219,31
11220,31
11221,31
11222,31
11223,31
11224,31
11225,59
11226,88
11227,59
11228,59
11229,59
11230,54
11231,59
11232,47
11233,31
11234,31
11235,31
11236,25
11237,0
11238,0
11239,0
11240,143
11241,143
11242,73
11243,53
11244,53
11245,53
11246,40
11247,16
11248,16
11249,40
11250,6
11251,2
11252,2
11253,2
11254,2
11255,2
11256,2
11257,2
11258,74
11259,2
11260,2
11261,2
11262,2
11263,2
11264,2
11265,2
11266,2
11267,2
11268,74
11269,111
11270,122
11271,122
11272,122
11273,122
11274,124
11275,124
11276,124
11277,124
11278,105
11279,115
11280,7
11281,78
11282,115
11283,33
11284,33
11285,33
11286,124
11287,124
11288,124
11289,115
11290,63
11291,138
11292,51
11293,2
11294,51
11295,51
11296,51
11297,51
11298,51
11299,51
11300,51
11301,51
11302,51
11303,51
11304,51
11305,25
11306,25
11307,11
11308,11
11309,11
11310,11
11311,11
11312,129
11313,51
11314,51
11315,51
11316,11
11317,30
11318,30
11319,30
11320,87
11321,87
11322,87
11323,87
11324,107
11325,107
11326,107
11327,107
11328,18
11329,138
11330,18
11331,18
11332,129
11333,79
11334,79
11335,79
11336,31
11337,31
11338,31
11339,31
11340,129
11341,6
11342,6
11343,112
11344,148
11345,148
11346,148
11347,143
11348,143
11349,143
11350,143
11351,58
11352,58
11353,58
11354,58
11355,136
11356,89
11357,58
11358,24
11359,24
11360,24
11361,24
11362,24
11363,88
11364,24
11365,24
11366,24
11367,24
11368,24
11369,24
11370,136
11371,24
11372,133
11373,133
11374,7
11375,7
11376,7
11377,7
11378,133
11379,7
11380,7
11381,7
11382,7
11383,133
11384,133
11385,133
11386,87
11387,133
11388,25
11389,25
11390,29
11391,29
11392,29
11393,29
11394,29
11395,59
11396,29
11397,29
11398,59
11399,29
11400,107
11401,68
11402,32
11403,32
11404,32
11405,62
11406,66
11407,66
11408,93
11409,93
11410,21
11411,21
11412,67
11413,83
11414,83
11415,83
11416,67
11417,117
11418,117
11419,117
11420,117
11421,99
11422,98
11423,99
11424,99
11425,117
11426,99
11427,99
11428,99
11429,98
11430,83
11431,83
11432,83
11433,107
11434,107
11435,8
11436,8
11437,8
11438,8
11439,19
11440,28
11441,19
11442,18
11443,18
11444,18
11445,52
11446,26
11447,26
11448,26
11449,26
11450,46
11451,99
11452,99
11453,99
11454,99
11455,70
11456,99
11457,133
11458,70
11459,70
11460,70
11461,70
11462,70
11463,70
11464,70
11465,133
11466,117
11467,117
11468,117
11469,50
11470,117
11471,117
11472,50
11473,32
11474,32
11475,32
11476,32
11477,32
11478,32
11479,32
11480,32
11481,32
11482,32
11483,32
11484,117
11485,32
11486,32
11487,32
11488,32
11489,150
11490,32
11491,32
11492,32
11493,32
11494,32
11495,32
11496,32
11497,150
11498,13
11499,13
11500,142
11501,142
11502,0
11503,34
11504,34
11505,34
11506,34
11507,25
11508,25
11509,0
11510,32
11511,32
11512,32
11513,70
11514,70
11515,14
11516,14
11517,14
11518,14
11519,14
11520,14
11521,45
11522,0
11523,122
11524,119
11525,0
11526,119
11527,119
11528,119
11529,119
11530,87
11531,87
11532,87
11533,87
11534,0
11535,112
11536,112
11537,51
11538,51
11539,51
11540,51
11541,112
11542,35
11543,35
11544,40
11545,40
11546,40
11547,76
11548,93
11549,93
11550,93
11551,93
11552,93
11553,93
11554,93
11555,93
11556,93
11557,93
11558,93
11559,22
11560,22
11561,93
11562,93
11563,93
11564,22
11565,93
11566,93
11567,93
11568,30
11569,30
11570,73
11571,30
11572,30
11573,30
11574,30
11575,73
11576,22
11577,73
11578,30
11579,30
11580,30
11581,30
11582,93
11583,93
11584,93
11585,93
11586,93
11587,93
11588,93
11589,25
11590,90
11591,90
11592,93
11593,28
11594,28
11595,28
11596,28
11597,90
11598,28
11599,28
11600,28
11601,28
11602,28
11603,64
11604,64
11605,90
11606,64
11607,41
11608,41
11609,90
11610,41
11611,90
11612,41
11613,64
11614,59
11615,59
11616,140
11617,31
11618,31
11619,31
11620,140
11621,23
11622,23
11623,23
11624,140
11625,23
11626,23
11627,140
11628,23
11629,23
11630,23
11631,23
11632,119
11633,23
11634,140
11635,140
11636,119
11637,119
11638,119
11639,119
11640,119
11641,119
11642,119
11643,119
11644,119
11645,119
11646,119
11647,119
11648,119
11649,119
11650,119
11651,106
11652,106
11653,106
11654,106
11655,12
11656,12
11657,12
11658,12
11659,74
11660,138
11661,138
11662,74
11663,46
11664,99
11665,99
11666,98
11667,1
11668,98
11669,98
11670,98
11671,98
11672,128
11673,1
11674,74
11675,44
11676,44
11677,74
11678,18
11679,18
11680,1
11681,18
11682,18
11683,1
11684,149
11685,149
11686,149
11687,149
11688,149
11689,149
11690,83
11691,83
11692,81
11693,81
11694,14
11695,15
11696,15
11697,15
11698,14
11699,14
11700,14
11701,14
11702,14
11703,14
11704,70
11705,70
11706,53
11707,57
11708,107
11709,107
11710,24
11711,24
11712,29
11713,29
11714,4
11715,4
11716,0
11717,0
11718,29
11719,82
11720,82
11721,82
11722,82
11723,29
11724,32
11725,99
11726,99
11727,63
11728,42
11729,42
11730,63
11731,13
11732,101
11733,101
11734,13
11735,101
11736,46
11737,127
11738,127
11739,46
11740,127
11741,127
11742,127
11743,71
11744,71
11745,46
11746,46
11747,71
11748,46
11749,138
11750,46
11751,71
11752,76
11753,71
11754,71
11755,56
11756,56
11757,75
11758,46
11759,75
11760,75
11761,15
11762,15
11763,15
11764,37
11765,37
11766,37
11767,49
11768,49
11769,90
11770,15
11771,15
11772,90
11773,90
11774,49
11775,49
11776,15
11777,50
11778,15
11779,134
11780,134
11781,134
11782,27
11783,29
11784,15
11785,129
11786,129
11787,100
11788,100
11789,100
11790,100
11791,127
11792,127
11793,127
11794,5
11795,119
11796,119
11797,119
11798,119
11799,15
11800,21
11801,15
11802,19
11803,19
11804,19
11805,93
11806,93
11807,93
11808,93
11809,93
11810,93
11811,40
11812,93
11813,93
11814,93
11815,63
11816,93
11817,99
11818,52
11819,99
11820,99
11821,99
11822,99
11823,99
11824,99
11825,70
11826,70
11827,52
11828,14
11829,52
11830,95
11831,95
11832,14
11833,123
11834,120
11835,123
11836,85
11837,85
11838,40
11839,9
11840,99
11841,99
11842,99
11843,9
11844,90
11845,90
11846,90
11847,90
11848,54
11849,124
11850,37
11851,21
11852,37
11853,37
11854,9
11855,146
11856,9
11857,85
11858,85
11859,85
11860,85
11861,14
11862,109
11863,14
11864,109
11865,130
11866,130
11867,130
11868,4
11869,67
11870,46
11871,88
11872,88
11873,88
11874,88
11875,85
11876,85
11877,85
11878,85
11879,85
11880,85
11881,85
11882,85
11883,54
11884,54
11885,85
11886,85
11887,85
11888,85
11889,85
11890,73
11891,54
11892,104
11893,73
11894,54
11895,85
11896,85
11897,85
11898,85
11899,85
11900,85
11901,54
11902,85
11903,85
11904,66
11905,54
11906,90
11907,98
11908,33
11909,53
11910,53
11911,53
11912,53
11913,53
11914,53
11915,99
11916,99
11917,78
11918,78
11919,78
11920,34
11921,34
11922,20
11923,20
11924,34
11925,119
11926,122
11927,122
11928,122
11929,122
11930,55
11931,52
11932,52
11933,52
11934,52
11935,47
11936,47
11937,115
11938,1
11939,58
11940,94
11941,115
11942,23
11943,5
11944,5
11945,5
11946,5
11947,89
11948,123
11949,123
11950,123
11951,123
11952,136
11953,56
11954,56
11955,56
11956,87
11957,87
11958,87
11959,87
11960,87
11961,87
11962,87
11963,87
11964,87
11965,87
11966,87
11967,87
11968,87
11969,87
11970,6
11971,87
11972,87
11973,87
11974,87
11975,87
11976,87
11977,136
11978,87
11979,87
11980,87
11981,87
11982,87
11983,136
11984,87
11985,87
11986,87
11987,87
11988,87
11989,87
11990,68
11991,89
11992,88
11993,50
11994,50
11995,101
11996,25
11997,101
11998,101
11999,6
12000,25
12001,113
12002,113
12003,143
12004,143
12005,143
12006,143
12007,14
12008,14
12009,14
12010,14
12011,14
12012,14
12013,70
12014,57
12015,14
12016,14
12017,57
12018,57
12019,57
12020,57
12021,57
12022,57
12023,57
12024,57
12025,57
12026,57
12027,57
12028,57
12029,14
12030,14
12031,14
12032,6
12033,101
12034,78
12035,101
12036,23
12037,23
12038,81
12039,81
12040,81
12041,81
12042,62
12043,82
12044,82
12045,82
12046,143
12047,143
12048,73
12049,79
12050,117
12051,117
12052,117
12053,150
12054,150
12055,150
12056,150
12057,150
12058,117
12059,150
12060,150
12061,150
12062,150
12063,150
12064,150
12065,150
12066,150
12067,90
12068,90
12069,90
12070,44
12071,90
12072,90
12073,90
12074,90
12075,90
12076,15
12077,44
12078,44
12079,15
12080,14
12081,14
12082,14
12083,14
12084,14
12085,14
12086,44
12087,14
12088,14
12089,133
12090,133
12091,133
12092,4
12093,4
12094,4
12095,4
12096,4
12097,4
12098,133
12099,133
12100,133
12101,133
12102,81
12103,81
12104,81
12105,133
12106,81
12107,81
12108,81
12109,81
12110,81
12111,81
12112,5
12113,81
12114,81
12115,4
12116,4
12117,68
12118,4
12119,4
12120,4
12121,68
12122,4
12123,122
12124,122
12125,128
12126,16
12127,66
12128,122
12129,39
12130,39
12131,33
12132,33
12133,33
12135,33
12136,33
12137,33
12138,33
12139,33
12140,52
12141,33
12142,33
12143,33
12144,90
12145,44
12146,33
12147,18
12148,18
12149,18
12150,18
12151,18
12152,18
12153,89
12154,151
12155,69
12156,69
12157,69
12158,0
12159,0
12160,130
12161,113
12162,90
12163,109
12164,5
12165,90
12166,1
12167,15
12168,102
12169,102
12170,102
12171,1
12172,1
12173,127
12174,127
12175,1
12176,127
12177,54
12178,54
12179,70
12180,54
12181,143
12182,54
12183,54
12184,54
12185,19
12186,19
12187,19
12188,19
12189,19
12190,19
12191,19
12192,19
12193,19
12194,19
12195,19
12196,19
12197,19
12198,101
12199,101
12200,101
12201,37
12202,37
12203,37
12204,126
12205,126
12206,126
12207,123
12208,123
12209,123
12210,123
12211,115
12212,123
12213,123
12214,22
12215,22
12216,22
12217,22
12218,22
12219,22
12220,76
12221,22
12222,35
12223,35
12224,35
12225,35
12226,35
12227,18
12228,76
12229,89
12230,89
12231,89
12232,8
12233,8
12234,19
12235,67
12236,23
12237,23
12238,23
12239,126
12240,126
12241,126
12242,102
12243,102
12244,102
12245,102
12246,102
12247,133
12248,133
12249,133
12250,126
12251,88
12252,88
12253,39
12254,39
12255,62
12256,62
12257,88
12258,62
12259,88
12260,32
12261,32
12262,140
12263,140
12264,114
12265,27
12266,27
12267,27
12268,124
12269,124
12270,81
12271,124
12272,81
12273,16
12274,16
12275,124
12276,69
12277,124
12278,69
12279,69
12280,106
12281,106
12282,106
12283,106
12284,124
12285,58
12286,58
12287,58
12288,58
12289,58
12290,58
12291,58
12292,25
12293,25
12294,14
12295,27
12296,27
12297,125
12298,98
12299,27
12300,42
12301,70
12302,24
12303,24
12304,70
12305,107
12306,54
12307,54
12308,25
12309,20
12310,106
12311,21
12312,21
12313,109
12314,109
12315,109
12316,109
12317,109
12318,141
12319,141
12320,141
12321,106
12322,109
12323,109
12324,109
12325,115
12326,115
12327,21
12328,21
12329,46
12330,21
12331,21
12332,21
12333,24
12334,24
12335,24
12336,46
12337,111
12338,111
12339,78
12340,78
12341,111
12342,111
12343,111
12344,111
12345,111
12346,111
12347,54
12348,111
12349,111
12350,111
12351,111
12352,111
12353,9
12354,9
12355,93
12356,93
12357,93
12358,93
12359,93
12360,63
12361,63
12362,113
12363,113
12364,16
12365,113
12366,113
12367,113
12368,113
12369,113
12370,136
12371,89
12372,136
12373,16
12374,5
12375,5
12376,127
12377,127
12378,0
12379,0
12380,91
12381,91
12382,91
12383,0
12384,91
12385,91
12386,0
12387,91
12388,115
12389,0
12390,29
12391,29
12392,0
12393,113
12394,0
12395,81
12396,81
12397,113
12398,81
12399,81
12400,4
12401,0
12402,0
12403,90
12404,90
12405,90
12406,22
12407,22
12408,22
12409,22
12410,32
12411,131
12412,131
12413,131
12414,131
12415,131
12416,25
12417,51
12418,51
12419,51
12420,51
12421,51
12422,51
12423,136
12424,136
12425,131
12426,131
12427,131
12428,131
12429,136
12430,131
12431,136
12432,25
12433,39
12434,39
12435,136
12436,136
12437,136
12438,136
12439,101
12440,101
12441,101
12442,39
12443,53
12444,53
12445,39
12446,37
12447,39
12448,37
12449,37
12450,31
12451,39
12452,39
12453,18
12454,0
12455,54
12456,8
12457,8
12458,49
12459,49
12460,63
12461,44
12462,34
12463,34
12464,17
12465,25
12466,140
12467,140
12468,51
12469,140
12470,140
12471,80
12472,80
12473,140
12474,119
12475,119
12476,119
12477,119
12478,119
12479,119
12480,119
12481,126
12482,126
12483,126
12484,127
12485,83
12486,101
12487,111
12488,99
12489,101
12490,140
12491,140
12492,14
12493,14
12494,141
12495,141
12496,141
12497,141
12498,116
12499,116
12500,109
12501,109
12502,109
12503,109
12504,109
12505,116
12506,141
12507,141
12508,125
12509,125
12510,116
12511,68
12512,1
12513,116
12514,116
12515,54
12516,11
12517,134
12518,54
12519,54
12520,48
12521,48
12522,48
12523,48
12524,3
12525,63
12526,48
12527,32
12528,32
12529,32
12530,32
12531,32
12532,63
12533,27
12534,0
12535,32
12536,32
12537,32
12538,32
12539,32
12540,122
12541,122
12542,32
12543,65
12544,65
12545,65
12546,65
12547,26
12548,26
12549,26
12550,26
12551,26
12552,26
12553,26
12554,26
12555,133
12556,26
12557,90
12558,26
12559,133
12560,133
12561,133
12562,6
12563,6
12564,6
12565,6
12566,14
12567,14
12568,14
12569,14
12570,100
12571,100
12572,14
12573,14
12574,14
12575,14
12576,14
12577,14
12578,14
12579,14
12580,70
12581,14
12582,14
12583,70
12584,70
12585,14
12586,14
12587,70
12588,70
12589,55
12590,70
12591,88
12592,87
12593,87
12594,88
12595,88
12596,33
12597,33
12598,33
12599,0
12600,0
12601,0
12602,0
12603,0
12604,0
12605,113
12606,0
12607,0
12608,0
12609,0
12610,85
12611,62
12612,62
12613,62
12614,21
12615,87
12616,87
12617,122
12618,42
12619,7
12620,34
12621,34
12622,34
12623,59
12624,37
12625,37
12626,37
12627,129
12628,37
12629,37
12630,6
12631,6
12632,131
12633,131
12634,131
12635,131
12636,131
12637,131
12638,123
12639,123
12640,131
12641,107
12642,123
12643,123
12644,123
12645,123
12646,122
12647,123
12648,24
12649,123
12650,107
12651,89
12652,89
12653,48
12654,48
12655,16
12656,16
12657,48
12658,16
12659,16
12660,113
12661,113
12662,113
12663,42
12664,42
12665,42
12666,48
12667,132
12668,31
12669,21
12670,31
12671,31
12672,129
12673,129
12674,129
12675,14
12676,16
12677,66
12678,66
12679,63
12680,40
12681,40
12682,47
12683,47
12684,47
12685,47
12686,14
12687,70
12688,5
12689,5
12690,70
12691,90
12692,29
12693,90
12694,30
12695,30
12696,29
12697,29
12698,30
12699,30
12700,29
12701,29
12702,29
12703,29
12704,125
12705,125
12706,109
12707,133
12708,62
12709,31
12710,125
12711,125
12712,10
12713,10
12714,10
12715,133
12716,95
12717,95
12718,95
12719,40
12720,72
12721,109
12722,109
12723,106
12724,120
12725,107
12726,135
12727,135
12728,106
12729,111
12730,111
12731,32
12732,32
12733,32
12734,32
12735,111
12736,46
12737,46
12738,44
12739,44
12740,44
12741,27
12742,27
12743,111
12744,27
12745,27
12746,27
12747,134
12748,134
12749,134
12750,134
12751,134
12752,134
12753,125
12754,133
12755,133
12756,125
12757,133
12758,133
12759,133
12760,133
12761,133
12762,133
12763,133
12764,133
12765,133
12766,18
12767,18
12768,18
12769,18
12770,131
12771,131
12772,131
12773,131
12774,4
12775,4
12776,18
12777,18
12778,4
12779,4
12780,4
12781,18
12782,4
12783,41
12784,41
12785,41
12786,41
12787,18
12788,41
12789,41
12790,41
12791,41
12792,41
12793,41
12794,82
12795,88
12796,82
12797,82
12798,82
12799,82
12800,88
12801,82
12802,88
12803,138
12804,138
12805,9
12806,113
12807,113
12808,113
12809,35
12810,35
12811,19
12812,129
12813,9
12814,107
12815,107
12816,116
12817,116
12818,90
12819,8
12820,8
12821,8
12822,8
12823,18
12824,90
12825,136
12826,136
12827,94
12828,94
12829,94
12830,136
12831,112
12832,112
12833,112
12834,112
12835,112
12836,112
12837,112
12838,112
12839,112
12840,112
12841,85
12842,85
12843,28
12844,136
12845,5
12846,127
12847,127
12848,127
12849,19
12850,97
12851,53
12852,52
12853,52
12854,59
12855,59
12856,31
12857,31
12858,31
12859,31
12860,31
12861,23
12862,23
12863,23
12864,23
12865,23
12866,23
12867,23
12868,23
12869,23
12870,23
12871,144
12872,144
12873,83
12874,129
12875,83
12876,83
12877,83
12878,83
12879,83
12880,144
12881,52
12882,83
12883,83
12884,83
12885,83
12886,129
12887,83
12888,83
12889,83
12890,136
12891,83
12892,83
12893,144
12894,144
12895,136
12896,144
12897,144
12898,23
12899,25
12900,25
12901,23
12902,23
12903,23
12904,95
12905,95
12906,23
12907,23
12908,23
12909,23
12910,23
12911,95
12912,31
12913,23
12914,31
12915,25
12916,58
12917,58
12918,58
12919,67
12920,112
12921,81
12922,81
12923,0
12924,30
12925,30
12926,0
12927,0
12928,77
12929,42
12930,6
12931,42
12932,42
12933,6
12934,42
12935,42
12936,42
12937,117
12938,48
12939,48
12940,117
12941,4
12942,4
12943,4
12944,67
12945,40
12946,40
12947,40
12948,20
12949,40
12950,51
12951,51
12952,51
12953,20
12954,113
12955,113
12956,113
12957,99
12958,99
12959,117
12960,117
12961,117
12962,81
12963,81
12964,81
12965,81
12966,81
12967,81
12968,81
12969,81
12970,117
12971,4
12972,4
12973,0
12974,0
12975,113
12976,75
12977,75
12978,67
12979,45
12980,45
12981,45
12982,45
12983,45
12984,24
12985,24
12986,24
12987,24
12988,102
12989,102
12990,24
12991,24
12992,24
12993,24
12994,24
12995,24
12996,24
12997,102
12998,102
12999,21
13000,21
13001,21
13002,21
13003,21
13004,21
13005,21
13006,21
13007,21
13008,21
13009,21
13010,21
13011,21
13012,21
13013,90
13014,14
13015,14
13016,14
13017,111
13018,111
13019,111
13020,111
13021,111
13022,90
13023,10
13024,10
13025,10
13026,54
13027,62
13028,62
13029,69
13030,52
13031,69
13032,69
13033,52
13034,6
13035,21
13036,21
13037,21
13038,21
13039,21
13040,21
13041,85
13042,21
13043,85
13044,85
13045,85
13046,85
13047,85
13048,85
13049,85
13050,18
13051,41
13052,41
13053,41
13054,67
13055,41
13056,41
13057,67
13058,78
13059,78
13060,82
13061,29
13062,29
13063,29
13064,29
13065,116
13066,29
13067,29
13068,130
13069,130
13070,130
13071,130
13072,116
13073,130
13074,15
13075,15
13076,15
13077,21
13078,21
13079,14
13080,40
13081,40
13082,21
13083,131
13084,5
13085,5
13086,5
13087,5
13088,19
13089,131
13090,19
13091,147
13092,9
13093,117
13094,28
13095,27
13096,28
13097,28
13098,28
13099,29
13100,29
13101,27
13102,27
13103,29
13104,29
13105,27
13106,29
13107,54
13108,54
13109,5
13110,129
13111,129
13112,129
13113,138
13114,20
13115,40
13116,40
13117,40
13118,114
13119,114
13120,40
13121,114
13122,114
13123,115
13124,15
13125,46
13126,42
13127,105
13128,95
13129,95
13130,54
13131,32
13132,32
13133,32
13134,32
13135,4
13136,4
13137,70
13138,126
13139,126
13140,132
13141,132
13142,122
13143,51
13144,122
13145,101
13146,101
13147,123
13148,123
13149,106
13150,106
13151,106
13152,106
13153,1
13154,1
13155,1
13156,1
13157,123
13158,123
13159,8
13160,8
13161,34
13162,89
13163,89
13164,0
13165,0
13166,39
13167,39
13168,39
13169,89
13170,7
13171,7
13172,89
13173,7
13174,7
13175,7
13176,7
13177,89
13178,47
13179,47
13180,59
13181,59
13182,59
13183,89
13184,88
13185,30
13186,109
13187,109
13188,30
13189,109
13190,109
13191,109
13192,109
13193,109
13194,109
13195,109
13196,109
13197,109
13198,109
13199,31
13200,123
13201,123
13202,109
13203,109
13204,109
13205,88
13206,109
13207,119
13208,119
13209,95
13210,95
13211,95
13212,95
13213,95
13214,95
13215,99
13216,99
13217,51
13218,51
13219,51
13220,141
13221,88
13222,88
13223,88
13224,88
13225,46
13226,8
13227,8
13228,8
13229,8
13230,8
13231,8
13232,8
13233,8
13234,8
13235,8
13236,8
13237,119
13238,22
13239,16
13240,16
13241,16
13242,48
13243,55
13244,120
13245,120
13246,21
13247,21
13248,21
13249,121
13250,121
13251,121
13252,8
13253,55
13254,6
13255,95
13256,14
13257,14
13258,14
13259,14
13260,14
13261,40
13262,14
13263,29
13264,40
13265,40
13266,40
13267,40
13268,40
13269,34
13270,34
13271,34
13272,34
13273,93
13274,93
13275,93
13276,93
13277,93
13278,93
13279,2
13280,2
13281,93
13282,93
13283,92
13284,2
13285,99
13286,89
13287,98
13288,98
13289,98
13290,98
13291,98
13292,98
13293,98
13294,135
13295,135
13296,98
13297,134
13298,134
13299,134
13300,134
13301,134
13302,134
13303,134
13304,134
13305,55
13306,134
13307,102
13308,102
13309,102
13310,102
13311,102
13312,102
13313,102
13314,124
13315,124
13316,122
13317,133
13318,26
13319,133
13320,133
13321,133
13322,26
13323,133
13324,26
13325,133
13326,52
13327,124
13328,124
13329,124
13330,124
13331,124
13332,124
13333,124
13334,124
13335,124
13336,124
13337,124
13338,124
13339,97
13340,97
13341,97
13342,52
13343,55
13344,55
13345,52
13346,52
13347,52
13348,94
13349,94
13350,94
13351,94
13352,94
13353,94
13354,94
13355,94
13356,32
13357,32
13358,32
13359,32
13360,32
13361,32
13362,72
13363,72
13364,32
13365,72
13366,72
13367,72
13368,72
13369,51
13370,72
13371,72
13372,72
13373,72
13374,72
13375,72
13376,72
13377,72
13378,72
13379,85
13380,85
13381,85
13382,85
13383,85
13384,85
13385,107
13386,107
13387,107
13388,107
13389,107
13390,107
13391,107
13392,107
13393,107
13394,55
13395,55
13396,107
13397,51
13398,24
13399,24
13400,24
13401,24
13402,24
13403,85
13404,85
13405,85
13406,28
13407,72
13408,72
13409,72
13410,72
13411,32
13412,32
13413,53
13414,53
13415,53
13416,131
13417,131
13418,53
13419,22
13420,99
13421,99
13422,63
13423,63
13424,63
13425,63
13426,63
13427,63
13428,63
13429,63
13430,40
13431,40
13432,40
13433,40
13434,40
13435,21
13436,21
13437,21
13438,21
13439,21
13440,21
13441,21
13442,21
13443,21
13444,73
13445,85
13446,73
13447,73
13448,73
13449,73
13450,73
13451,73
13452,63
13453,63
13454,63
13455,63
13456,63
13457,63
13458,63
13459,63
13460,63
13461,63
13462,0
13463,0
13464,63
13465,63
13466,63
13467,112
13468,0
13469,112
13470,112
13471,21
13472,21
13473,21
13474,21
13475,21
13476,40
13477,40
13478,40
13479,40
13480,40
13481,25
13482,73
13483,112
13484,0
13485,0
13486,14
13487,14
13488,14
13489,14
13490,14
13491,21
13492,73
13493,73
13494,0
13495,0
13496,0
13497,40
13498,39
13499,48
13500,48
13501,71
13502,18
13503,113
13504,86
13505,89
13506,89
13507,89
13508,0
13509,128
13510,89
13511,89
13512,98
13513,127
13514,127
13515,127
13516,100
13517,63
13518,63
13519,63
13520,63
13521,15
13522,19
13523,19
13524,29
13525,29
13526,29
13527,29
13528,29
13529,107
13530,75
13531,75
13532,75
13533,75
13534,75
13535,75
13536,7
13537,7
13538,7
13539,7
13540,122
13541,122
13542,122
13543,119
13544,122
13545,106
13546,65
13547,65
13548,0
13549,65
13550,65
13551,65
13552,65
13553,65
13554,65
13555,152
13556,65
13557,152
13558,152
13559,65
13560,65
13561,65
13562,65
13563,51
13564,51
13565,115
13566,115
13567,132
13568,132
13569,124
13570,124
13571,124
13572,132
13573,132
13574,121
13575,121
13576,121
13577,138
13578,138
13579,5
13580,4
13581,4
13582,4
13583,4
13584,2
13585,2
13586,2
13587,66
13588,138
13589,66
13590,30
13591,30
13592,34
13593,34
13594,52
13595,52
13596,4
13597,4
13598,113
13599,113
13600,113
13601,113
13602,113
13603,113
13604,2
13605,51
13606,135
13607,127
13608,8
13609,8
13610,8
13611,8
13612,8
13613,8
13614,8
13615,8
13616,138
13617,138
13618,8
13619,8
13620,138
13621,8
13622,8
13623,8
13624,8
13625,8
13626,81
13627,81
13628,21
13629,21
13630,21
13631,40
13632,21
13633,115
13634,115
13635,115
13636,115
13637,115
13638,115
13639,115
13640,115
13641,115
13642,115
13643,115
13644,115
13645,115
13646,115
13647,115
13648,115
13649,115
13650,115
13651,136
13652,136
13653,136
13654,136
13655,124
13656,124
13657,88
13658,88
13659,88
13660,88
13661,88
13662,88
13663,88
13664,88
13665,88
13666,88
13667,124
13668,124
13669,124
13670,136
13671,136
13672,136
13673,97
13674,14
13675,14
13676,15
13677,15
13678,15
13679,15
13680,15
13681,101
13682,108
13683,108
13684,81
13685,81
13686,81
13687,76
13688,76
13689,76
13690,76
13691,35
13692,29
13693,65
13694,65
13695,65
13696,34
13697,34
13698,34
13699,21
13700,83
13701,83
13702,111
13703,111
13704,16
13705,16
13706,16
13707,16
13708,16
13709,16
13710,16
13711,16
13712,16
13713,16
13714,16
13715,16
13716,16
13717,16
13718,16
13719,16
13720,16
13721,16
13722,106
13723,106
13724,106
13725,17
13726,106
13727,106
13728,106
13729,106
13730,106
13731,106
13732,106
13733,106
13734,106
13735,106
13736,106
13737,106
13738,106
13739,106
13740,106
13741,1
13742,16
13743,16
13744,16
13745,16
13746,16
13747,16
13748,16
13749,30
13750,30
13751,30
13752,30
13753,30
13754,127
13755,127
13756,127
13757,127
13758,127
13759,127
13760,81
13761,81
13762,81
13763,4
13764,81
13765,4
13766,4
13767,4
13768,4
13769,51
13770,51
13771,2
13772,51
13773,51
13774,51
13775,1
13776,1
13777,14
13778,81
13779,14
13780,14
13781,14
13782,14
13783,78
13784,10
13785,10
13786,20
13787,20
13788,10
13789,10
13790,10
13791,80
13792,80
13793,106
13794,106
13795,138
13796,58
13797,58
13798,68
13799,68
13800,58
13801,30
13802,1
13803,1
13804,58
13805,58
13806,18
13807,18
13808,18
13809,18
13810,19
13811,19
13812,20
13813,19
13814,19
13815,127
13816,53
13817,127
13818,57
13819,95
13820,93
13821,93
13822,93
13823,93
13824,93
13825,98
13826,98
13827,98
13828,98
13829,27
13830,27
13831,27
13832,27
13833,27
13834,27
13835,27
13836,27
13837,116
13838,116
13839,121
13840,116
13841,121
13842,75
13843,12
13844,12
13845,12
13846,5
13847,5
13848,5
13849,5
13850,5
13851,5
13852,5
13853,5
13854,5
13855,20
13856,75
13857,75
13858,124
13859,124
13860,8
13861,8
13862,8
13863,8
13864,8
13865,40
13866,21
13867,45
13868,2
13869,2
13870,40
13871,2
13872,2
13873,2
13874,2
13875,2
13876,2
13877,37
13878,37
13879,30
13880,37
13881,37
13882,37
13883,37
13884,75
13885,75
13886,37
13887,73
13888,73
13889,73
13890,73
13891,93
13892,93
13893,90
13894,90
13895,116
13896,90
13897,90
13898,90
13899,90
13900,76
13901,76
13902,43
13903,63
13904,63
13905,63
13906,63
13907,63
13908,63
13909,63
13910,63
13911,63
13912,63
13913,63
13914,63
13915,63
13916,121
13917,30
13918,5
13919,40
13920,15
13921,15
13922,15
13923,15
13924,34
13925,34
13926,53
13927,53
13928,83
13929,83
13930,83
13931,7
13932,7
13933,7
13934,7
13935,7
13936,7
13937,7
13938,7
13939,7
13940,8
13941,7
13942,7
13943,7
13944,7
13945,7
13946,7
13947,7
13948,7
13949,7
13950,7
13951,7
13952,48
13953,12
13954,12
13955,12
13956,12
13957,12
13958,12
13959,12
13960,30
13961,12
13962,12
13963,12
13964,62
13965,62
13966,62
13967,62
13968,62
13969,62
13970,62
13971,7
13972,7
13973,7
13974,7
13975,7
13976,7
13977,7
13978,7
13979,7
13980,121
13981,131
13982,131
13983,62
13984,12
13985,12
13986,12
13987,12
13988,12
13989,48
13990,7
13991,7
13992,7
13993,93
13994,93
13995,93
13996,93
13997,93
13998,93
13999,63
14000,93
14001,93
14002,23
14003,17
14004,17
14005,17
14006,17
14007,101
14008,68
14009,68
14010,74
14011,124
14012,129
14013,129
14014,66
14015,66
14016,66
14017,115
14018,115
14019,115
14020,115
14021,115
14022,78
14023,115
14024,78
14025,78
14026,19
14027,19
14028,19
14029,19
14030,52
14031,46
14032,46
14033,27
14034,40
14035,40
14036,65
14037,65
14038,65
14039,65
14040,65
14041,65
14042,65
14043,65
14044,65
14045,65
14046,65
14047,55
14048,77
14049,76
14050,3
14051,8
14052,8
14053,133
14054,8
14055,8
14056,8
14057,8
14058,8
14059,8
14060,69
14061,69
14062,75
14063,75
14064,37
14065,37
14066,37
14067,37
14068,37
14069,37
14070,37
14071,37
14072,37
14073,37
14074,49
14075,49
14076,49
14077,49
14078,49
14079,49
14080,49
14081,50
14082,50
14083,104
14084,29
14085,29
14086,29
14087,68
14088,68
14089,21
14090,24
14091,105
14092,82
14093,82
14094,82
14095,82
14096,32
14097,32
14098,32
14099,2
14100,2
14101,78
14102,78
14103,78
14104,78
14105,101
14106,101
14107,101
14108,101
14109,101
14110,101
14111,126
14112,126
14113,77
14114,77
14115,126
14116,126
14117,126
14118,105
14119,131
14120,126
14121,126
14122,126
14123,126
14124,109
14125,14
14126,14
14127,14
14128,14
14129,14
14130,14
14131,131
14132,122
14133,122
14134,122
14135,122
14136,65
14137,65
14138,65
14139,65
14140,142
14141,25
14142,25
14143,30
14144,57
14145,57
14146,4
14147,4
14148,4
14149,4
14150,4
14151,4
14152,42
14153,42
14154,42
14155,42
14156,42
14157,42
14158,42
14159,42
14160,57
14161,57
14162,42
14163,42
14164,42
14165,42
14166,97
14167,42
14168,42
14169,97
14170,97
14171,97
14172,74
14173,74
14174,97
14175,97
14176,97
14177,97
14178,136
14179,97
14180,97
14181,53
14182,53
14183,53
14184,57
14185,95
14186,95
14187,95
14188,99
14189,27
14190,99
14191,57
14192,57
14193,57
14194,17
14195,19
14196,19
14197,16
14198,21
14199,21
14200,21
14201,66
14202,66
14203,66
14204,66
14205,102
14206,102
14207,102
14208,102
14209,18
14210,15
14211,95
14212,19
14213,30
14214,30
14215,30
14216,30
14217,30
14218,86
14219,86
14220,86
14221,73
14222,73
14223,73
14224,73
14225,73
14226,73
14227,73
14228,73
14229,93
14230,93
14231,93
14232,30
14233,63
14234,63
14235,63
14236,63
14237,63
14238,30
14239,63
14240,93
14241,92
14242,92
14243,92
14244,30
14245,92
14246,92
14247,92
14248,86
14249,86
14250,30
14251,86
14252,86
14253,73
14254,73
14255,73
14256,93
14257,93
14258,93
14259,93
14260,93
14261,30
14262,93
14263,93
14264,87
14265,87
14266,30
14267,87
14268,30
14269,40
14270,30
14271,19
14272,19
14273,25
14274,95
14275,95
14276,95
14277,95
14278,95
14279,95
14280,25
14281,25
14282,22
14283,22
14284,85
14285,85
14286,85
14287,72
14288,72
14289,72
14290,119
14291,119
14292,119
14293,8
14294,8
14295,8
14296,8
14297,8
14298,8
14299,88
14300,23
14301,31
14302,23
14303,23
14304,31
14305,31
14306,131
14307,131
14308,135
14309,135
14310,71
14311,71
14312,71
14313,138
14314,138
14315,138
14316,138
14317,93
14318,93
14319,138
14320,42
14321,42
14322,138
14323,19
14324,42
14325,42
14326,42
14327,42
14328,42
14329,42
14330,66
14331,66
14332,42
14333,14
14334,52
14335,52
14336,52
14337,52
14338,130
14339,17
14340,17
14341,2
14342,18
14343,18
14344,18
14345,18
14346,29
14347,29
14348,29
14349,40
14350,120
14351,51
14352,51
14353,37
14354,51
14355,51
14356,35
14357,33
14358,37
14359,122
14360,122
14361,63
14362,63
14363,63
14364,37
14365,37
14366,63
14367,3
14368,3
14369,3
14370,37
14371,37
14372,37
14373,152
14374,37
14375,152
14376,37
14377,53
14378,53
14379,53
14380,100
14381,100
14382,81
14383,100
14384,37
14385,53
14386,33
14387,33
14388,62
14389,62
14390,62
14391,37
14392,123
14393,123
14394,123
14395,123
14396,123
14397,37
14398,59
14399,52
14400,52
14401,37
14402,30
14403,30
14404,5
14405,30
14406,30
14407,51
14408,30
14409,73
14410,93
14411,93
14412,93
14413,33
14414,93
14415,93
14416,93
14417,93
14418,30
14419,6
14420,119
14421,119
14422,119
14423,119
14424,30
14425,6
14426,6
14427,30
14428,30
14429,16
14430,16
14431,16
14432,66
14433,66
14434,66
14435,65
14436,65
14437,65
14438,65
14439,65
14440,65
14441,65
14442,65
14443,152
14444,65
14445,114
14446,144
14447,144
14448,144
14449,144
14450,117
14451,117
14452,117
14453,144
14454,33
14455,93
14456,93
14457,129
14458,129
14459,129
14460,143
14461,143
14462,17
14463,17
14464,32
14465,32
14466,32
14467,32
14468,32
14469,32
14470,135
14471,106
14472,89
14473,142
14474,89
14475,88
14476,88
14477,88
14478,88
14479,114
14480,114
14481,120
14482,57
14483,57
14484,57
14485,52
14486,52
14487,42
14488,42
14489,87
14490,143
14491,143
14492,143
14493,43
14494,43
14495,43
14496,43
14497,43
14498,43
14499,43
14500,43
14501,43
14502,43
14503,43
14504,43
14505,43
14506,43
14507,152
14508,152
14509,152
14510,152
14511,152
14512,152
14513,152
14514,152
14515,138
14516,114
14517,78
14518,114
14519,101
14520,46
14521,101
14522,101
14523,101
14524,79
14525,79
14526,33
14527,133
14528,74
14529,74
14530,133
14531,133
14532,133
14533,42
14534,133
14535,115
14536,42
14537,74
14538,119
14539,98
14540,98
14541,98
14542,2
14543,133
14544,2
14545,109
14546,133
14547,13
14548,13
14549,133
14550,4
14551,4
14552,46
14553,46
14554,12
14555,8
14556,8
14557,8
14558,8
14559,8
14560,8
14561,8
14562,8
14563,88
14564,6
14565,95
14566,118
14567,88
14568,72
14569,88
14570,65
14571,65
14572,46
14573,43
14574,43
14575,43
14576,43
14577,93
14578,30
14579,93
14580,93
14581,88
14582,35
14583,127
14584,127
14585,4
14586,4
14587,2
14588,2
14589,2
14590,2
14591,2
14592,2
14593,98
14594,134
14595,134
14596,27
14597,14
14598,14
14599,40
14600,29
14601,40
14602,15
14603,15
14604,14
14605,14
14606,14
14607,14
14608,14
14609,29
14610,29
14611,29
14612,29
14613,29
14614,29
14615,88
14616,88
14617,88
14618,88
14619,88
14620,111
14621,111
14622,126
14623,95
14624,14
14625,35
14626,46
14627,113
14628,95
14629,95
14630,95
14631,95
14632,95
14633,95
14634,95
14635,95
14636,95
14637,95
14638,6
14639,127
14640,81
14641,81
14642,81
14643,41
14644,41
14645,32
14646,32
14647,62
14648,9
14649,131
14650,9
14651,117
14652,113
14653,113
14654,113
14655,113
14656,23
14657,22
14658,22
14659,6
14660,6
14661,101
14662,101
14663,101
14664,101
14665,48
14666,8
14667,45
14668,12
14669,32
14670,32
14671,15
14672,15
14673,32
14674,32
14675,44
14676,15
14677,44
14678,15
14679,15
14680,15
14681,44
14682,15
14683,15
14684,44
14685,44
14686,124
14687,124
14688,124
14689,124
14690,124
14691,108
14692,108
14693,108
14694,108
14695,108
14696,108
14697,108
14698,108
14699,108
14700,115
14701,115
14702,115
14703,115
14704,115
14705,115
14706,115
14707,115
14708,115
14709,115
14710,115
14711,115
14712,54
14713,54
14714,115
14715,108
14716,108
14717,108
14718,108
14719,115
14720,115
14721,115
14722,115
14723,115
14724,54
14725,54
14726,115
14727,115
14728,115
14729,115
14730,115
14731,115
14732,116
14733,116
14734,116
14735,116
14736,34
14737,19
14738,19
14739,148
14740,148
14741,34
14742,30
14743,30
14744,93
14745,93
14746,93
14747,89
14748,18
14749,18
14750,18
14751,18
14752,0
14753,25
14754,25
14755,16
14756,95
14757,104
14758,104
14759,100
14760,3
14761,48
14762,48
14763,3
14764,3
14765,3
14766,3
14767,3
14768,3
14769,59
14770,59
14771,59
14772,59
14773,117
14774,100
14775,100
14776,100
14777,34
14778,43
14779,34
14780,34
14781,16
14782,16
14783,16
14784,34
14785,29
14786,48
14787,12
14788,34
14789,7
14790,7
14791,130
14792,130
14793,130
14794,130
14795,34
14796,29
14797,29
14798,34
14799,29
14800,29
14801,29
14802,35
14803,29
14804,29
14805,29
14806,23
14807,23
14808,23
14809,23
14810,30
14811,30
14812,35
14813,30
14814,83
14815,35
14816,83
14817,35
14818,24
14819,24
14820,35
14821,35
14822,35
14823,32
14824,35
14825,2
14826,2
14827,2
14828,31
14829,35
14830,35
14831,31
14832,82
14833,35
14834,126
14835,126
14836,35
14837,117
14838,51
14839,51
14840,51
14841,101
14842,80
14843,80
14844,80
14845,57
14846,66
14847,35
14848,66
14849,22
14850,126
14851,22
14852,121
14853,119
14854,99
14855,99
14856,99
14857,99
14858,99
14859,99
14860,119
14861,100
14862,100
14863,100
14864,100
14865,100
14866,100
14867,57
14868,119
14869,57
14870,57
14871,57
14872,57
14873,119
14874,119
14875,0
14876,0
14877,93
14878,119
14879,86
14880,119
14881,48
14882,101
14883,101
14884,109
14885,119
14886,109
14887,119
14888,87
14889,142
14890,142
14891,142
14892,142
14893,119
14894,93
14895,92
14896,16
14897,106
14898,106
14899,82
14900,82
14901,82
14902,119
14903,13
14904,13
14905,13
14906,95
14907,95
14908,119
14909,34
14910,34
14911,37
14912,37
14913,37
14914,37
14915,37
14916,37
14917,67
14918,67
14919,17
14920,17
14921,114
14922,114
14923,114
14924,114
14925,114
14926,90
14927,90
14928,90
14929,15
14930,44
14931,15
14932,70
14933,111
14934,90
14935,90
14936,90
14937,114
14938,114
14939,78
14940,90
14941,44
14942,15
14943,15
14944,67
14945,67
14946,67
14947,90
14948,19
14949,111
14950,19
14951,19
14952,19
14953,19
14954,19
14955,101
14956,101
14957,101
14958,101
14959,101
14960,101
14961,101
14962,73
14963,30
14964,30
14965,111
14966,30
14967,54
14968,54
14969,66
14970,66
14971,66
14972,130
14973,66
14974,66
14975,130
14976,66
14977,130
14978,130
14979,130
14980,130
14981,130
14982,111
14983,130
14984,130
14985,130
14986,130
14987,16
14988,16
14989,16
14990,16
14991,16
14992,16
14993,16
14994,16
14995,16
14996,16
14997,16
14998,16
14999,101
15000,16
15001,16
15002,101
15003,101
15004,111
15005,16
15006,101
15007,101
15008,101
15009,67
15010,67
15011,67
15012,67
15013,67
15014,146
15015,146
15016,67
15017,146
15018,67
15019,67
15020,67
15021,111
15022,111
15023,117
15024,111
15025,35
15026,35
15027,111
15028,34
15029,34
15030,111
15031,34
15032,34
15033,34
15034,34
15035,34
15036,34
15037,34
15038,34
15039,111
15040,34
15041,65
15042,65
15043,111
15044,90
15045,116
15046,111
15047,111
15048,77
15049,143
15050,111
15051,106
15052,106
15053,18
15054,18
15055,18
15056,18
15057,111
15058,44
15059,111
15060,27
15061,101
15062,101
15063,111
15064,101
15065,101
15066,111
15067,30
15068,30
15069,30
15070,111
15071,87
15072,87
15073,87
15074,87
15075,46
15076,111
15077,46
15078,46
15079,123
15080,123
15081,123
15082,46
15083,140
15084,140
15085,111
15086,107
15087,107
15088,57
15089,126
15090,126
15091,50
15092,126
15093,31
15094,31
15095,31
15096,31
15097,95
15098,57
15099,77
15100,21
15101,21
15102,122
15103,122
15104,122
15105,29
15106,74
15107,96
15108,96
15109,96
15110,96
15111,45
15112,12
15113,45
15114,12
15115,78
15116,50
15117,50
15118,14
15119,50
15120,50
15121,50
15122,50
15123,18
15124,18
15125,13
15126,13
15127,64
15128,57
15129,140
15130,140
15131,140
15132,140
15133,88
15134,26
15135,65
15136,43
15137,65
15138,43
15139,43
15140,43
15141,43
15142,43
15143,43
15144,43
15145,43
15146,87
15147,143
15148,143
15149,143
15150,143
15151,143
15152,0
15153,143
15154,143
15155,86
15156,86
15157,93
15158,93
15159,93
15160,93
15161,93
15162,93
15163,93
15164,93
15165,87
15166,87
15167,43
15168,43
15169,43
15170,43
15171,152
15172,43
15173,152
15174,92
15175,92
15176,86
15177,0
15178,86
15179,0
15180,0
15181,143
15182,102
15183,79
15184,74
15185,102
15186,52
15187,52
15188,52
15189,43
15190,43
15191,136
15192,13
15193,18
15194,18
15195,18
15196,18
15197,43
15198,43
15199,142
15200,142
15201,142
15202,142
15203,0
15204,9
15205,9
15206,51
15207,88
15208,88
15209,88
15210,88
15211,82
15212,82
15213,82
15214,70
15215,70
15216,100
15217,100
15218,100
15219,100
15220,100
15221,70
15222,49
15223,125
15224,80
15225,136
15226,39
15227,35
15228,22
15229,22
15230,22
15231,22
15232,119
15233,119
15234,119
15235,119
15236,144
15237,119
15238,144
15239,119
15240,144
15241,144
15242,144
15243,144
15244,144
15245,144
15246,83
15247,83
15248,111
15249,83
15250,111
15251,83
15252,111
15253,111
15254,111
15255,111
15256,144
15257,119
15258,119
15259,119
15260,119
15261,119
15262,22
15263,22
15264,22
15265,22
15266,66
15267,86
15268,54
15269,54
15270,33
15271,27
15272,27
15273,111
15274,111
15275,111
15276,33
15277,19
15278,19
15279,19
15280,19
15281,14
15282,47
15283,136
15284,85
15285,85
15286,85
15287,85
15288,85
15289,107
15290,107
15291,107
15292,21
15293,21
15294,14
15295,14
15296,14
15297,14
15298,40
15299,29
15300,29
15301,29
15302,29
15303,107
15304,107
15305,107
15306,107
15307,107
15308,107
15309,107
15310,107
15311,83
15312,50
15313,101
15314,50
15315,101
15316,101
15317,17
15318,17
15319,17
15320,105
15321,105
15322,105
15323,105
15324,105
15325,67
15326,67
15327,82
15328,82
15329,82
15330,136
15331,51
15332,51
15333,51
15334,51
15335,132
15336,132
15337,97
15338,80
15339,71
15340,81
15341,81
15342,81
15343,71
15344,130
15345,130
15346,85
15347,85
15348,71
15349,81
15350,82
15351,82
15352,82
15353,82
15354,82
15355,82
15356,106
15357,106
15358,14
15359,14
15360,14
15361,14
15362,9
15363,95
15364,99
15365,48
15366,8
15367,100
15368,100
15369,12
15370,12
15371,12
15372,12
15373,88
15374,122
15375,122
15376,89
15377,89
15378,135
15379,51
15380,51
15381,48
15382,8
15383,7
15384,80
15385,126
15386,126
15387,52
15388,34
15389,34
15390,34
15391,34
15392,54
15393,20
15394,20
15395,20
15396,20
15397,54
15398,20
15399,20
15400,20
15401,20
15402,20
15403,20
15404,20
15405,143
15406,20
15407,143
15408,143
15409,143
15410,143
15411,143
15412,143
15413,143
15414,143
15415,0
15416,20
15417,143
15418,54
15419,80
15420,80
15421,20
15422,54
15423,54
15424,54
15425,54
15426,42
15427,37
15428,37
15429,37
15430,37
15431,127
15432,127
15433,2
15434,2
15435,2
15436,29
15437,51
15438,51
15439,51
15440,90
15441,90
15442,90
15443,88
15444,88
15445,30
15446,30
15447,88
15448,88
15449,75
15450,14
15451,101
15452,101
15453,101
15454,101
15455,130
15456,130
15457,130
15458,130
15459,130
15460,130
15461,130
15462,130
15463,104
15464,130
15465,130
15466,130
15467,130
15468,104
15469,81
15470,81
15471,81
15472,81
15473,81
15474,81
15475,90
15476,82
15477,82
15478,82
15479,82
15480,82
15481,82
15482,82
15483,82
15484,82
15485,82
15486,82
15487,82
15488,82
15489,82
15490,82
15491,82
15492,82
15493,82
15494,20
15495,20
15496,20
15497,20
15498,113
15499,113
15500,144
15501,15
15502,95
15503,95
15504,95
15505,95
15506,95
15507,95
15508,95
15509,95
15510,95
15511,95
15512,95
15513,95
15514,95
15515,95
15516,95
15517,34
15518,34
15519,34
15520,99
15521,99
15522,99
15523,99
15524,99
15525,2
15526,82
15527,90
15528,5
15529,96
15530,96
15531,96
15532,96
15533,69
15534,86
15535,20
15536,143
15537,143
15538,143
15539,143
15540,143
15541,20
15542,143
15543,20
15544,143
15545,143
15546,87
15547,87
15548,87
15549,65
15550,65
15551,65
15552,65
15553,65
15554,65
15555,65
15556,20
15557,20
15558,20
15559,20
15560,20
15561,87
15562,65
15563,69
15564,69
15565,69
15566,90
15567,69
15568,69
15569,93
15570,69
15571,93
15572,93
15573,93
15574,93
15575,93
15576,93
15577,93
15578,93
15579,93
15580,93
15581,93
15582,93
15583,66
15584,93
15585,93
15586,93
15587,93
15588,93
15589,93
15590,93
15594,30
15595,93
15596,93
15597,93
15598,93
15599,66
15600,66
15601,95
15602,66
15603,66
15604,66
15605,66
15606,93
15607,93
15608,93
15609,93
15610,30
15611,30
15612,29
15613,29
15614,29
15615,57
15616,95
15617,123
15618,123
15619,7
15620,122
15621,122
15622,57
15623,31
15624,59
15625,19
15626,16
15627,16
15628,148
15629,37
15630,37
15631,43
15632,43
15633,7
15634,7
15635,7
15636,7
15637,7
15638,7
15639,7
15640,7
15641,48
15642,48
15643,3
15644,126
15645,134
15646,134
15647,134
15648,134
15649,134
15650,126
15651,95
15652,95
15653,95
15654,95
15655,26
15656,26
15657,53
15658,53
15659,81
15660,81
15661,81
15662,134
15663,134
15664,48
15665,48
15666,48
15667,82
15668,126
15669,0
15670,0
15671,0
15672,98
15673,98
15674,98
15675,70
15676,117
15677,5
15678,5
15679,5
15680,5
15681,5
15682,5
15683,5
15684,16
15685,123
15686,121
15687,121
15688,121
15689,121
15690,121
15691,121
15692,121
15693,5
15694,5
15695,121
15696,121
15697,121
15698,6
15699,14
15700,8
15701,8
15702,62
15703,123
15704,26
15705,26
15706,26
15707,82
15708,99
15709,99
15710,129
15711,129
15712,129
15713,138
15714,129
15715,123
15716,37
15717,37
15718,15
15719,15
15720,21
15721,2
15722,2
15723,2
15724,30
15725,30
15726,37
15727,37
15728,83
15729,62
15730,62
15731,18
15732,18
15733,58
15734,68
15735,71
15736,46
15737,46
15738,46
15739,17
15740,17
15741,17
15742,17
15743,103
15744,26
15745,26
15746,26
15747,5
15748,26
15749,102
15750,102
15751,102
15752,102
15753,102
15754,102
15755,102
15756,102
15757,133
15758,26
15759,26
15760,26
15761,26
15762,102
15763,80
15764,80
15765,80
15766,80
15767,80
15768,80
15769,8
15770,8
15771,5
15772,143
15773,143
15774,142
15775,99
15776,100
15777,100
15778,14
15779,99
15780,15
15781,99
15782,130
15783,35
15784,35
15785,59
15786,90
15787,90
15788,90
15789,90
15790,37
15791,37
15792,37
15793,37
15794,37
15795,116
15796,116
15797,90
15798,116
15799,116
15800,37
15801,144
15802,144
15803,144
15804,8
15805,8
15806,8
15807,8
15808,8
15809,8
15810,43
15811,43
15812,43
15813,43
15814,149
15815,149
15816,75
15817,40
15818,40
15819,41
15820,41
15821,41
15822,82
15823,82
15824,82
15825,82
15826,82
15827,82
15828,82
15829,82
15830,93
15831,93
15832,82
15833,82
15834,82
15835,93
15836,83
15837,126
15838,126
15839,93
15840,126
15841,127
15842,127
15843,142
15844,2
15845,2
15846,2
15847,2
15848,0
15849,0
15850,0
15851,80
15852,80
15853,0
15854,70
15855,70
15856,70
15857,67
15858,67
15859,67
15860,67
15861,67
15862,67
15863,80
15864,67
15865,67
15866,0
15867,0
15868,41
15869,41
15870,41
15871,41
15872,82
15873,50
15874,50
15875,37
15876,37
15877,37
15878,148
15879,148
15880,148
15881,90
15882,90
15883,90
15884,80
15885,7
15886,7
15887,7
15888,7
15889,80
15890,117
15891,55
15892,55
15893,57
15894,8
15895,8
15896,19
15897,19
15898,144
15899,144
15900,144
15901,14
15902,14
15903,29
15904,29
15905,29
15906,29
15907,107
15908,107
15909,107
15910,107
15911,107
15912,107
15913,107
15914,107
15915,107
15916,107
15917,107
15918,80
15919,107
15920,107
15921,130
15922,133
15923,133
15924,133
15925,133
15926,133
15927,88
15928,133
15929,133
15930,88
15931,133
15932,133
15933,118
15934,118
15935,118
15936,118
15937,81
15938,81
15939,41
15940,101
15941,99
15942,99
15943,18
15944,134
15945,20
15946,20
15947,20
15948,20
15949,20
15950,20
15951,20
15952,20
15953,20
15954,20
15955,20
15956,20
15957,20
15958,20
15959,20
15960,20
15961,20
15962,20
15963,20
15964,20
15965,143
15966,143
15967,143
15968,143
15969,143
15970,143
15971,143
15972,143
15973,143
15974,20
15975,20
15976,20
15977,20
15978,20
15979,143
15980,143
15981,143
15982,143
15983,53
15984,53
15985,116
15986,24
15987,83
15988,116
15989,14
15990,100
15991,100
15992,81
15993,81
15994,81
15995,81
15996,53
15997,53
15998,95
15999,5
16000,39
16001,39
16002,5
16003,113
16004,113
16005,113
16006,101
16007,143
16008,143
16009,34
16010,5
16011,34
16012,34
16013,34
16014,15
16015,29
16016,29
16017,40
16018,40
16019,40
16020,124
16021,124
16022,124
16023,124
16024,124
16025,124
16026,124
16027,124
16028,74
16029,97
16030,97
16031,97
16032,52
16033,52
16034,52
16035,52
16036,9
16037,16
16038,6
16039,6
16040,6
16041,6
16042,6
16043,6
16044,6
16045,6
16046,126
16047,54
16048,15
16049,15
16050,15
16051,15
16052,15
16053,15
16054,15
16055,15
16056,75
16057,16
16058,14
16059,121
16060,57
16061,57
16062,57
16063,53
16064,53
16065,53
16066,121
16067,57
16068,57
16069,39
16070,39
16071,39
16072,39
16073,121
16074,90
16075,49
16076,90
16077,15
16078,15
16079,121
16080,16
16081,16
16082,16
16083,106
16084,106
16085,106
16086,106
16087,113
16088,30
16089,30
16090,2
16091,2
16092,2
16093,2
16094,91
16095,91
16096,106
16097,42
16098,113
16099,15
16100,15
16101,43
16102,65
16103,111
16104,122
16105,122
16106,122
16107,122
16108,122
16109,51
16110,51
16111,65
16112,65
16113,2
16114,2
16115,70
16116,70
16117,82
16118,25
16119,15
16120,15
16121,25
16122,22
16123,103
16124,29
16125,29
16126,29
16127,13
16128,13
16129,13
16130,19
16131,19
16132,18
16133,35
16134,35
16135,5
16136,5
16137,13
16138,13
16139,116
16140,90
16141,90
16142,90
16143,90
16144,90
16145,111
16146,122
16147,70
16148,122
16149,122
16150,14
16151,14
16152,14
16153,14
16154,15
16155,14
16156,70
16157,70
16158,14
16159,2
16160,110
16161,104
16162,34
16163,143
16164,70
16165,153
16166,153
16167,153
16168,153
16169,153
16170,153
16171,153
16172,153
16173,153
16174,153
16175,153
16176,153
16177,153
16178,34
16179,43
16180,43
16181,97
16182,34
16183,34
16184,27
16185,126
16186,126
16187,95
16188,24
16189,24
16190,121
16191,5
16192,5
16193,92
16194,92
16195,70
16196,66
16197,66
16198,29
16199,29
16200,140
16201,140
16202,140
16203,140
16204,153
16205,153
16206,140
16207,140
16208,106
16209,106
16210,106
16211,58
16212,9
16213,9
16214,34
16215,43
16216,70
16217,62
16218,62
16219,62
16220,116
16221,116
16222,116
16223,116
16224,7
16225,7
16226,5
16227,5
16228,5
16229,5
16230,5
16231,5
16232,5
16233,62
16234,62
16235,62
16236,62
16237,18
16238,18
16239,18
16240,18
16241,18
16242,18
16243,18
16244,5
16245,5
16246,5
16247,5
16248,62
16249,62
16250,62
16251,62
16252,62
16253,62
16254,62
16255,62
16256,62
16257,18
16258,18
16259,18
16260,18
16261,18
16262,18
16263,18
16264,19
16265,19
16266,19
16267,19
16268,19
16269,8
16270,8
16271,8
16272,8
16273,8
16274,8
16275,18
16276,19
16277,19
16278,19
16279,8
16280,8
16281,8
16282,8
16283,4
16284,124
16285,124
16286,124
16287,124
16288,5
16289,5
16290,5
16291,5
16292,82
16293,27
16294,27
16295,27
16296,27
16297,27
16298,27
16299,27
16300,134
16301,27
16302,134
16303,134
16304,134
16305,134
16306,134
16307,134
16308,134
16309,134
16310,134
16311,134
16312,102
16313,102
16314,102
16315,102
16316,102
16317,102
16318,70
16319,26
16320,26
16321,26
16322,26
16323,26
16324,26
16325,26
16326,26
16327,26
16328,26
16329,102
16330,102
16331,102
16332,134
16333,134
16334,134
16335,134
16336,134
16337,27
16338,27
16339,27
16340,27
16341,27
16342,27
16343,34
16344,34
16345,34
16346,34
16347,25
16348,25
16349,25
16350,70
16351,112
16352,112
16353,99
16354,29
16355,126
16356,78
16357,78
16358,78
16359,78
16360,120
16361,120
16362,54
16363,7
16364,7
16365,7
16366,7
16367,7
16368,7
16369,7
16370,7
16371,7
16372,7
16373,7
16374,7
16375,7
16376,7
16377,7
16378,48
16379,7
16380,7
16381,7
16382,117
16383,117
16384,117
16385,88
16386,88
16387,2
16388,51
16389,113
16390,43
16391,43
16392,83
16393,15
16394,15
16395,83
16396,83
16397,121
16398,40
16399,53
16400,72
16401,72
16402,72
16403,134
16404,127
16405,127
16406,123
16407,123
16408,14
16409,123
16410,47
16411,47
16412,47
16413,72
16414,43
16415,85
16416,39
16417,39
16418,87
16419,121
16420,121
16421,80
16422,93
16423,105
16424,43
16425,120
16426,120
16427,82
16428,82
16429,71
16430,11
16431,26
16432,132
16433,81
16434,4
16435,82
16436,6
16437,20
16438,20
16439,20
16440,20
16441,20
16442,54
16443,54
16444,54
16445,20
16446,20
16447,119
16448,119
16449,119
16450,119
16451,105
16452,144
16453,144
16454,144
16455,144
16456,15
16457,15
16458,14
16459,14
16460,100
16461,14
16462,14
16463,14
16464,6
16465,6
16466,6
16467,6
16468,6
16469,6
16470,105
16471,116
16472,148
16473,148
16474,62
16475,105
16476,41
16477,41
16478,41
16479,2
16480,129
16481,120
16482,120
16483,88
16484,88
16485,88
16486,88
16487,133
16488,26
16489,26
16490,26
16491,26
16492,26
16493,105
16494,105
16495,103
16496,103
16497,103
16498,103
16499,103
16500,103
16501,103
16502,2
16503,16
16504,16
16505,106
16506,16
16507,106
16508,123
16509,123
16510,34
16511,29
16512,105
16513,21
16514,21
16515,21
16516,21
16517,91
16518,91
16519,71
16520,66
16521,52
16522,149
16523,149
16524,149
16525,21
16526,24
16527,24
16528,24
16529,45
16530,45
16531,70
16532,70
16533,70
16534,29
16535,29
16536,107
16537,122
16538,122
16539,105
16540,71
16541,124
16542,40
16543,40
16544,105
16545,21
16546,121
16547,67
16548,88
16549,1
16550,108
16551,7
16552,47
16553,47
16554,47
16555,47
16556,47
16557,47
16558,144
16559,45
16560,83
16561,111
16562,111
16563,48
16564,58
16565,105
16566,30
16567,31
16568,40
16569,40
16570,21
16571,21
16572,21
16573,21
16574,21
16575,21
16576,21
16577,48
16578,15
16579,40
16580,40
16581,89
16582,89
16583,89
16584,89
16585,151
16586,151
16587,151
16588,151
16589,151
16590,48
16591,48
16592,48
16593,19
16594,19
16595,19
16596,19
16597,48
16598,19
16599,19
16600,71
16601,105
16602,25
16603,34
16604,57
16605,57
16606,57
16607,29
16608,29
16609,101
16610,46
16611,46
16612,100
16613,100
16614,99
16615,70
16616,70
16617,70
16618,70
16619,70
16620,99
16621,99
16622,99
16623,99
16624,90
16625,59
16626,5
16627,5
16628,121
16629,121
16630,121
16631,121
16632,6
16633,46
16634,29
16635,63
16636,95
16637,57
16638,25
16639,39
16640,39
16641,82
16642,82
16643,82
16644,138
16645,74
16646,74
16647,74
16648,74
16649,74
16650,39
16651,119
16652,94
16653,100
16654,100
16655,81
16656,50
16657,50
16658,50
16659,50
16660,83
16661,83
16662,83
16663,83
16664,17
16665,130
16666,95
16667,124
16668,124
16669,34
16670,32
16671,32
16672,48
16673,48
16674,48
16675,48
16676,48
16677,66
16678,66
16679,91
16680,39
16681,39
16682,30
16683,91
16684,91
16685,26
16686,134
16687,14
16688,14
16689,144
16690,29
16691,5
16692,5
16693,27
16694,44
16695,100
16696,99
16697,100
16698,99
16699,142
16700,142
16701,142
16702,93
16703,5
16704,5
16705,2
16706,2
16707,21
16708,0
16709,0
16710,95
16711,57
16712,66
16713,21
16714,102
16715,113
16716,113
16717,33
16718,33
16719,33
16720,33
16721,29
16722,29
16723,16
16724,16
16725,16
16726,16
16727,81
16728,81
16729,83
16730,29
16731,29
16732,107
16733,121
16734,81
16735,19
16736,51
16737,51
16738,140
16739,140
16740,12
16741,12
16742,23
16743,23
16744,23
16745,23
16746,119
16747,119
16748,144
16749,144
16750,34
16751,34
16752,34
16753,34
16754,34
16755,44
16756,90
16757,113
16758,113
16759,37
16760,128
16761,40
16762,98
16763,57
16764,57
16765,57
16766,14
16767,95
16768,95
16769,95
16770,19
16771,18
16772,45
16773,48
16774,48
16775,48
16776,106
16777,40
16778,106
16779,122
16780,2
16781,2
16782,127
16783,127
16784,127
16785,127
16786,127
16787,127
16788,71
16789,71
16790,124
16791,124
16792,48
16793,5
16794,123
16795,30
16796,19
16797,101
16798,14
16799,14
16800,14
16801,14
16802,132
16803,121
16804,121
16805,103
16806,67
16807,67
16808,37
16809,37
16810,121
16811,106
16812,106
16813,106
16814,142
16815,14
16816,90
16819,50
16820,50
16821,50
16822,50
16823,49
16824,49
16825,70
16826,71
16827,106
16828,106
16829,106
16830,1
16831,1
16832,1
16833,4
16834,4
16835,4
16836,4
16837,41
16838,41
16839,41
16840,41
16841,41
16842,122
16843,122
16844,83
16845,39
16846,39
16847,39
16848,39
16849,31
16850,31
16851,13
16852,13
16853,64
16854,13
16855,13
16856,13
16857,64
16858,64
16859,64
16860,64
16861,64
16862,64
16863,64
16864,64
16865,28
16866,64
16867,28
16868,28
16869,28
16870,28
16871,28
16872,28
16873,28
16874,28
16875,28
16876,28
16877,28
16878,28
16879,28
16880,28
16881,28
16882,73
16883,85
16884,85
16885,21
16886,21
16887,28
16888,28
16889,28
16890,63
16891,28
16892,63
16893,63
16894,63
16895,63
16896,64
16897,13
16898,70
16899,70
16900,15
16901,15
16902,90
16903,17
16904,17
16905,17
16906,95
16907,95
16908,95
16909,95
16910,95
16911,95
16912,95
16913,95
16914,95
16915,34
16916,25
16917,70
16918,70
16919,25
16920,95
16921,25
16922,34
16923,25
16924,25
16925,34
16926,34
16927,15
16928,15
16929,15
16930,2
16931,82
16932,114
16933,114
16934,114
16935,114
16936,114
16937,114
16938,114
16939,5
16940,63
16941,70
16942,70
16943,70
16944,70
16945,70
16946,70
16947,70
16948,70
16949,70
16950,70
16951,27
16952,70
16953,27
16954,17
16955,78
16956,35
16957,68
16958,68
16959,23
16960,22
16961,1
16962,37
16963,119
16964,35
16965,35
16966,35
16967,122
16968,37
16969,82
16970,82
16971,82
16972,54
16973,74
16974,74
16975,33
16976,99
16977,14
16978,127
16979,93
16980,93
16981,31
16982,23
16983,23
16984,23
16985,23
16986,6
16987,6
16988,6
16989,126
16990,17
16991,17
16992,17
16993,17
16994,16
16995,16
16996,113
16997,113
16998,113
16999,113
17000,113
17001,113
17002,34
17003,34
17004,4
17005,4
17006,39
17007,39
17008,48
17009,22
17010,22
17011,48
17012,19
17013,18
17014,18
17015,18
17016,18
17017,129
17018,40
17019,129
17020,129
17021,129
17022,37
17023,37
17024,129
17025,37
17026,74
17027,74
17028,74
17029,74
17030,21
17031,21
17032,127
17033,129
17034,14
17035,129
17036,34
17037,34
17038,20
17039,20
17040,52
17041,41
17042,30
17043,30
17044,30
17045,30
17046,30
17047,115
17048,40
17049,40
17050,40
17051,82
17052,16
17053,9
17054,117
17055,71
17056,71
17057,71
17058,71
17059,57
17060,115
17061,152
17062,152
17063,152
17064,152
17065,28
17066,72
17067,28
17068,1
17069,1
17070,16
17071,16
17072,40
17073,40
17074,40
17075,54
17076,69
17077,43
17078,65
17079,127
17080,48
17081,132
17082,132
17083,132
17084,132
17085,132
17086,132
17087,132
17088,63
17089,63
17090,5
17091,5
17092,6
17093,100
17094,14
17095,14
17096,14
17097,140
17098,140
17099,55
17100,130
17101,80
17102,52
17103,52
17104,52
17105,52
17106,21
17107,21
17108,29
17109,100
17110,90
17111,90
17112,90
17113,52
17114,52
17115,52
17116,52
17117,97
17118,6
17119,132
17120,132
17121,63
17122,66
17123,63
17124,9
17125,65
17126,43
17127,19
17128,19
17129,19
17130,82
17131,72
17132,72
17133,72
17134,133
17135,133
17136,27
17137,70
17138,70
17139,133
17140,133
17141,133
17142,5
17143,152
17144,152
17145,78
17146,67
17147,67
17148,76
17149,4
17150,129
17151,100
17152,100
17153,70
17154,70
17155,70
17156,44
17157,4
17158,4
17159,100
17160,129
17161,100
17162,100
17163,100
17164,15
17165,121
17166,71
17167,67
17168,17
17169,55
17170,55
17171,23
17172,144
17173,144
17174,144
17175,144
17176,12
17177,12
17178,12
17179,12
17180,18
17181,18
17182,33
17183,33
17184,33
17185,18
17186,18
17187,18
17188,18
17189,18
17190,18
17191,18
17192,18
17193,39
17194,18
17195,18
17196,18
17197,12
17198,12
17199,45
17200,45
17201,45
17202,45
17203,48
17204,48
17205,5
17206,23
17207,144
17208,144
17209,144
17210,119
17211,119
17212,122
17213,122
17214,33
17215,33
17216,122
17217,4
17218,2
17219,2
17220,41
17221,41
17222,41
17223,41
17224,41
17225,41
17226,2
17227,82
17228,82
17229,82
17230,82
17231,82
17232,82
17233,82
17234,82
17235,82
17236,82
17237,82
17238,82
17239,82
17240,59
17241,59
17242,82
17243,82
17244,82
17245,82
17246,25
17247,31
17248,31
17249,31
17250,4
17251,2
17252,2
17253,2
17254,2
17255,2
17256,2
17257,82
17258,82
17259,82
17260,130
17261,66
17262,66
17263,66
17264,122
17265,122
17266,66
17267,66
17268,66
17269,142
17270,142
17271,142
17272,30
17273,122
17274,30
17275,58
17276,68
17277,68
17278,68
17279,130
17280,66
17281,66
17282,142
17283,66
17284,142
17285,142
17286,142
17287,142
17288,142
17289,87
17290,87
17291,58
17292,68
17293,68
17294,68
17295,83
17296,83
17297,83
17298,98
17299,70
17300,57
17301,65
17302,66
17303,66
17304,66
17305,66
17306,66
17307,66
17308,15
17309,153
17310,78
17311,62
17312,62
17313,18
17314,62
17315,18
17316,71
17317,138
17318,121
17319,19
17320,19
17321,51
17322,98
17323,87
17324,33
17325,33
17326,2
17327,2
17328,2
17329,2
17330,2
17331,25
17332,119
17333,70
17334,99
17335,44
17336,15
17337,90
17338,62
17339,62
17340,81
17341,81
17342,41
17343,81
17344,82
17345,81
17346,81
17347,131
17348,131
17349,15
17350,15
17351,131
17352,81
17353,81
17354,4
17355,4
17356,4
17357,2
17358,2
17359,2
17360,2
17361,2
17362,101
17363,101
17364,90
17365,82
17366,133
17367,41
17368,41
17369,41
17370,41
17371,41
17372,2
17373,82
17374,82
17375,128
17376,130
17377,15
17378,44
17379,2
17380,2
17381,2
17382,41
17383,127
17384,47
17385,47
17386,127
17387,57
17388,54
17389,54
17390,54
17391,0
17392,0
17393,0
17394,47
17395,47
17396,3
17397,1
17398,1
17399,54
17400,0
17401,0
17402,0
17403,0
17404,63
17405,63
17406,63
17407,63
17408,127
17409,127
17410,114
17411,114
17412,135
17413,18
17414,130
17415,130
17416,130
17417,130
17418,130
17419,130
17420,130
17421,114
17422,111
17423,5
17424,5
17425,123
17426,69
17427,125
17428,125
17429,125
17430,125
17431,125
17432,125
17433,125
17434,125
17435,125
17436,32
17437,32
17438,114
17439,116
17440,62
17441,151
17442,89
17443,123
17444,123
17445,77
17446,123
17447,76
17448,123
17449,123
17450,123
17451,123
17452,123
17453,123
17454,114
17455,15
17456,37
17457,20
17458,20
17459,20
17460,123
17461,123
17462,123
17463,15
17464,99
17465,99
17466,99
17467,123
17468,57
17469,25
17470,25
17471,123
17472,127
17473,123
17474,132
17475,132
17476,132
17477,106
17478,106
17479,106
17480,106
17481,100
17482,100
17483,19
17484,19
17485,123
17486,123
17487,16
17488,49
17489,49
17490,49
17491,49
17492,67
17493,17
17494,17
17495,17
17496,101
17497,101
17498,101
17499,101
17500,78
17501,78
17502,123
17503,17
17504,17
17505,101
17506,101
17507,101
17508,101
17509,123
17510,101
17511,123
17512,123
17513,127
17514,129
17515,15
17516,32
17517,132
17518,113
17519,113
17520,113
17521,113
17522,113
17523,113
17524,113
17525,113
17526,113
17527,4
17528,82
17529,82
17530,35
17531,90
17532,149
17533,149
17534,52
17535,123
17536,123
17537,52
17538,52
17539,54
17540,46
17541,46
17542,21
17543,52
17544,52
17545,52
17546,22
17547,22
17548,71
17549,71
17550,71
17551,74
17552,71
17553,74
17554,71
17555,74
17556,74
17557,74
17558,124
17559,100
17560,71
17561,52
17562,76
17563,96
17564,96
17565,52
17566,52
17567,135
17568,135
17569,135
17570,123
17571,89
17572,89
17573,123
17574,89
17575,76
17576,96
17577,96
17578,52
17579,52
17580,52
17581,89
17582,90
17583,121
17584,55
17585,55
17586,55
17587,55
17588,65
17589,65
17590,65
17591,65
17592,65
17593,55
17594,65
17595,65
17596,65
17597,65
17598,95
17599,95
17600,71
17601,124
17602,23
17603,126
17604,126
17605,21
17606,21
17607,21
17608,90
17609,49
17610,39
17611,114
17612,34
17613,34
17614,34
17615,66
17616,90
17617,63
17618,63
17619,123
17620,73
17621,90
17622,90
17623,90
17624,90
17625,90
17626,116
17627,116
17628,123
17629,114
17630,114
17631,114
17632,114
17633,114
17634,116
17635,116
17636,116
17637,116
17638,116
17639,116
17640,116
17641,114
17642,114
17643,114
17644,80
17645,80
17646,80
17647,48
17648,48
17649,14
17650,21
17651,21
17652,47
17653,83
17654,21
17655,83
17656,111
17657,111
17658,111
17659,47
17660,47
17661,21
17662,95
17663,130
17664,130
17665,130
17666,1
17667,58
17668,21
17669,67
17670,88
17671,88
17672,88
17673,89
17674,89
17675,151
17676,151
17677,151
17678,151
17679,151
17680,151
17681,151
17682,151
17683,151
17684,151
17685,151
17686,151
17687,151
17688,151
17689,151
17690,151
17691,151
17692,151
17693,151
17694,151
17695,151
17696,43
17697,15
17698,95
17699,34
17700,35
17701,35
17702,122
17703,44
17704,44
17705,44
17706,7
17707,24
17708,7
17710,32
17711,14
17712,24
17713,57
17714,24
17715,82
17716,51
17717,140
17718,140
17719,140
17720,140
17721,4
17722,14
17723,24
17724,48
17725,48
17726,48
17727,37
17728,37
17729,50
17730,130
17731,130
17732,40
17733,40
17734,40
17735,40
17736,94
17737,50
17738,50
17739,50
17740,40
17741,29
17742,15
17743,37
17744,37
17745,54
17746,54
17747,20
17748,20
17749,20
17750,13
17751,15
17752,15
17753,15
17754,15
17755,15
17756,13
17757,74
17758,74
17759,74
17760,74
17761,17
17762,17
17763,106
17764,106
17765,106
17766,106
17767,106
17768,106
17769,106
17770,106
17771,64
17772,64
17773,67
17774,67
17775,106
17776,106
17777,106
17778,106
17779,113
17780,16
17781,34
17782,32
17783,32
17784,3
17785,34
17786,44
17787,44
17788,44
17789,44
17790,33
17791,33
17792,97
17793,97
17794,97
17795,97
17796,66
17797,66
17798,133
17799,88
17800,32
17801,32
17802,52
17803,100
17804,100
17805,100
17806,81
17807,4
17808,91
17809,91
17810,14
17811,51
17812,39
17813,39
17814,52
17815,52
17816,52
17817,52
17818,44
17819,44
17820,44
17821,44
17822,44
17823,136
17824,5
17825,14
17826,19
17827,105
17828,19
17829,19
17830,14
17831,19
17832,19
17833,19
17834,19
17835,19
17836,19
17837,14
17838,72
17839,72
17840,72
17841,105
17842,14
17843,122
17844,122
17845,122
17846,122
17847,39
17848,39
17849,39
17850,39
17851,39
17852,39
17853,39
17854,39
17855,14
17856,35
17857,39
17858,14
17859,39
17860,39
17861,0
17862,0
17863,14
17864,32
17865,32
17866,32
17867,32
17868,48
17869,48
17870,48
17871,48
17872,48
17873,32
17874,32
17875,32
17876,32
17877,32
17878,32
17879,0
17880,52
17881,52
17882,39
17883,52
17884,52
17885,2
17886,2
17887,18
17888,18
17889,42
17890,70
17891,95
17892,95
17893,90
17894,90
17895,70
17896,19
17897,70
17898,103
17899,103
17900,5
17901,39
17902,70
17903,70
17904,32
17905,132
17906,71
17907,74
17908,74
17909,74
17910,74
17911,74
17912,74
17913,97
17914,97
17915,52
17916,52
17917,52
17918,70
17919,52
17920,52
17921,149
17922,149
17923,95
17924,52
17925,74
17926,74
17927,124
17928,132
17929,95
17930,152
17931,65
17932,22
17933,95
17934,22
17935,23
17936,22
17937,22
17938,22
17939,35
17940,33
17941,33
17942,23
17943,95
17944,15
17945,95
17946,95
17947,71
17948,39
17949,95
17950,70
17951,75
17952,21
17953,33
17954,1
17955,95
17956,95
17957,48
17958,48
17959,14
17960,14
17961,14
17962,14
17963,14
17964,14
17965,95
17966,75
17967,75
17968,63
17969,28
17970,28
17971,28
17972,28
17973,16
17974,16
17975,16
17976,16
17977,95
17978,16
17979,16
17980,16
17981,16
17982,101
17983,91
17984,91
17985,18
17986,18
17987,62
17988,95
17989,107
17990,47
17991,33
17992,33
17993,47
17994,47
17995,116
17996,30
17997,47
17998,47
17999,7
18000,7
18001,7
18002,7
18003,72
18004,72
18005,47
18006,47
18007,72
18008,7
18009,48
18010,48
18011,48
18012,130
18013,66
18014,66
18015,47
18016,72
18017,85
18018,47
18019,129
18020,37
18021,1
18022,1
18023,101
18024,47
18025,16
18026,47
18027,55
18028,55
18029,55
18030,55
18031,55
18032,55
18033,55
18034,152
18035,152
18036,152
18037,152
18038,55
18039,55
18040,55
18041,55
18042,55
18043,109
18044,109
18045,141
18046,141
18047,141
18048,141
18049,141
18050,152
18051,152
18052,152
18053,152
18054,141
18055,141
18056,141
18057,141
18058,141
18059,141
18060,141
18061,141
18062,141
18063,141
18064,141
18065,152
18066,152
18067,152
18068,152
18069,152
18070,152
18071,152
18072,47
18073,152
18074,152
18075,152
18076,152
18077,152
18078,141
18079,141
18080,55
18081,55
18082,55
18083,141
18084,141
18085,152
18086,152
18087,152
18088,55
18089,141
18090,55
18091,141
18092,55
18093,55
18094,55
18095,55
18096,55
18097,55
18098,152
18099,152
18100,152
18101,152
18102,141
18103,55
18104,141
18105,141
18106,55
18107,141
18108,141
18109,141
18110,141
18111,141
18112,141
18113,141
18114,109
18115,55
18116,152
18117,152
18118,152
18119,65
18120,152
18121,152
18122,141
18123,141
18124,141
18125,55
18126,55
18127,55
18128,141
18129,141
18130,141
18131,141
18132,141
18133,141
18134,141
18135,141
18136,152
18137,152
18138,152
18139,141
18140,141
18141,141
18142,141
18143,141
18144,141
18145,141
18146,141
18147,101
18148,55
18149,55
18150,152
18151,152
18152,152
18153,152
18154,141
18155,152
18156,152
18157,152
18158,152
18159,152
18160,55
18161,55
18162,55
18163,55
18164,141
18165,55
18166,55
18167,55
18168,55
18169,55
18170,55
18171,152
18172,152
18173,152
18174,141
18175,55
18176,55
18177,55
18178,152
18179,152
18180,152
18181,141
18182,141
18183,141
18184,65
18185,55
18186,55
18187,152
18188,152
18189,141
18190,141
18191,55
18192,55
18193,141
18194,152
18195,152
18196,152
18197,141
18198,141
18199,141
18200,55
18201,55
18202,101
18203,55
18204,109
18205,65
18206,152
18207,152
18208,152
18209,152
18210,152
18211,152
18212,152
18213,152
18214,152
18215,152
18216,152
18217,152
18218,118
18219,118
18220,152
18221,152
18222,152
18223,152
18224,152
18225,152
18226,118
18227,152
18228,152
18229,152
18230,152
18231,152
18232,152
18233,152
18234,152
18235,152
18236,118
18237,152
18238,152
18239,152
18240,152
18241,152
18242,152
18243,152
18244,152
18245,152
18246,152
18247,118
18248,152
18249,152
18250,152
18251,11
18252,11
18253,55
18254,55
18255,141
18256,55
18257,55
18258,55
18259,141
18260,55
18261,141
18262,55
18263,55
18264,55
18265,55
18266,55
18267,118
18268,141
18269,141
18270,141
18271,141
18272,55
18273,55
18274,55
18275,55
18276,55
18277,55
18278,55
18279,152
18280,152
18281,152
18282,152
18283,118
18284,152
18285,152
18286,152
18287,152
18288,152
18289,152
18290,152
18291,152
18292,152
18293,152
18294,118
18295,152
18296,152
18297,152
18298,11
18299,152
18300,152
18301,152
18302,152
18303,152
18304,152
18305,152
18306,118
18307,152
18308,152
18309,154
18310,154
18311,154
18312,55
18313,55
18314,118
18315,55
18316,55
18317,55
18318,55
18319,55
18320,152
18321,118
18322,154
18323,154
18324,118
18325,154
18326,154
18327,154
18328,154
18329,154
18330,154
18331,154
18332,154
18333,118
18334,154
18335,154
18336,154
18337,80
18338,152
18339,152
18340,152
18341,152
18342,152
18343,152
18344,80
18345,152
18346,152
18347,152
18348,152
18349,152
18350,152
18351,109
18352,109
18353,80
18354,55
18355,55
18356,55
18357,55
18358,80
18359,152
18360,152
18361,152
18362,80
18363,65
18364,65
18365,65
18366,65
18367,80
18368,152
18369,152
18370,152
18371,154
18372,154
18373,152
18374,154
18375,154
18376,154
18377,80
18378,152
18379,152
18380,65
18381,65
18382,65
18383,65
18384,55
18385,55
18386,109
18387,55
18388,55
18389,55
18390,55
18391,80
18392,78
18393,152
18394,80
18395,65
18396,65
18397,152
18398,152
18399,152
18400,152
18401,65
18402,152
18403,152
18404,152
18405,80
18406,152
18407,152
18408,141
18409,141
18410,141
18411,152
18412,152
18413,65
18414,65
18415,65
18416,80
18417,80
18418,152
18419,152
18420,152
18421,80
18422,141
18423,141
18424,152
18425,152
18426,109
18427,141
18428,141
18429,80
18430,109
18431,109
18432,109
18433,80
18434,55
18435,152
18436,152
18437,154
18438,154
18439,154
18440,55
18441,55
18442,65
18443,65
18444,65
18445,55
18446,118
18447,65
18448,65
18449,118
18450,141
18451,152
18452,152
18453,118
18454,152
18455,118
18456,152
18457,154
18458,118
18459,55
18460,55
18461,55
18462,55
18463,152
18464,65
18465,65
18466,65
18467,65
18468,152
18469,152
18470,152
18471,152
18472,152
18473,152
18474,118
18475,152
18476,152
18477,152
18478,152
18479,152
18480,152
18481,118
18482,152
18483,152
18484,141
18485,154
18486,154
18487,154
18488,118
18489,118
18490,118
18491,118
18492,152
18493,118
18494,55
18495,118
18496,141
18497,141
18498,141
18499,141
18500,141
18501,141
18502,152
18503,152
18504,154
18505,154
18506,154
18507,152
18508,152
18509,141
18510,152
18511,152
18512,141
18513,141
18514,154
18515,154
18516,152
18517,118
18518,154
18519,55
18520,65
18521,65
18522,118
18523,55
18524,55
18525,118
18526,118
18527,55
18528,141
18529,141
18530,141
18531,27
18532,154
18533,154
18534,154
18535,154
18536,154
18537,65
18538,152
18539,152
18540,152
18541,152
18542,152
18543,27
18544,154
18545,65
18546,65
18547,27
18548,27
18549,141
18550,141
18551,154
18552,154
18553,55
18554,55
18555,55
18556,55
18557,55
18558,123
18559,55
18560,55
18561,55
18562,55
18563,55
18564,152
18565,152
18566,152
18567,152
18568,55
18569,152
18570,55
18571,55
18572,55
18573,152
18574,154
18575,141
18576,141
18577,152
18578,152
18579,152
18580,70
18581,100
18582,100
18583,100
18584,15
18585,14
18586,101
18587,101
18588,40
18589,40
18590,0
18591,0
18592,0
18593,0
18594,0
18595,0
18596,0
18597,0
18598,0
18599,0
18600,0
18601,0
18602,0
18603,57
18604,71
18605,71
18606,71
18607,71
18608,40
18609,40
18610,40
18611,40
18612,40
18613,40
18614,52
18615,52
18616,0
18617,1
18618,67
18619,99
18620,0
18621,0
18622,0
18623,0
18624,0
18625,49
18626,49
18627,49
18628,49
18629,15
18630,15
18631,15
18632,15
18633,15
18634,15
18635,15
18636,133
18637,133
18638,133
18639,133
18640,133
18641,133
18642,133
18643,133
18644,133
18645,133
18646,21
18647,89
18648,89
18649,89
18650,89
18651,89
18652,89
18653,89
18654,89
18655,89
18656,89
18657,89
18658,89
18659,89
18660,89
18661,133
18662,133
18663,25
18664,25
18665,15
18666,15
18667,15
18668,15
18669,15
18670,15
18671,44
18672,87
18673,87
18674,20
18675,20
18676,55
18677,117
18678,117
18679,47
18680,46
18681,46
18682,46
18683,46
18684,46
18685,46
18686,123
18687,123
18688,123
18689,123
18690,123
18691,123
18692,135
18693,135
18694,135
18695,135
18696,52
18697,52
18698,103
18699,20
18700,20
18701,80
18702,80
18703,37
18704,37
18705,37
18706,110
18707,110
18708,37
18709,37
18710,37
18711,140
18712,140
18713,140
18714,140
18715,11
18716,76
18717,14
18718,62
18719,30
18723,30
18724,30
18725,30
18726,49
18727,101
18728,101
18729,68
18730,131
18731,0
18732,112
18733,0
18734,0
18735,63
18736,73
18737,73
18738,73
18739,136
18740,136
18741,136
18742,136
18743,136
18744,74
18745,74
18746,103
18747,40
18748,40
18749,63
18750,6
18751,14
18752,14
18753,14
18754,40
18755,40
18756,40
18757,40
18758,40
18759,40
18760,40
18761,40
18762,40
18763,40
18764,40
18765,25
18766,40
18767,40
18768,26
18769,78
18770,78
18771,78
18772,78
18773,80
18774,80
18775,115
18776,115
18777,115
18778,115
18779,115
18780,115
18781,115
18782,115
18783,115
18784,78
18785,78
18786,78
18787,80
18788,80
18789,78
18790,78
18791,80
18792,80
18793,80
18794,80
18795,80
18796,80
18797,80
18798,133
18799,133
18800,133
18801,102
18802,80
18803,80
18804,133
18805,133
18806,133
18807,133
18808,133
18809,133
18810,133
18811,108
18812,108
18813,108
18814,108
18815,108
18816,108
18817,80
18818,80
18819,80
18820,80
18821,80
18822,80
18823,108
18824,80
18825,80
18826,80
18827,80
18828,80
18829,80
18830,80
18831,80
18832,114
18833,80
18834,80
18835,80
18836,114
18837,80
18838,30
18839,30
18840,30
18841,30
18842,30
18843,30
18844,30
18845,30
18846,30
18847,30
18848,30
18849,125
18850,50
18851,90
18852,14
18853,99
18854,99
18855,99
18856,70
18857,98
18858,98
18859,98
18860,98
18861,70
18862,70
18863,99
18864,99
18865,99
18866,98
18867,98
18868,99
18869,99
18870,99
18871,70
18872,99
18873,27
18874,70
18875,70
18876,70
18877,70
18878,70
18879,70
18880,70
18881,70
18882,70
18883,70
18884,44
18885,100
18886,100
18887,44
18888,44
18889,44
18890,44
18891,44
18892,44
18893,27
18894,129
18895,26
18896,40
18897,40
18898,40
18899,40
18900,40
18901,141
18902,152
18903,123
18904,123
18905,1
18906,1
18907,105
18908,1
18909,105
18910,105
18911,105
18912,109
18913,109
18914,109
18915,124
18916,88
18917,124
18918,141
18919,65
18920,65
18921,109
18922,109
18923,109
18924,151
18925,151
18926,88
18927,89
18928,151
18929,151
18930,151
18931,151
18932,89
18933,151
18934,151
18935,89
18936,88
18937,151
18938,151
18939,151
18940,133
18941,133
18942,133
18943,133
18944,133
18945,133
18946,133
18947,133
18948,133
18949,135
18950,46
18951,46
18952,48
18953,46
18954,2
18955,2
18956,2
18957,140
18958,140
18959,65
18960,48
18961,67
18962,67
18963,67
18964,48
18965,67
18966,67
18967,0
18968,152
18969,141
18970,152
18971,152
18972,152
18973,152
18974,152
18975,140
18976,140
18977,140
18978,140
18979,140
18980,48
18981,140
18982,140
18983,140
18984,117
18985,117
18986,76
18987,76
18988,76
18989,76
18990,76
18991,48
18992,4
18993,4
18994,4
18995,42
18996,42
18997,48
18998,42
18999,4
19000,4
19001,4
19002,42
19003,42
19004,42
19005,4
19006,42
19007,74
19008,97
19009,97
19010,42
19011,4
19012,129
19013,4
19014,129
19015,42
19016,42
19017,42
19018,42
19019,4
19020,48
19021,124
19022,90
19023,90
19024,90
19025,15
19026,15
19027,90
19028,90
19029,90
19030,48
19031,90
19032,90
19033,15
19034,15
19035,15
19036,90
19037,90
19038,90
19039,90
19040,90
19041,15
19042,15
19043,90
19044,90
19045,15
19046,15
19047,15
19048,90
19049,90
19050,90
19051,48
19052,90
19053,90
19054,15
19055,90
19056,48
19057,90
19058,90
19059,15
19060,15
19061,90
19062,90
19063,90
19064,48
19065,90
19066,90
19067,90
19068,90
19069,90
19070,90
19071,90
19072,90
19073,90
19074,90
19075,90
19076,90
19077,48
19078,108
19079,33
19080,85
19081,73
19082,85
19083,54
19084,54
19085,54
19086,54
19087,54
19088,54
19089,54
19090,54
19091,48
19092,69
19093,69
19094,69
19095,30
19096,93
19097,30
19098,93
19099,30
19100,30
19101,69
19102,69
19103,69
19104,69
19105,69
19106,69
19107,69
19108,30
19109,69
19110,69
19111,93
19112,48
19113,69
19114,69
19115,69
19116,69
19117,69
19118,69
19119,69
19120,69
19121,69
19122,93
19123,69
19124,69
19125,48
19126,69
19127,30
19128,130
19129,110
19130,110
19131,110
19132,110
19133,110
19134,110
19135,110
19136,48
19137,110
19138,110
19139,48
19140,16
19141,54
19142,100
19143,100
19144,100
19145,133
19146,133
19147,5
19148,48
19149,5
19150,14
19151,44
19152,44
19153,44
19154,44
19155,44
19156,44
19157,44
19158,44
19159,44
19160,44
19161,48
19162,87
19163,44
19164,44
19165,48
19166,19
19167,19
19168,48
19169,48
19170,19
19171,19
19172,19
19173,48
19174,48
19175,0
19176,0
19177,116
19178,116
19179,125
19180,116
19181,116
19182,48
19183,116
19184,125
19185,125
19186,125
19187,125
19188,48
19189,125
19190,125
19191,125
19192,125
19193,116
19194,116
19195,116
19196,116
19197,116
19198,116
19199,63
19200,63
19201,63
19202,63
19203,63
19204,63
19205,28
19206,28
19207,28
19208,63
19209,63
19210,48
19211,48
19212,11
19213,11
19214,48
19215,123
19216,123
19217,123
19218,123
19219,123
19220,89
19221,73
19222,73
19223,134
19224,48
19225,134
19226,54
19227,54
19228,54
19229,20
19230,20
19231,54
19232,54
19233,54
19234,54
19235,20
19236,20
19237,20
19238,48
19239,48
19240,133
19241,133
19242,118
19243,118
19244,118
19245,118
19246,118
19247,118
19248,118
19249,118
19250,118
19251,118
19252,118
19253,118
19254,118
19255,88
19256,48
19257,133
19258,133
19259,133
19260,133
19261,133
19262,133
19263,118
19264,118
19265,118
19266,133
19267,118
19268,118
19269,48
19270,118
19271,118
19272,133
19273,48
19274,118
19275,125
19276,118
19277,125
19278,125
19279,118
19280,125
19281,125
19282,125
19283,125
19284,133
19285,125
19286,125
19287,125
19288,125
19289,125
19290,125
19291,133
19292,125
19293,125
19294,98
19295,98
19296,48
19297,98
19298,98
19299,98
19300,98
19301,98
19302,98
19303,98
19304,27
19305,116
19306,116
19307,116
19308,116
19309,27
19310,27
19311,116
19312,27
19313,48
19314,27
19315,98
19316,98
19317,27
19318,27
19319,98
19320,27
19321,116
19322,27
19323,27
19324,48
19325,98
19326,98
19327,88
19328,27
19329,67
19330,103
19331,100
19332,100
19333,44
19334,44
19335,44
19336,44
19337,44
19338,44
19339,44
19340,44
19341,48
19342,44
19343,44
19344,44
19345,44
19346,78
19347,54
19348,54
19349,0
19350,0
19351,0
19352,1
19353,0
19354,0
19355,48
19356,1
19357,0
19358,54
19359,0
19360,0
19361,0
19362,0
19363,0
19364,0
19365,0
19366,0
19367,48
19368,56
19369,56
19370,56
19371,141
19372,55
19373,15
19374,49
19375,49
19376,49
19377,48
19378,40
19379,76
19380,100
19381,90
19382,30
19383,48
19384,49
19385,49
19386,49
19387,49
19388,49
19389,48
19390,140
19391,48
19392,40
19393,0
19394,5
19395,5
19396,95
19397,57
19398,57
19399,48
19400,48
19401,48
19402,87
19403,48
19404,56
19405,55
19406,15
19407,14
19408,14
19409,14
19410,101
19411,101
19412,48
19413,40
19414,40
19415,40
19416,40
19417,48
19418,21
19419,5
19420,12
19421,12
19422,12
19423,123
19424,101
19425,76
19426,76
19427,76
19428,76
19429,76
19430,76
19431,76
19432,76
19433,46
19434,46
19435,46
19436,46
19437,5
19438,122
19439,122
19440,122
19441,122
19442,89
19443,89
19444,138
19445,138
19446,138
19447,5
19448,74
19449,74
19450,74
19451,74
19452,74
19453,74
19454,74
19455,99
19456,2
19457,2
19458,2
19459,2
19460,2
19461,2
19462,2
19463,2
19464,2
19465,51
19466,51
19467,140
19468,51
19469,140
19470,51
19471,51
19472,89
19473,89
19474,89
19475,89
19476,27
19477,27
19478,27
19479,9
19480,9
19481,9
19482,9
19483,9
19484,9
19485,9
19486,9
19487,9
19488,9
19489,10
19490,10
19491,31
19492,111
19493,122
19494,122
19495,122
19496,33
19497,33
19498,33
19499,4
19500,34
19501,4
19502,4
19503,4
19504,110
19505,4
19506,21
19507,21
19508,21
19509,21
19510,21
19511,21
19512,130
19513,73
19514,73
19515,73
19516,73
19517,4
19518,101
19519,101
19520,14
19521,40
19522,40
19523,40
19524,40
19525,40
19526,40
19527,129
19528,129
19529,129
19530,129
19531,14
19532,14
19533,129
19534,37
19535,37
19536,129
19537,129
19538,22
19539,22
19540,22
19541,22
19542,129
19543,22
19544,22
19545,129
19546,129
19547,35
19548,35
19549,35
19550,129
19551,35
19552,122
19553,122
19554,91
19555,91
19556,129
19557,91
19558,129
19559,91
19560,91
19561,91
19562,91
19563,33
19564,33
19565,33
19566,33
19567,129
19568,33
19569,33
19570,33
19571,33
19572,33
19573,33
19574,33
19575,33
19576,5
19577,5
19578,129
19579,33
19580,5
19581,33
19582,129
19583,129
19584,90
19585,133
19586,129
19587,54
19588,54
19589,54
19590,54
19591,1
19592,1
19593,138
19594,138
19595,67
19596,67
19597,30
19598,30
19599,138
19600,90
19601,90
19602,90
19603,138
19604,141
19605,152
19606,152
19607,138
19608,67
19609,152
19610,152
19611,138
19612,55
19613,65
19614,65
19615,20
19616,138
19617,138
19618,13
19619,13
19620,94
19621,115
19622,133
19623,55
19624,16
19625,138
19626,138
19627,138
19628,83
19629,7
19630,52
19631,138
19632,138
19633,100
19634,109
19635,112
19636,74
19637,112
19638,40
19639,66
19640,20
19641,20
19642,20
19643,74
19644,78
19645,74
19646,67
19647,67
19648,67
19649,1
19650,74
19651,1
19652,1
19653,1
19654,1
19655,1
19656,1
19657,54
19658,74
19659,1
19660,1
19661,67
19662,1
19663,1
19664,1
19665,74
19666,67
19667,67
19668,67
19669,67
19670,67
19671,67
19672,67
19673,67
19674,67
19675,74
19676,74
19677,40
19678,18
19679,65
19680,74
19681,135
19682,74
19683,153
19684,153
19685,89
19686,141
19687,141
19688,141
19689,141
19690,141
19691,141
19692,141
19693,74
19694,141
19695,141
19696,67
19697,67
19698,40
19699,55
19700,55
19701,55
19702,74
19703,55
19704,55
19705,55
19706,78
19707,78
19708,78
19709,78
19710,78
19711,74
19712,78
19713,78
19714,115
19715,74
19716,74
19717,115
19718,78
19719,74
19720,114
19721,90
19722,67
19723,74
19724,88
19725,88
19726,88
19727,88
19728,136
19729,74
19730,136
19731,134
19732,134
19733,88
19734,74
19735,88
19736,135
19737,74
19738,32
19739,32
19740,32
19741,74
19742,74
19743,74
19744,32
19745,32
19746,15
19747,5
19748,136
19749,136
19750,74
19751,152
19752,99
19753,99
19754,99
19755,119
19756,46
19757,46
19758,140
19759,140
19760,46
19761,46
19762,2
19763,2
19764,2
19765,2
19766,2
19767,2
19768,2
19769,2
19770,2
19771,12
19772,12
19773,1
19774,54
19775,54
19776,30
19777,30
19778,30
19779,30
19780,7
19781,7
19782,109
19783,109
19784,7
19785,109
19786,90
19787,0
19788,0
19789,17
19790,17
19791,152
19792,90
19793,90
19794,90
19795,90
19796,90
19797,15
19798,15
19799,127
19800,127
19801,100
19802,99
19803,105
19804,4
19805,54
19806,54
19807,1
19808,54
19809,1
19810,1
19811,54
19812,54
19813,20
19814,105
19815,105
19816,105
19817,105
19818,87
19819,87
19820,87
19821,87
19822,87
19823,32
19824,88
19825,150
19826,90
19827,90
19828,90
19829,90
19830,129
19831,40
19832,54
19833,129
19834,94
19835,94
19836,113
19837,113
19838,113
19839,112
19840,112
19841,112
19842,112
19843,112
19844,112
19845,112
19846,2
19847,2
19848,46
19849,46
19850,46
19851,46
19852,129
19853,70
19854,70
19855,70
19856,70
19857,70
19858,70
19859,70
19860,27
19861,100
19862,129
19863,100
19864,100
19865,54
19866,54
19867,86
19868,86
19869,129
19870,143
19871,20
19872,20
19873,20
19874,20
19875,69
19876,129
19877,68
19878,58
19879,58
19880,1
19881,69
19882,69
19883,92
19884,92
19885,92
19888,69
19889,69
19890,138
19891,112
19892,112
19893,112
19894,112
19895,112
19896,112
19897,68
19898,112
19899,112
19900,112
19901,0
19902,138
19903,0
19904,68
19905,68
19906,20
19907,20
19908,20
19909,20
19910,20
19911,20
19912,20
19913,20
19914,138
19915,20
19916,20
19917,20
19918,16
19919,138
19920,16
19921,16
19922,16
19923,16
19924,101
19925,101
19926,101
19927,138
19928,16
19929,16
19930,16
19931,17
19932,17
19933,17
19934,17
19935,138
19936,17
19937,17
19938,7
19939,7
19940,7
19941,7
19942,7
19943,7
19944,7
19945,48
19946,7
19947,93
19948,66
19949,66
19950,48
19951,48
19952,48
19953,48
19954,48
19955,48
19956,74
19957,17
19958,66
19959,74
19960,67
19961,67
19962,7
19963,7
19964,16
19965,74
19966,16
19967,73
19968,72
19969,146
19970,146
19971,73
19972,16
19973,16
19974,16
19975,146
19976,146
19977,74
19978,146
19979,16
19980,16
19981,16
19982,16
19983,16
19984,16
19985,16
19986,66
19987,66
19988,74
19989,17
19990,17
19991,74
19992,64
19993,64
19994,64
19995,3
19996,3
19997,94
19998,74
19999,92
20000,92
20001,30
20002,74
20003,74
20004,103
20005,103
20006,67
20007,67
20008,67
20009,74
20010,63
20011,63
20012,74
20013,3
20014,63
20015,74
20016,74
20017,106
20018,106
20019,74
20020,66
20021,66
20022,106
20023,17
20024,17
20025,63
20026,63
20027,63
20028,106
20029,106
20030,74
20031,66
20032,66
20033,17
20034,17
20035,17
20036,74
20037,17
20038,1
20039,108
20040,108
20041,74
20042,107
20043,115
20044,37
20045,37
20046,37
20047,37
20048,37
20049,74
20050,50
20051,62
20052,50
20053,50
20054,50
20055,62
20056,50
20057,50
20058,50
20059,50
20060,50
20061,12
20062,12
20063,12
20064,50
20065,12
20066,74
20067,50
20068,74
20069,50
20070,50
20071,50
20072,21
20073,74
20074,130
20075,101
20076,101
20077,101
20078,7
20079,7
20080,130
20081,130
20082,130
20083,130
20084,130
20085,90
20086,90
20087,116
20088,116
20089,116
20090,116
20091,116
20092,116
20093,116
20094,116
20095,116
20096,80
20097,80
20098,80
20099,80
20100,80
20101,108
20102,108
20103,108
20104,108
20105,108
20106,108
20107,108
20108,108
20109,108
20110,108
20111,114
20112,114
20113,114
20114,114
20115,114
20116,114
20117,114
20118,114
20119,114
20120,114
20121,80
20122,115
20123,78
20124,78
20125,78
20126,78
20127,78
20128,62
20129,62
20130,62
20131,62
20132,37
20133,78
20134,78
20135,78
20136,50
20137,50
20138,50
20139,50
20140,62
20141,7
20142,7
20143,7
20144,85
20145,104
20146,104
20147,104
20148,104
20149,130
20150,112
20151,92
20152,112
20153,112
20154,131
20155,53
20156,53
20157,53
20158,53
20159,133
20160,133
20161,125
20162,125
20163,125
20164,133
20165,39
20166,39
20167,39
20168,34
20169,34
20170,131
20171,131
20172,131
20173,131
20174,131
20175,124
20176,100
20177,124
20178,124
20179,127
20180,127
20181,131
20182,131
20183,131
20184,131
20185,88
20186,131
20187,53
20188,26
20189,26
20190,132
20191,133
20192,133
20193,125
20194,125
20195,125
20196,125
20197,118
20198,118
20199,118
20200,118
20201,118
20202,118
20203,133
20204,118
20205,118
20206,118
20207,118
20208,118
20209,118
20210,125
20211,125
20212,134
20213,27
20214,133
20215,133
20216,133
20217,52
20218,133
20219,133
20220,133
20221,118
20222,118
20223,118
20224,133
20225,74
20226,74
20227,138
20228,138
20229,46
20230,46
20231,140
20232,52
20233,52
20234,96
20235,96
20236,52
20237,149
20238,149
20239,149
20240,96
20241,96
20242,96
20243,96
20244,96
20245,96
20246,96
20247,52
20248,52
20249,52
20250,77
20251,77
20252,77
20253,77
20254,52
20255,51
20256,51
20257,51
20258,51
20259,51
20260,51
20261,52
20262,52
20263,42
20264,42
20265,25
20266,25
20267,2
20268,11
20269,4
20270,4
20271,11
20272,82
20273,82
20274,82
20275,42
20276,42
20277,82
20278,82
20279,42
20280,42
20281,42
20282,42
20283,42
20284,82
20285,82
20286,129
20287,129
20288,129
20289,129
20290,2
20291,74
20292,74
20293,74
20294,74
20295,74
20296,74
20297,2
20298,136
20299,74
20300,74
20301,2
20302,2
20303,2
20304,112
20305,112
20306,112
20307,112
20308,112
20309,112
20310,112
20311,112
20312,112
20313,112
20314,112
20315,2
20316,112
20317,112
20318,152
20319,100
20320,4
20321,4
20322,4
20323,4
20324,4
20325,4
20326,4
20327,4
20328,4
20329,4
20330,4
20331,4
20332,4
20333,81
20334,2
20335,81
20336,2
20337,53
20338,87
20339,99
20340,2
20341,44
20342,44
20343,87
20344,2
20345,15
20346,2
20347,88
20348,88
20349,88
20350,88
20351,88
20352,88
20353,151
20354,123
20355,123
20356,113
20357,0
20358,113
20359,94
20360,3
20361,0
20362,34
20363,63
20364,147
20365,4
20366,2
20367,2
20368,2
20369,2
20370,94
20371,113
20372,151
20373,97
20374,97
20375,97
20376,32
20377,32
20378,15
20379,46
20380,46
20381,46
20382,27
20383,70
20384,27
20385,99
20386,99
20387,44
20388,44
20389,70
20390,99
20391,99
20392,99
20393,133
20394,133
20395,115
20396,1
20397,0
20398,0
20399,0
20400,44
20401,70
20402,148
20403,148
20404,67
20405,15
20406,37
20407,76
20408,117
20409,117
20410,117
20411,4
20412,90
20413,5
20414,33
20415,33
20416,33
20417,18
20418,119
20419,119
20420,122
20421,122
20422,33
20423,33
20424,33
20425,33
20426,25
20427,25
20428,25
20429,25
20430,34
20431,25
20432,25
20433,25
20434,25
20435,25
20436,25
20437,25
20438,25
20441,15
20442,15
20443,112
20444,112
20445,112
20446,1
20447,112
20448,112
20449,63
20450,112
20451,112
20452,112
20453,112
20454,112
20455,70
20456,126
20457,126
20458,126
20459,21
20460,126
20461,126
20462,126
20463,133
20464,133
20465,133
20466,80
20467,80
20468,116
20469,118
20470,118
20471,101
20472,17
20473,17
20474,40
20475,16
20476,16
20477,101
20478,101
20479,101
20480,101
20481,101
20482,101
20483,152
20484,152
20485,152
20486,109
20487,109
20488,87
20489,87
20490,65
20491,65
20492,141
20493,0
20494,154
20495,154
20496,154
20497,152
20498,65
20499,152
20500,0
20501,0
20502,112
20503,0
20504,0
20505,0
20506,152
20507,152
20508,113
20509,113
20510,113
20511,113
20512,113
20513,143
20514,1
20515,67
20516,17
20517,54
20519,3
20520,94
20521,94
20522,32
20523,32
20524,32
20525,32
20526,32
20527,32
20528,32
20529,94
20530,94
20531,113
20532,113
20533,113
20534,113
20535,63
20536,13
20537,13
20538,63
20539,113
20540,0
20541,113
20542,113
20543,113
20544,113
20545,113
20546,113
20547,113
20548,113
20549,113
20550,113
20551,113
20552,146
20553,146
20554,146
20555,32
20556,28
20557,48
20561,48
20562,48
20563,48
20564,7
20565,7
20566,7
20567,7
20568,7
20569,7
20570,7
20571,7
20572,19
20573,8
20574,8
20575,34
20576,9
20577,34
20578,34
20579,34
20580,35
20581,34
20582,34
20583,103
20584,103
20585,103
20586,31
20587,31
20588,31
20589,31
20590,9
20591,9
20592,9
20593,9
20594,9
20595,9
20596,9
20597,9
20598,9
20599,9
20600,9
20601,147
20602,123
20603,23
20604,23
20605,46
20606,46
20607,1
20608,11
20609,11
20610,35
20611,22
20612,22
20613,22
20614,22
20615,46
20616,153
20617,153
20618,153
20619,153
20620,153
20621,153
20622,153
20623,153
20624,153
20625,153
20626,153
20627,153
20628,153
20629,153
20630,153
20631,153
20632,153
20633,153
20634,153
20635,153
20636,153
20637,153
20638,153
20639,140
20640,153
20641,153
20642,140
20643,136
20644,88
20645,2
20646,2
20647,82
20648,98
20649,98
20650,140
20651,140
20652,130
20653,123
20654,123
20655,123
20656,104
20657,104
20658,104
20659,104
20660,104
20661,104
20662,104
20663,104
20664,104
20665,104
20666,104
20667,104
20668,104
20669,104
20670,104
20671,127
20672,127
20673,127
20674,127
20675,126
20676,126
20677,74
20678,74
20680,50
20681,97
20682,97
20683,87
20684,2
20685,2
20686,2
20687,74
20688,2
20689,123
20690,123
20691,123
20692,123
20693,74
20694,123
20695,129
20696,74
20697,4
20698,4
20699,4
20700,4
20701,4
20702,4
20703,4
20704,4
20705,4
20706,52
20707,52
20708,149
20709,149
20710,52
20711,97
20712,97
20713,97
20714,97
20715,97
20716,97
20717,97
20718,97
20719,97
20720,33
20721,33
20722,33
20723,33
20724,35
20725,122
20726,91
20727,111
20728,122
20729,122
20730,122
20731,122
20732,122
20733,122
20734,114
20735,83
20736,83
20737,83
20738,83
20739,26
20740,26
20741,26
20742,126
20743,26
20744,26
20745,26
20746,114
20747,95
20748,95
20749,95
20750,95
20751,57
20752,133
20753,133
20754,26
20755,122
20756,122
20757,122
20758,122
20759,122
20760,122
20761,95
20762,5
20763,5
20764,5
20765,5
20766,5
20767,48
20768,48
20769,48
20770,48
20771,48
20772,48
20773,48
20774,95
20775,18
20776,18
20777,18
20778,18
20779,18
20780,5
20781,19
20782,19
20783,18
20784,18
20785,18
20786,18
20787,18
20788,18
20789,18
20790,18
20791,18
20792,18
20793,18
20794,18
20795,18
20796,18
20797,18
20798,18
20799,12
20800,18
20801,19
20802,19
20803,5
20804,5
20805,5
20806,5
20807,114
20808,39
20809,39
20810,39
20811,39
20812,39
20813,39
20814,12
20815,12
20816,100
20817,12
20818,12
20819,19
20820,114
20821,19
20822,88
20823,88
20824,88
20825,19
20826,19
20827,19
20828,19
20829,19
20830,19
20831,19
20832,19
20833,19
20834,19
20835,19
20836,19
20837,19
20838,107
20839,121
20840,37
20841,37
20842,37
20843,37
20844,37
20845,37
20846,62
20847,6
20848,62
20849,62
20850,148
20851,148
20852,40
20853,75
20854,75
20855,75
20856,75
20857,75
20858,14
20859,14
20860,40
20861,40
20862,40
20863,27
20864,27
20865,44
20866,44
20867,44
20868,44
20869,44
20870,44
20871,44
20872,44
20873,44
20874,40
20875,21
20876,14
20877,90
20878,90
20879,90
20880,40
20881,14
20882,116
20883,15
20884,44
20885,44
20886,148
20887,148
20888,148
20889,148
20890,148
20891,148
20892,148
20893,148
20894,148
20895,148
20896,148
20897,15
20898,90
20899,136
20900,103
20901,103
20902,72
20903,67
20904,100
20905,87
20906,34
20907,34
20908,90
20909,82
20910,107
20911,107
20912,62
20913,62
20914,90
20917,62
20918,18
20919,87
20920,64
20921,123
20922,109
20923,85
20924,85
20925,85
20926,85
20927,126
20928,94
20929,7
20930,49
20931,115
20932,90
20933,90
20934,78
20935,78
20936,15
20937,15
20938,63
20939,113
20940,113
20941,100
20942,35
20943,85
20944,85
20945,85
20946,63
20947,63
20948,90
20949,78
20950,103
20951,149
20952,11
20953,13
20954,40
20955,90
20956,90
20957,70
20958,70
20959,99
20960,78
20961,78
20962,78
20963,49
20964,49
20965,15
20966,15
20967,14
20968,0
20969,0
20970,101
20971,40
20972,40
20973,7
20974,21
20975,115
20976,115
20977,40
20978,40
20979,101
20980,6
20981,73
20982,67
20983,67
20984,58
20985,113
20986,129
20987,25
20988,25
20989,25
20990,25
20991,25
20992,25
20993,25
20994,25
20995,49
20996,16
20997,153
20998,31
20999,31
21000,101
21001,129
21002,50
21003,50
21004,101
21005,101
21006,101
21007,67
21008,130
21009,130
21010,17
21011,101
21012,101
21013,101
21014,101
21015,25
21016,25
21017,40
21018,28
21019,89
21020,11
21021,11
21022,11
21023,11
21024,109
21025,25
21026,25
21027,25
21028,25
21029,11
21030,25
21031,2
21032,133
21033,44
21034,25
21035,34
21036,34
21037,34
21038,152
21039,0
21040,25
21041,25
21042,14
21043,15
21044,100
21045,15
21046,11
21047,11
21048,11
21049,11
21050,11
21051,11
21052,63
21053,63
21054,44
21055,3
21056,98
21057,98
21058,98
21059,34
21060,34
21061,100
21062,100
21063,29
21064,152
21065,2
21066,2
21067,121
21068,34
21069,49
21070,78
21071,78
21072,72
21073,130
21074,127
21075,127
21076,127
21077,127
21078,127
21079,26
21080,98
21081,1
21082,1
21083,107
21084,140
21085,0
21086,0
21087,81
10000000,155
10000001,156
10000002,157
10000003,158
10000004,159
10000005,160
10000006,161
10000007,162
10000008,163
10000009,164
10000010,165
10000011,166
10000012,167
10000013,168
10000014,169
10000015,170
10000016,171
10000017,172
10000018,173
10000019,174
10000020,175
10000021,176
10000022,177
10000023,178
10000024,179
10000025,180
10000026,181
10000027,182
10000028,183
10000029,184
10000030,185
10000031,186
10000032,187
10000033,188
10000034,189
10000035,190
10000036,191
10000037,192
10000038,193
10000039,194
10000040,195
10000041,196
10000042,197
10000043,198
10000044,199
10000045,200
10000046,201
10000047,202
10000048,203
10000049,204
10000050,205
10000051,206
10000052,207
10000053,208
10000054,209
10000055,210
10000056,211
10000057,212
10000058,213
10000059,214
10000060,215
10000061,216
10000062,217
10000063,218
10000064,219
10000065,220
10000066,221
10000067,222
10000068,223
10000069,224
10000070,225
10000071,226
10000072,227
10000073,228
10000074,229
10000075,230
10000076,231
10000077,232
10000078,233
10000079,234
10000080,235
10000081,236
10000082,237
10000083,238
10000084,239
10000085,240
10000086,241
10000087,242
10000088,243
10000089,244
10000090,245
10000091,246
10000092,247
10000093,248
10000094,249
10000095,250
10000096,251
10000097,252
10000098,253
10000099,254
10000100,255
10000101,256
10000102,257
10000103,258
10000104,259
10000105,260
10000106,261
10000107,262
10000108,263
10000109,264
10000110,265
10000111,266
10000112,267
10000113,268
10000114,269
10000115,270
10000116,271
10000117,272
10000118,273
10000119,274
10000120,275
10000121,276
10000122,277
10000123,278
10000124,279
10000125,280
10000126,281
10000127,282
10000128,283
10000129,284
10000130,285
10000131,286
10000132,287
10000133,288
10000134,289
10000135,290
10000136,291
10000137,292
10000138,293
10000139,294
10000140,295
10000141,296
10000142,297
10000143,298
10000144,299
10000145,300
10000146,301
10000147,302
10000148,303
10000149,304
10000150,305
10000151,306
10000152,307
10000153,308
10000154,309
10000155,310
10000156,311
10000157,312
10000158,313
10000159,314
10000160,315
10000161,316
10000162,317
10000163,318
10000164,319
10000165,320
10000166,321
10000167,322
10000168,323
10000169,324
10000170,325
10000171,326
10000172,327
10000173,328
10000174,329
10000175,330
10000176,331
10000177,332
10000178,333
10000179,334
10000180,335
10000181,336
10000182,337
10000183,338
10000184,339
10000185,340
10000186,341
10000187,342
10000188,343
10000189,344
10000190,345
10000191,346
10000192,347
10000193,348
10000194,349
10000195,350
10000196,351
10000197,352
10000198,353
10000199,354
10000200,355
10000201,356
10000202,357
10000203,358
10000204,359
10000205,360
10000206,361
10000207,362
10000208,363
10000209,364
10000210,365
10000211,366
10000212,367
10000213,368
10000214,369
10000215,370
10000216,371
10000217,372
10000218,373
10000219,374
10000220,375
10000221,376
10000222,377
10000223,378
10000224,379
10000225,380
10000226,381
10000227,382
10000228,383
10000229,384
10000230,385
10000231,386
10000232,387
10000233,388
10000234,389
10000235,390
10000236,391
10000237,392
10000238,393
10000239,394
10000240,395
10000241,396
10000242,397
10000243,398
10000244,399
10000245,400
10000246,401
10000247,402
10000248,403
10000249,404
10000250,405
10000251,406
10000252,407
10000253,408
10000254,409
10000255,410
10000256,411
10000257,412
10000258,413
10000259,414
10000260,415
10000261,416
10000262,417
10000263,418
10000264,419
10000265,420
10000266,421
10000267,422
10000268,423
10000269,424
10000270,425
10000271,426
10000272,427
10000273,428
10000274,429
10000275,430
10000276,431
10000277,432
10000278,433
10000279,434
10000280,435
10000281,436
10000282,437
10000283,438
10000284,439
10000285,440
10000286,441
10000287,442
10000288,443
10000289,444
10000290,445
10000291,446
10000292,447
10000293,448
10000294,449
10000295,450
10000296,451
10000297,452
10000298,453
10000299,454
10000300,455
10000301,456
10000302,457
10000303,458
10000304,459
10000305,460
10000306,461
10000307,462
10000308,463
10000309,464
10000310,465
10000311,466
10000312,467
10000313,468
10000314,469
10000315,470
10000316,471
10000317,472
10000318,473
10000319,474
10000320,475
10000321,145
10000322,84
10000323,60
10000324,61
10000325,36
10000326,38
10000327,137
