node_id,community_id
0,0
1,0
2,0
3,0
4,1
5,1
6,135
7,135
8,3
9,3
10,3
11,135
12,4
13,5
14,6
15,7
16,7
17,8
18,8
19,8
20,9
21,10
22,9
23,5
24,5
25,10
26,10
27,10
28,9
29,9
30,11
31,11
32,11
33,11
34,9
35,11
36,9
37,135
38,135
39,12
40,12
41,135
42,135
43,12
44,135
45,135
46,12
47,13
48,13
49,13
50,14
51,14
52,15
53,16
54,16
55,17
56,18
57,18
58,18
59,18
60,1
61,1
62,1
63,1
64,19
65,19
66,19
67,19
68,19
69,20
70,21
71,21
72,21
73,22
74,22
75,22
76,22
77,22
78,22
79,22
80,22
81,22
82,22
83,23
84,24
85,25
86,25
87,25
88,6
89,6
90,25
91,25
92,25
93,6
94,26
95,27
96,27
97,28
98,28
99,28
100,26
101,28
102,28
103,29
104,29
105,29
106,30
107,30
108,30
109,29
110,30
111,30
112,31
113,31
114,0
115,0
116,0
117,66
118,0
119,0
120,0
121,0
122,0
123,0
124,0
125,0
126,0
127,0
128,4
129,4
130,66
131,4
132,66
133,33
134,33
135,33
136,24
137,66
138,34
139,34
140,34
141,22
142,22
143,16
144,16
145,16
146,16
147,16
148,16
149,22
150,16
151,16
152,16
153,16
154,16
155,16
156,22
157,16
158,16
159,16
160,16
161,22
162,22
163,16
164,16
165,16
166,16
167,16
168,22
169,16
170,16
171,16
172,16
173,35
174,35
175,13
176,13
177,13
178,35
179,36
180,36
181,36
182,36
183,35
184,35
185,37
186,38
187,37
188,38
189,38
190,38
191,35
192,38
193,38
194,35
195,38
196,38
197,38
198,38
199,35
200,35
201,35
202,18
203,18
204,18
205,18
206,35
207,33
208,33
209,5
210,5
211,33
212,33
213,33
214,33
215,33
216,15
217,15
218,33
219,33
220,24
221,24
222,24
223,24
224,24
225,24
226,24
227,15
228,39
229,39
230,40
231,40
232,40
233,39
234,4
235,4
236,39
237,22
238,22
239,41
240,41
241,41
242,37
243,42
244,42
245,22
246,43
247,43
248,43
249,43
250,43
251,44
252,15
253,43
254,43
255,45
256,45
257,15
258,12
259,12
260,46
261,46
262,47
263,47
264,47
265,46
266,0
267,0
268,0
269,0
270,46
271,48
272,48
273,48
274,46
275,46
276,35
277,35
278,35
279,46
280,46
281,48
282,48
283,48
284,49
285,49
286,49
287,46
288,49
289,49
290,49
291,49
292,49
293,49
294,49
295,46
296,50
297,50
298,50
299,38
300,50
301,46
302,46
303,51
304,51
305,51
306,46
307,46
308,46
309,52
310,52
311,52
312,52
313,52
314,53
315,1
316,46
317,54
318,54
319,54
320,54
321,36
322,36
323,46
324,46
325,46
326,46
327,40
328,40
329,40
330,40
331,46
332,21
333,21
334,21
335,21
336,21
337,21
338,21
339,21
340,55
341,21
342,55
343,55
344,55
345,55
346,55
347,55
348,55
349,27
350,27
351,55
352,55
353,56
354,56
355,56
356,56
357,56
358,56
359,56
360,56
361,56
362,56
363,56
364,27
365,56
366,56
367,56
368,56
369,56
370,57
371,56
372,57
373,57
374,57
375,57
376,57
377,21
378,21
379,21
380,21
381,21
382,21
383,21
384,58
385,58
386,1
387,1
388,1
389,1
390,6
391,6
392,59
393,59
394,59
395,59
396,6
397,6
398,15
399,15
400,128
401,128
402,128
403,48
404,48
405,26
406,26
407,14
408,22
409,22
410,22
411,1
412,61
413,61
414,62
415,62
416,1
417,26
418,26
419,62
420,62
421,62
422,62
423,52
424,52
425,52
426,26
427,14
428,14
429,14
430,43
431,43
432,43
433,14
434,14
435,26
436,82
437,14
438,22
439,22
440,14
441,62
442,62
443,62
444,18
445,18
446,64
447,64
448,64
449,65
450,65
451,1
452,64
453,64
454,64
455,64
456,65
457,65
458,6
459,26
460,66
461,66
462,66
463,26
464,66
465,66
466,66
467,66
468,26
469,66
470,66
471,66
472,67
473,53
474,26
475,65
476,65
477,66
478,66
479,66
480,65
481,65
482,66
483,66
484,68
485,68
486,68
487,68
488,6
489,6
490,69
491,67
492,6
493,6
494,6
495,6
496,21
497,21
498,6
499,6
500,21
501,21
502,70
503,70
504,70
505,21
506,70
507,70
508,70
509,70
510,53
511,71
512,72
513,72
514,70
515,70
516,70
517,70
518,72
519,73
520,73
521,73
522,72
523,14
524,14
525,14
526,72
527,61
528,61
529,61
530,61
531,67
532,14
533,67
534,67
535,67
536,14
537,67
538,67
539,72
540,72
541,67
542,14
543,14
544,14
545,14
546,14
547,14
548,72
549,14
550,14
551,14
552,14
553,14
554,14
555,14
556,14
557,14
558,74
559,74
560,75
561,75
562,75
563,53
564,67
565,62
566,62
567,34
568,34
569,76
570,76
571,76
572,76
573,3
574,3
575,77
576,77
577,77
578,78
579,78
580,78
581,3
582,79
583,79
584,80
585,80
586,3
587,148
588,148
589,148
590,148
591,3
592,74
593,74
594,74
595,82
596,82
597,3
598,82
599,53
600,83
601,83
602,83
603,5
604,5
605,71
606,71
607,71
608,71
609,71
610,71
611,71
612,5
613,71
614,71
615,71
616,71
617,71
618,71
619,71
620,71
621,53
622,84
623,85
624,85
625,85
626,53
627,0
628,43
629,43
630,43
631,4
632,74
633,4
634,86
635,73
636,73
637,73
638,26
639,26
640,26
641,74
642,82
643,82
644,42
645,42
646,42
647,42
648,42
649,87
650,88
651,89
652,89
653,42
654,42
655,42
656,42
657,42
658,89
659,89
660,42
661,42
662,42
663,42
664,5
665,5
666,5
667,30
668,30
669,90
670,90
671,26
672,26
673,26
674,26
675,91
676,91
677,91
678,92
679,91
680,26
681,91
682,91
683,91
684,26
685,91
686,26
687,26
688,93
689,93
690,93
691,26
692,93
693,93
694,93
695,93
696,93
697,93
698,93
699,93
700,39
701,87
702,39
703,94
704,94
705,94
706,94
707,94
708,39
709,39
710,94
711,26
712,95
713,26
714,26
715,26
716,26
717,26
718,26
719,39
720,26
721,26
722,26
723,26
724,26
725,26
726,26
727,26
728,39
729,46
730,46
731,96
732,96
733,26
734,26
735,26
736,86
737,97
738,86
739,86
740,97
741,97
742,26
743,98
744,98
745,98
746,13
747,13
748,26
749,26
750,14
751,14
752,14
753,14
754,26
755,99
756,99
757,99
758,99
759,99
760,99
761,88
762,88
763,14
764,14
765,99
766,99
767,99
768,4
769,4
770,14
771,44
772,44
773,44
774,44
775,44
776,44
777,44
778,100
779,100
780,100
781,100
782,88
783,88
784,101
785,101
786,91
787,91
788,91
789,98
790,62
791,98
792,101
793,102
794,102
795,102
796,100
797,100
798,37
799,37
800,22
801,22
802,22
803,18
804,18
805,18
806,88
807,58
808,58
809,15
810,15
811,58
812,89
813,89
814,38
815,58
816,58
817,103
818,103
819,103
820,9
821,9
822,58
823,9
824,65
825,65
826,65
827,65
828,58
829,59
830,59
831,59
832,104
833,104
834,104
835,88
836,105
837,105
838,105
839,105
840,105
841,105
842,65
843,105
844,58
845,65
846,65
847,65
848,65
849,65
850,65
851,65
852,65
853,65
854,65
855,65
856,58
857,65
858,65
859,65
860,65
861,65
862,65
863,65
864,58
865,65
866,65
867,65
868,65
869,65
870,65
871,106
872,106
873,106
874,106
875,58
876,106
877,106
878,106
879,106
880,106
881,106
882,106
883,106
884,106
885,106
886,17
887,17
888,17
889,17
890,17
891,17
892,58
893,17
894,17
895,17
896,17
897,17
898,17
899,17
900,58
901,69
902,17
903,17
904,17
905,17
906,17
907,17
908,17
909,17
910,17
911,58
912,17
913,17
914,17
915,17
916,17
917,17
918,17
919,30
920,30
921,88
922,17
923,17
924,17
925,17
926,17
927,17
928,69
929,17
930,17
931,17
932,17
933,107
934,107
935,17
936,17
937,66
938,66
939,17
940,66
941,17
942,107
943,66
944,66
945,66
946,66
947,66
948,107
949,66
950,66
951,66
952,66
953,66
954,66
955,66
956,66
957,107
958,66
959,66
960,66
961,66
962,66
963,66
964,66
965,66
966,66
967,66
968,66
969,66
970,66
971,66
972,66
973,66
974,66
975,66
976,66
977,66
978,66
979,66
980,92
981,92
982,92
983,92
984,108
985,108
986,92
987,92
988,92
989,92
990,92
991,92
992,92
993,92
994,91
995,91
996,91
997,91
998,91
999,91
1000,91
1001,91
1002,91
1003,88
1004,97
1005,97
1006,62
1007,62
1008,62
1009,62
1010,62
1011,62
1012,62
1013,62
1014,62
1015,62
1016,62
1017,108
1018,108
1019,108
1020,62
1021,62
1022,62
1023,62
1024,62
1025,62
1026,62
1027,62
1028,62
1029,13
1030,13
1031,13
1032,34
1033,13
1034,13
1035,13
1036,13
1037,97
1038,97
1039,34
1040,13
1041,13
1042,34
1043,13
1044,13
1045,74
1046,74
1047,34
1048,34
1049,34
1050,34
1051,34
1052,34
1053,34
1054,34
1055,34
1056,34
1057,48
1058,48
1059,34
1060,3
1061,34
1062,34
1063,3
1064,105
1065,105
1066,65
1067,65
1068,65
1069,65
1070,65
1071,65
1072,65
1073,65
1074,65
1075,65
1076,65
1077,65
1078,65
1079,18
1080,65
1081,18
1082,106
1083,88
1084,48
1085,48
1086,106
1087,106
1088,106
1089,106
1090,106
1091,6
1092,17
1093,17
1094,17
1095,17
1096,17
1097,17
1098,17
1099,109
1100,109
1101,17
1102,17
1103,17
1104,17
1105,17
1106,17
1107,109
1108,17
1109,17
1110,109
1111,17
1112,17
1113,17
1114,17
1115,109
1116,17
1117,17
1118,17
1119,17
1120,109
1121,109
1122,17
1123,17
1124,17
1125,17
1126,65
1127,66
1128,17
1129,66
1130,65
1131,66
1132,66
1133,88
1134,66
1135,66
1136,66
1137,66
1138,66
1139,66
1140,66
1141,66
1142,66
1143,55
1144,66
1145,66
1146,66
1147,66
1148,92
1149,66
1150,92
1151,55
1152,55
1153,92
1154,92
1155,92
1156,92
1157,92
1158,92
1159,21
1160,21
1161,92
1162,92
1163,91
1164,92
1165,91
1166,91
1167,91
1168,91
1169,91
1170,62
1171,62
1172,21
1173,62
1174,62
1175,62
1176,62
1177,62
1178,62
1179,62
1180,21
1181,62
1182,62
1183,62
1184,62
1185,62
1186,62
1187,62
1188,62
1189,62
1190,34
1191,62
1192,33
1193,33
1194,34
1195,34
1196,34
1197,34
1198,88
1199,33
1200,34
1201,34
1202,34
1203,34
1204,34
1205,34
1206,33
1207,34
1208,34
1209,34
1210,34
1211,59
1212,59
1213,45
1214,45
1215,45
1216,45
1217,48
1218,48
1219,59
1220,48
1221,59
1222,110
1223,110
1224,110
1225,14
1226,14
1227,93
1228,93
1229,14
1230,93
1231,93
1232,93
1233,93
1234,93
1235,16
1236,16
1237,88
1238,14
1239,16
1240,16
1241,111
1242,111
1243,111
1244,22
1245,22
1246,148
1247,148
1248,22
1249,0
1250,0
1251,36
1252,36
1253,0
1254,0
1255,5
1256,5
1257,5
1258,5
1259,5
1260,5
1261,5
1262,5
1263,0
1264,5
1265,5
1266,5
1267,5
1268,5
1269,35
1270,35
1271,35
1272,35
1273,35
1274,35
1275,6
1276,6
1277,66
1278,66
1279,69
1280,69
1281,69
1282,5
1283,5
1284,5
1285,5
1286,5
1287,5
1288,66
1289,5
1290,5
1291,67
1292,67
1293,67
1294,5
1295,5
1296,52
1297,52
1298,58
1299,58
1300,58
1301,58
1302,58
1303,66
1304,58
1305,26
1306,26
1307,26
1308,26
1309,26
1310,26
1311,66
1312,66
1313,26
1314,26
1315,26
1316,26
1317,26
1318,66
1319,3
1320,3
1321,3
1322,112
1323,112
1324,112
1325,112
1326,66
1327,113
1328,113
1329,6
1330,67
1331,6
1332,6
1333,6
1334,6
1335,67
1336,6
1337,67
1338,67
1339,67
1340,67
1341,67
1342,113
1343,75
1344,75
1345,75
1346,75
1347,75
1348,113
1349,75
1350,75
1351,113
1352,113
1353,88
1354,113
1355,114
1356,114
1357,114
1358,114
1359,115
1360,54
1361,54
1362,114
1363,114
1364,114
1365,114
1366,116
1367,116
1368,116
1369,54
1370,116
1371,116
1372,116
1373,33
1374,33
1375,33
1376,39
1377,39
1378,39
1379,86
1380,86
1381,88
1382,88
1383,39
1384,86
1385,86
1386,39
1387,117
1388,117
1389,117
1390,117
1391,66
1392,66
1393,66
1394,66
1395,39
1396,66
1397,66
1398,66
1399,118
1400,118
1401,71
1402,71
1403,71
1404,71
1405,71
1406,71
1407,94
1408,94
1409,118
1410,0
1411,0
1412,118
1413,119
1414,119
1415,104
1416,118
1417,22
1418,22
1419,88
1420,53
1421,53
1422,107
1423,107
1424,107
1425,53
1426,107
1427,107
1428,107
1429,53
1430,107
1431,107
1432,107
1433,53
1434,53
1435,107
1436,107
1437,107
1438,74
1439,46
1440,74
1441,74
1442,74
1443,74
1444,74
1445,74
1446,74
1447,74
1448,74
1449,74
1450,74
1451,46
1452,74
1453,74
1454,46
1455,46
1456,46
1457,46
1458,46
1459,46
1460,46
1461,46
1462,46
1463,46
1464,46
1465,46
1466,46
1467,46
1468,46
1469,46
1470,46
1471,46
1472,46
1473,46
1474,46
1475,46
1476,46
1477,74
1478,74
1479,74
1480,74
1481,74
1482,74
1483,74
1484,74
1485,120
1486,120
1487,46
1488,46
1489,46
1490,46
1491,46
1492,120
1493,46
1494,46
1495,46
1496,46
1497,46
1498,121
1499,121
1500,5
1501,5
1502,46
1503,122
1504,122
1505,122
1506,122
1507,122
1508,5
1509,122
1510,122
1511,122
1512,122
1513,122
1514,122
1515,122
1516,5
1517,5
1518,122
1519,122
1520,122
1521,122
1522,122
1523,19
1524,19
1525,5
1526,4
1527,4
1528,4
1529,4
1530,128
1531,128
1532,128
1533,62
1534,0
1535,62
1536,0
1537,79
1538,79
1539,79
1540,79
1541,79
1542,79
1543,79
1544,121
1545,54
1546,73
1547,73
1548,73
1549,36
1550,36
1551,36
1552,36
1553,100
1554,100
1555,99
1556,74
1557,74
1558,67
1559,67
1560,67
1561,13
1562,38
1563,38
1564,38
1565,123
1566,123
1567,123
1568,123
1569,121
1570,123
1571,123
1572,124
1573,124
1574,123
1575,124
1576,124
1577,108
1578,108
1579,108
1580,28
1581,125
1582,125
1583,80
1584,80
1585,80
1586,125
1587,75
1588,75
1589,75
1590,29
1591,29
1592,29
1593,113
1594,113
1595,29
1596,29
1597,29
1598,29
1599,29
1600,113
1601,29
1602,29
1603,29
1604,29
1605,29
1606,29
1607,72
1608,72
1609,113
1610,29
1611,29
1612,29
1613,73
1614,73
1615,118
1616,118
1617,118
1618,70
1619,30
1620,30
1621,30
1622,30
1623,30
1624,30
1625,30
1626,126
1627,126
1628,107
1629,107
1630,107
1631,107
1632,126
1633,19
1634,19
1635,19
1636,19
1637,19
1638,19
1639,78
1640,78
1641,76
1642,14
1643,14
1644,14
1645,87
1646,14
1647,14
1648,87
1649,87
1650,87
1651,15
1652,15
1653,15
1654,15
1655,87
1656,87
1657,87
1658,14
1659,14
1660,14
1661,87
1662,37
1663,37
1664,49
1665,49
1666,49
1667,49
1668,45
1669,45
1670,67
1671,67
1672,45
1673,99
1674,99
1675,128
1676,128
1677,127
1678,127
1679,45
1680,128
1681,128
1682,45
1683,75
1684,75
1685,69
1686,69
1687,69
1688,62
1689,62
1690,57
1691,56
1692,62
1693,62
1694,62
1695,34
1696,34
1697,18
1698,18
1699,18
1700,72
1701,39
1702,39
1703,39
1704,129
1705,129
1706,129
1707,56
1708,5
1709,5
1710,5
1711,128
1712,128
1713,130
1714,130
1715,108
1716,24
1717,24
1718,108
1719,24
1720,24
1721,118
1722,118
1723,118
1724,24
1725,24
1726,108
1727,72
1728,13
1729,108
1730,108
1731,118
1732,73
1733,73
1734,73
1735,73
1736,13
1737,13
1738,13
1739,73
1740,73
1741,73
1742,73
1743,73
1744,73
1745,20
1746,20
1747,13
1748,20
1749,20
1750,128
1751,128
1752,42
1753,42
1754,42
1755,42
1756,85
1757,85
1758,85
1759,85
1760,85
1761,85
1762,85
1763,42
1764,42
1765,98
1766,98
1767,98
1768,42
1769,101
1770,3
1771,3
1772,3
1773,3
1774,3
1775,3
1776,34
1777,34
1778,101
1779,3
1780,3
1781,48
1782,48
1783,48
1784,34
1785,4
1786,4
1787,4
1788,8
1789,8
1790,8
1791,4
1792,35
1793,35
1794,35
1795,126
1796,126
1797,126
1798,35
1799,35
1800,3
1801,3
1802,3
1803,3
1804,3
1805,3
1806,3
1807,72
1808,35
1809,3
1810,34
1811,34
1812,35
1813,34
1814,122
1815,122
1816,120
1817,120
1818,120
1819,35
1820,35
1821,35
1822,131
1823,131
1824,131
1825,131
1826,132
1827,132
1828,132
1829,54
1830,54
1831,54
1832,65
1833,65
1834,54
1835,54
1836,54
1837,54
1838,72
1839,72
1840,67
1841,67
1842,72
1843,133
1844,133
1845,133
1846,54
1847,54
1848,58
1849,58
1850,58
1851,54
1852,85
1853,85
1854,85
1855,75
1856,75
1857,75
1858,54
1859,108
1860,54
1861,106
1862,106
1863,106
1864,106
1865,106
1866,106
1867,72
1868,72
1869,106
1870,106
1871,106
1872,106
1873,53
1874,72
1875,72
1876,75
1877,75
1878,52
1879,52
1880,52
1881,75
1882,75
1883,75
1884,75
1885,52
1886,110
1887,110
1888,16
1889,16
1890,110
1891,16
1892,1
1893,1
1894,1
1895,16
1896,16
1897,16
1898,134
1899,134
1900,116
1901,44
1902,44
1903,15
1904,16
1905,14
1906,14
1907,108
1908,0
1909,108
1910,16
1911,16
1912,6
1913,6
1914,6
1915,54
1916,54
1917,6
1918,6
1919,6
1920,54
1921,6
1922,6
1923,6
1924,54
1925,54
1926,54
1927,6
1928,135
1929,135
1930,54
1931,51
1932,51
1933,30
1934,30
1935,30
1936,30
1937,30
1938,30
1939,54
1940,107
1941,107
1942,54
1943,107
1944,13
1945,120
1946,120
1947,54
1948,118
1949,118
1950,118
1951,23
1952,54
1953,33
1954,33
1955,33
1956,33
1957,72
1958,72
1959,71
1960,29
1961,29
1962,71
1963,29
1964,38
1965,38
1966,54
1967,19
1968,19
1969,19
1970,26
1971,26
1972,26
1973,54
1974,98
1975,98
1976,98
1977,31
1978,31
1979,92
1980,92
1981,92
1982,92
1983,92
1984,92
1985,92
1986,92
1987,92
1988,92
1989,92
1990,98
1991,98
1992,54
1993,30
1994,30
1995,30
1996,30
1997,30
1998,30
1999,30
2000,6
2001,72
2002,72
2003,6
2004,6
2005,72
2006,6
2007,6
2008,6
2009,6
2010,6
2011,98
2012,6
2013,6
2014,6
2015,6
2016,89
2017,89
2018,6
2019,6
2020,6
2021,6
2022,89
2023,6
2024,6
2025,6
2026,6
2027,89
2028,6
2029,6
2030,6
2031,120
2032,120
2033,120
2034,107
2035,120
2036,120
2037,5
2038,107
2039,5
2040,5
2041,107
2042,72
2043,72
2044,107
2045,107
2046,107
2047,107
2048,120
2049,72
2050,107
2051,107
2052,107
2053,107
2054,107
2055,107
2056,107
2057,107
2058,107
2059,107
2060,72
2061,107
2062,107
2063,73
2064,73
2065,107
2066,107
2067,107
2068,107
2069,25
2070,25
2071,25
2072,0
2073,62
2074,25
2075,25
2076,25
2077,0
2078,0
2079,25
2080,25
2081,25
2082,25
2083,25
2084,25
2085,25
2086,25
2087,25
2088,25
2089,25
2090,25
2091,72
2092,71
2093,25
2094,71
2095,71
2096,71
2097,71
2098,71
2099,94
2100,71
2101,71
2102,72
2103,71
2104,71
2105,71
2106,71
2107,94
2108,71
2109,71
2110,71
2111,71
2112,71
2113,71
2114,72
2115,71
2116,71
2117,94
2118,94
2119,94
2120,94
2121,94
2122,94
2123,94
2124,44
2125,44
2126,94
2127,94
2128,94
2129,94
2130,94
2131,94
2132,94
2133,94
2134,94
2135,94
2136,94
2137,94
2138,94
2139,94
2140,94
2141,94
2142,29
2143,29
2144,29
2145,29
2146,89
2147,89
2148,29
2149,62
2150,62
2151,34
2152,62
2153,62
2154,62
2155,62
2156,15
2157,15
2158,62
2159,62
2160,15
2161,62
2162,108
2163,108
2164,62
2165,108
2166,6
2167,6
2168,108
2169,108
2170,13
2171,108
2172,108
2173,108
2174,13
2175,108
2176,13
2177,13
2178,6
2179,13
2180,13
2181,13
2182,13
2183,13
2184,6
2185,13
2186,136
2187,0
2188,136
2189,107
2190,107
2191,107
2192,107
2193,6
2194,120
2195,107
2196,120
2197,120
2198,120
2199,120
2200,120
2201,120
2202,6
2203,6
2204,120
2205,120
2206,120
2207,117
2208,13
2209,26
2210,6
2211,13
2212,13
2213,13
2214,13
2215,13
2216,13
2217,13
2218,13
2219,13
2220,13
2221,26
2222,13
2223,13
2224,13
2225,13
2226,89
2227,127
2228,128
2229,13
2230,13
2231,127
2232,13
2233,34
2234,128
2235,62
2236,34
2237,34
2238,34
2239,34
2240,106
2241,53
2242,34
2243,34
2244,34
2245,34
2246,106
2247,34
2248,34
2249,34
2250,94
2251,94
2252,94
2253,94
2254,94
2255,22
2256,94
2257,94
2258,94
2259,94
2260,22
2261,94
2262,94
2263,94
2264,94
2265,94
2266,94
2267,37
2268,94
2269,94
2270,94
2271,94
2272,37
2273,37
2274,94
2275,94
2276,94
2277,37
2278,94
2279,94
2280,94
2281,25
2282,89
2283,25
2284,25
2285,25
2286,25
2287,120
2288,120
2289,120
2290,120
2291,120
2292,120
2293,120
2294,37
2295,37
2296,120
2297,107
2298,120
2299,107
2300,37
2301,107
2302,107
2303,107
2304,107
2305,107
2306,37
2307,110
2308,110
2309,110
2310,110
2311,12
2312,12
2313,12
2314,134
2315,134
2316,7
2317,7
2318,7
2319,28
2320,125
2321,125
2322,39
2323,39
2324,125
2325,125
2326,125
2327,137
2328,137
2329,137
2330,137
2331,28
2332,28
2333,69
2334,69
2335,69
2336,69
2337,89
2338,89
2339,109
2340,109
2341,69
2342,125
2343,125
2344,137
2345,125
2346,137
2347,137
2348,137
2349,137
2350,122
2351,122
2352,137
2353,137
2354,137
2355,137
2356,137
2357,122
2358,35
2359,79
2360,128
2361,79
2362,35
2363,30
2364,30
2365,30
2366,35
2367,35
2368,3
2369,3
2370,89
2371,35
2372,35
2373,35
2374,79
2375,79
2376,79
2377,58
2378,58
2379,5
2380,79
2381,79
2382,79
2383,79
2384,79
2385,79
2386,79
2387,79
2388,79
2389,79
2390,4
2391,4
2392,4
2393,5
2394,5
2395,5
2396,0
2397,13
2398,89
2399,43
2400,85
2401,0
2402,0
2403,138
2404,138
2405,43
2406,15
2407,59
2408,59
2409,85
2410,59
2411,43
2412,85
2413,59
2414,59
2415,59
2416,59
2417,59
2418,43
2419,59
2420,59
2421,59
2422,59
2423,59
2424,59
2425,59
2426,59
2427,85
2428,135
2429,135
2430,135
2431,135
2432,97
2433,97
2434,85
2435,85
2436,97
2437,85
2438,85
2439,55
2440,55
2441,97
2442,85
2443,55
2444,55
2445,55
2446,66
2447,97
2448,94
2449,94
2450,94
2451,94
2452,97
2453,94
2454,94
2455,94
2456,58
2457,58
2458,122
2459,122
2460,58
2461,132
2462,132
2463,132
2464,132
2465,58
2466,58
2467,66
2468,66
2469,66
2470,66
2471,66
2472,58
2473,53
2474,53
2475,12
2476,12
2477,12
2478,12
2479,12
2480,53
2481,12
2482,12
2483,12
2484,12
2485,12
2486,0
2487,0
2488,12
2489,12
2490,104
2491,0
2492,12
2493,12
2494,12
2495,12
2496,48
2497,48
2498,0
2499,0
2500,48
2501,48
2502,48
2503,48
2504,48
2505,48
2506,48
2507,48
2508,48
2509,48
2510,48
2511,44
2512,44
2513,48
2514,48
2515,48
2516,48
2517,48
2518,44
2519,14
2520,48
2521,12
2522,12
2523,12
2524,12
2525,12
2526,12
2527,12
2528,44
2529,51
2530,51
2531,51
2532,14
2533,44
2534,104
2535,14
2536,100
2537,100
2538,100
2539,127
2540,127
2541,127
2542,127
2543,127
2544,127
2545,127
2546,127
2547,14
2548,14
2549,127
2550,127
2551,127
2552,127
2553,127
2554,127
2555,127
2556,127
2557,127
2558,14
2559,127
2560,127
2561,103
2562,127
2563,103
2564,127
2565,103
2566,103
2567,127
2568,103
2569,103
2570,103
2571,103
2572,103
2573,125
2574,103
2575,125
2576,125
2577,125
2578,125
2579,125
2580,125
2581,125
2582,125
2583,125
2584,125
2585,125
2586,125
2587,125
2588,125
2589,125
2590,125
2591,125
2592,14
2593,125
2594,125
2595,125
2596,115
2597,115
2598,127
2599,127
2600,15
2601,15
2602,127
2603,127
2604,127
2605,127
2606,127
2607,127
2608,127
2609,127
2610,127
2611,127
2612,104
2613,0
2614,0
2615,127
2616,127
2617,127
2618,0
2619,127
2620,28
2621,127
2622,125
2623,0
2624,125
2625,70
2626,70
2627,130
2628,130
2629,139
2630,139
2631,101
2632,140
2633,139
2634,88
2635,122
2636,139
2637,140
2638,43
2639,43
2640,43
2641,101
2642,16
2643,16
2644,140
2645,16
2646,16
2647,101
2648,101
2649,3
2650,3
2651,101
2652,3
2653,3
2654,34
2655,141
2656,141
2657,128
2658,34
2659,140
2660,116
2661,116
2662,96
2663,96
2664,96
2665,96
2666,96
2667,96
2668,46
2669,46
2670,46
2671,46
2672,46
2673,46
2674,46
2675,46
2676,46
2677,46
2678,46
2679,46
2680,46
2681,85
2682,85
2683,43
2684,141
2685,8
2686,8
2687,8
2688,47
2689,47
2690,47
2691,47
2692,47
2693,35
2694,6
2695,6
2696,6
2697,6
2698,79
2699,79
2700,69
2701,79
2702,69
2703,69
2704,124
2705,124
2706,124
2707,108
2708,108
2709,108
2710,0
2711,69
2712,0
2713,0
2714,0
2715,0
2716,0
2717,0
2718,69
2719,69
2720,51
2721,51
2722,51
2723,106
2724,106
2725,106
2726,106
2727,69
2728,69
2729,69
2730,99
2731,99
2732,78
2733,78
2734,78
2735,76
2736,89
2737,75
2738,75
2739,75
2740,75
2741,75
2742,75
2743,75
2744,75
2745,135
2746,135
2747,75
2748,113
2749,75
2750,75
2751,75
2752,75
2753,76
2754,141
2755,74
2756,74
2757,93
2758,112
2759,74
2760,74
2761,74
2762,112
2763,74
2764,99
2765,99
2766,99
2767,99
2768,99
2769,99
2770,99
2771,99
2772,100
2773,99
2774,99
2775,99
2776,99
2777,128
2778,128
2779,100
2780,100
2781,100
2782,100
2783,101
2784,100
2785,100
2786,100
2787,100
2788,100
2789,100
2790,100
2791,100
2792,100
2793,101
2794,100
2795,100
2796,100
2797,108
2798,108
2799,101
2800,101
2801,108
2802,108
2803,108
2804,97
2805,97
2806,101
2807,108
2808,108
2809,108
2810,108
2811,108
2812,108
2813,108
2814,101
2815,108
2816,108
2817,108
2818,72
2819,72
2820,108
2821,108
2822,72
2823,80
2824,80
2825,72
2826,72
2827,80
2828,72
2829,89
2830,89
2831,116
2832,116
2833,89
2834,116
2835,89
2836,8
2837,8
2838,8
2839,8
2840,97
2841,7
2842,7
2843,133
2844,133
2845,7
2846,55
2847,55
2848,80
2849,80
2850,26
2851,26
2852,21
2853,21
2854,142
2855,142
2856,31
2857,31
2858,31
2859,142
2860,142
2861,112
2862,112
2863,4
2864,4
2865,112
2866,112
2867,43
2868,43
2869,43
2870,43
2871,43
2872,43
2873,59
2874,59
2875,59
2876,33
2877,33
2878,59
2879,33
2880,59
2881,59
2882,43
2883,43
2884,43
2885,94
2886,94
2887,59
2888,94
2889,94
2890,94
2891,13
2892,13
2893,59
2894,11
2895,11
2896,4
2897,97
2898,59
2899,124
2900,124
2901,89
2902,89
2903,47
2904,47
2905,89
2906,89
2907,31
2908,64
2909,59
2910,59
2911,64
2912,11
2913,59
2914,36
2915,36
2916,36
2917,120
2918,120
2919,120
2920,6
2921,6
2922,130
2923,130
2924,130
2925,6
2926,130
2927,130
2928,130
2929,130
2930,130
2931,6
2932,143
2933,143
2934,143
2935,143
2936,6
2937,73
2938,73
2939,73
2940,73
2941,44
2942,44
2943,66
2944,66
2945,37
2946,22
2947,66
2948,21
2949,21
2950,133
2951,133
2952,37
2953,133
2954,133
2955,37
2956,67
2957,101
2958,101
2959,101
2960,101
2961,0
2962,0
2963,101
2964,37
2965,37
2966,131
2967,131
2968,0
2969,131
2970,0
2971,120
2972,120
2973,120
2974,124
2975,87
2976,14
2977,144
2978,144
2979,0
2980,0
2981,144
2982,144
2983,144
2984,37
2985,37
2986,93
2987,93
2988,37
2989,21
2990,21
2991,21
2992,21
2993,21
2994,21
2995,37
2996,107
2997,107
2998,107
2999,107
3000,107
3001,107
3002,91
3003,91
3004,107
3005,107
3006,107
3007,107
3008,107
3009,107
3010,107
3011,107
3012,107
3013,97
3014,97
3015,97
3016,97
3017,97
3018,97
3019,91
3020,91
3021,97
3022,26
3023,26
3024,145
3025,145
3026,110
3027,110
3028,0
3029,87
3030,114
3031,114
3032,114
3033,87
3034,88
3035,88
3036,1
3037,1
3038,66
3039,66
3040,16
3041,16
3042,16
3043,16
3044,8
3045,8
3046,8
3047,88
3048,8
3049,8
3050,8
3051,8
3052,8
3053,88
3054,88
3055,107
3056,107
3057,107
3058,120
3059,120
3060,120
3061,120
3062,88
3063,46
3064,74
3065,74
3066,74
3067,74
3068,74
3069,74
3070,74
3071,74
3072,141
3073,141
3074,74
3075,74
3076,74
3077,74
3078,74
3079,74
3080,74
3081,74
3082,74
3083,26
3084,26
3085,74
3086,74
3087,74
3088,74
3089,74
3090,26
3091,74
3092,74
3093,74
3094,74
3095,74
3096,26
3097,96
3098,96
3099,96
3100,96
3101,96
3102,96
3103,96
3104,96
3105,33
3106,33
3107,96
3108,46
3109,33
3110,46
3111,46
3112,46
3113,46
3114,46
3115,46
3116,35
3117,33
3118,141
3119,4
3120,101
3121,31
3122,31
3123,31
3124,31
3125,31
3126,31
3127,31
3128,31
3129,31
3130,4
3131,31
3132,31
3133,31
3134,31
3135,31
3136,31
3137,4
3138,31
3139,8
3140,8
3141,4
3142,8
3143,8
3144,4
3145,113
3146,113
3147,113
3148,73
3149,73
3150,73
3151,72
3152,72
3153,26
3154,26
3155,28
3156,72
3157,72
3158,72
3159,72
3160,72
3161,72
3162,72
3163,72
3164,72
3165,72
3166,72
3167,98
3168,98
3169,98
3170,91
3171,28
3172,72
3173,72
3174,0
3175,72
3176,72
3177,98
3178,113
3179,113
3180,98
3181,98
3182,98
3183,114
3184,98
3185,98
3186,98
3187,98
3188,98
3189,114
3190,98
3191,98
3192,98
3193,98
3194,98
3195,98
3196,34
3197,34
3198,34
3199,34
3200,34
3201,34
3202,141
3203,143
3204,76
3205,76
3206,116
3207,116
3208,116
3209,131
3210,76
3211,131
3212,131
3213,131
3214,131
3215,115
3216,146
3217,87
3218,87
3219,146
3220,115
3221,87
3222,47
3223,47
3224,47
3225,87
3226,87
3227,87
3228,79
3229,80
3230,26
3231,26
3232,26
3233,56
3234,56
3235,56
3236,56
3237,56
3238,56
3239,62
3240,62
3241,62
3242,71
3243,71
3244,6
3245,45
3246,45
3247,71
3248,147
3249,147
3250,147
3251,147
3252,45
3253,7
3254,7
3255,7
3256,7
3257,48
3258,45
3259,80
3260,80
3261,80
3262,52
3263,52
3264,52
3265,1
3266,1
3267,1
3268,148
3269,148
3270,148
3271,52
3272,6
3273,74
3274,69
3275,69
3276,49
3277,49
3278,49
3279,142
3280,142
3281,142
3282,75
3283,4
3284,75
3285,75
3286,75
3287,69
3288,75
3289,75
3290,75
3291,26
3292,11
3293,75
3294,75
3295,75
3296,75
3297,34
3298,75
3299,75
3300,75
3301,75
3302,75
3303,34
3304,75
3305,75
3306,8
3307,8
3308,8
3309,8
3310,8
3311,8
3312,4
3313,4
3314,4
3315,44
3316,44
3317,44
3318,6
3319,4
3320,28
3321,28
3322,28
3323,28
3324,22
3325,22
3326,28
3327,103
3328,103
3329,103
3330,22
3331,22
3332,148
3333,148
3334,148
3335,148
3336,35
3337,31
3338,31
3339,31
3340,72
3341,72
3342,31
3343,31
3344,31
3345,31
3346,72
3347,72
3348,72
3349,92
3350,92
3351,92
3352,110
3353,110
3354,72
3355,72
3356,110
3357,110
3358,107
3359,107
3360,107
3361,6
3362,72
3363,67
3364,67
3365,107
3366,111
3367,111
3368,50
3369,50
3370,148
3371,17
3372,17
3373,17
3374,119
3375,119
3376,54
3377,54
3378,119
3379,119
3380,119
3381,54
3382,119
3383,119
3384,85
3385,85
3386,54
3387,119
3388,85
3389,119
3390,22
3391,14
3392,78
3393,78
3394,78
3395,33
3396,33
3397,72
3398,72
3399,72
3400,22
3401,37
3402,62
3403,62
3404,127
3405,127
3406,47
3407,47
3408,5
3409,5
3410,5
3411,127
3412,79
3413,79
3414,79
3415,79
3416,127
3417,79
3418,79
3419,79
3420,79
3421,33
3422,33
3423,79
3424,79
3425,79
3426,79
3427,4
3428,4
3429,127
3430,26
3431,26
3432,26
3433,26
3434,127
3435,127
3436,41
3437,41
3438,41
3439,41
3440,41
3441,41
3442,127
3443,41
3444,41
3445,47
3446,47
3447,47
3448,47
3449,27
3450,27
3451,27
3452,111
3453,111
3454,104
3455,62
3456,62
3457,119
3458,119
3459,119
3460,149
3461,149
3462,149
3463,116
3464,116
3465,116
3466,148
3467,148
3468,98
3469,62
3470,52
3471,75
3472,26
3473,52
3474,75
3475,52
3476,75
3477,52
3478,52
3479,147
3480,147
3481,64
3482,147
3483,0
3484,17
3485,17
3486,17
3487,62
3488,62
3489,62
3490,0
3491,62
3492,62
3493,62
3494,62
3495,112
3496,35
3497,35
3498,35
3499,46
3500,46
3501,56
3502,56
3503,46
3504,110
3505,147
3506,147
3507,147
3508,46
3509,85
3510,85
3511,85
3512,46
3513,46
3514,92
3515,92
3516,67
3517,67
3518,92
3519,92
3520,45
3521,45
3522,67
3523,45
3524,1
3525,1
3526,26
3527,18
3528,18
3529,135
3530,135
3531,51
3532,51
3533,18
3534,18
3535,18
3536,18
3537,123
3538,123
3539,18
3540,29
3541,116
3542,66
3543,66
3544,18
3545,66
3546,66
3547,66
3548,66
3549,66
3550,18
3551,18
3552,18
3553,80
3554,80
3555,80
3556,132
3557,132
3558,132
3559,145
3560,145
3561,145
3562,18
3563,48
3564,48
3565,48
3566,3
3567,3
3568,83
3569,83
3570,83
3571,82
3572,26
3573,82
3574,82
3575,82
3576,82
3577,82
3578,103
3579,103
3580,82
3581,82
3582,82
3583,95
3584,95
3585,103
3586,82
3587,82
3588,82
3589,106
3590,106
3591,82
3592,82
3593,82
3594,82
3595,82
3596,82
3597,106
3598,82
3599,82
3600,82
3601,82
3602,38
3603,38
3604,106
3605,106
3606,106
3607,130
3608,130
3609,106
3610,130
3611,130
3612,66
3613,66
3614,66
3615,66
3616,1
3617,1
3618,1
3619,106
3620,39
3621,1
3622,95
3623,39
3624,73
3625,73
3626,73
3627,73
3628,92
3629,92
3630,45
3631,45
3632,91
3633,91
3634,91
3635,91
3636,45
3637,45
3638,148
3639,148
3640,45
3641,148
3642,37
3643,150
3644,150
3645,150
3646,37
3647,85
3648,85
3649,37
3650,85
3651,109
3652,85
3653,43
3654,127
3655,95
3656,109
3657,64
3658,64
3659,64
3660,64
3661,10
3662,10
3663,10
3664,10
3665,93
3666,93
3667,67
3668,67
3669,93
3670,148
3671,148
3672,67
3673,148
3674,148
3675,85
3676,85
3677,85
3678,85
3679,85
3680,5
3681,5
3682,5
3683,5
3684,5
3685,5
3686,5
3687,5
3688,5
3689,5
3690,5
3691,5
3692,5
3693,5
3694,5
3695,5
3696,100
3697,51
3698,51
3699,51
3700,51
3701,26
3702,5
3703,51
3704,51
3705,51
3706,51
3707,51
3708,95
3709,59
3710,59
3711,59
3712,35
3713,35
3714,35
3715,35
3716,35
3717,35
3718,35
3719,43
3720,43
3721,43
3722,7
3723,7
3724,7
3725,7
3726,7
3727,43
3728,7
3729,7
3730,108
3731,108
3732,95
3733,95
3734,95
3735,108
3736,95
3737,95
3738,95
3739,95
3740,6
3741,6
3742,6
3743,6
3744,6
3745,6
3746,95
3747,108
3748,6
3749,6
3750,6
3751,6
3752,6
3753,108
3754,108
3755,6
3756,6
3757,6
3758,108
3759,6
3760,6
3761,82
3762,82
3763,82
3764,82
3765,108
3766,82
3767,82
3768,82
3769,82
3770,58
3771,58
3772,82
3773,82
3774,82
3775,82
3776,11
3777,11
3778,82
3779,82
3780,82
3781,82
3782,82
3783,11
3784,82
3785,82
3786,82
3787,82
3788,26
3789,82
3790,11
3791,95
3792,11
3793,70
3794,70
3795,130
3796,14
3797,14
3798,14
3799,7
3800,7
3801,7
3802,7
3803,14
3804,127
3805,127
3806,14
3807,14
3808,66
3809,66
3810,66
3811,35
3812,35
3813,35
3814,33
3815,33
3816,33
3817,15
3818,101
3819,101
3820,101
3821,101
3822,29
3823,118
3824,118
3825,118
3826,118
3827,118
3828,118
3829,118
3830,69
3831,15
3832,38
3833,38
3834,26
3835,26
3836,26
3837,26
3838,116
3839,116
3840,116
3841,116
3842,116
3843,116
3844,116
3845,9
3846,9
3847,9
3848,9
3849,9
3850,9
3851,9
3852,9
3853,9
3854,15
3855,15
3856,128
3857,128
3858,128
3859,128
3860,128
3861,128
3862,128
3863,128
3864,128
3865,128
3866,58
3867,128
3868,58
3869,15
3870,15
3871,58
3872,58
3873,58
3874,114
3875,114
3876,58
3877,58
3878,58
3879,58
3880,58
3881,114
3882,58
3883,58
3884,58
3885,58
3886,114
3887,58
3888,58
3889,47
3890,114
3891,114
3892,51
3893,144
3894,51
3895,114
3896,9
3897,116
3898,114
3899,95
3900,95
3901,95
3902,0
3903,0
3904,0
3905,95
3906,95
3907,95
3908,108
3909,69
3910,69
3911,69
3912,35
3913,35
3914,35
3915,35
3916,69
3917,35
3918,116
3919,116
3920,26
3921,26
3922,144
3923,144
3924,116
3925,116
3926,116
3927,9
3928,9
3929,9
3930,9
3931,9
3932,144
3933,9
3934,9
3935,9
3936,9
3937,116
3938,116
3939,116
3940,59
3941,148
3942,148
3943,148
3944,148
3945,148
3946,116
3947,102
3948,102
3949,0
3950,0
3951,0
3952,0
3953,0
3954,6
3955,6
3956,0
3957,0
3958,0
3959,0
3960,0
3961,0
3962,0
3963,0
3964,0
3965,0
3966,0
3967,0
3968,0
3969,138
3970,0
3971,0
3972,0
3973,35
3974,0
3975,0
3976,0
3977,0
3978,1
3979,1
3980,35
3981,0
3982,0
3983,0
3984,0
3985,55
3986,0
3987,0
3988,0
3989,0
3990,0
3991,0
3992,0
3993,0
3994,0
3995,0
3996,0
3997,0
3998,0
3999,0
4000,138
4001,138
4002,138
4003,138
4004,138
4005,138
4006,138
4007,138
4008,138
4009,34
4010,34
4011,34
4012,71
4013,71
4014,71
4015,71
4016,71
4017,34
4018,34
4019,34
4020,1
4021,71
4022,151
4023,151
4024,151
4025,151
4026,18
4027,18
4028,111
4029,111
4030,111
4031,50
4032,50
4033,50
4034,144
4035,9
4036,9
4037,116
4038,116
4039,144
4040,144
4041,109
4042,109
4043,109
4044,41
4045,41
4046,135
4047,135
4048,114
4049,114
4050,114
4051,80
4052,80
4053,80
4054,114
4055,41
4056,41
4057,41
4058,114
4059,114
4060,41
4061,41
4062,41
4063,1
4064,1
4065,1
4066,35
4067,90
4068,35
4069,35
4070,120
4071,120
4072,120
4073,120
4074,120
4075,37
4076,37
4077,120
4078,120
4079,120
4080,120
4081,120
4082,120
4083,107
4084,107
4085,107
4086,107
4087,107
4088,107
4089,107
4090,107
4091,107
4092,107
4093,107
4094,30
4095,30
4096,107
4097,107
4098,107
4099,107
4100,30
4101,107
4102,107
4103,1
4104,30
4105,107
4106,107
4107,0
4108,0
4109,107
4110,107
4111,30
4112,107
4113,30
4114,30
4115,30
4116,30
4117,30
4118,30
4119,30
4120,30
4121,0
4122,30
4123,30
4124,30
4125,30
4126,30
4127,30
4128,30
4129,91
4130,30
4131,30
4132,30
4133,101
4134,101
4135,30
4136,30
4137,30
4138,30
4139,30
4140,101
4141,30
4142,30
4143,30
4144,67
4145,67
4146,67
4147,145
4148,56
4149,145
4150,59
4151,59
4152,59
4153,59
4154,80
4155,80
4156,80
4157,145
4158,80
4159,80
4160,80
4161,80
4162,150
4163,150
4164,80
4165,80
4166,80
4167,80
4168,69
4169,101
4170,80
4171,67
4172,67
4173,67
4174,67
4175,14
4176,14
4177,14
4178,14
4179,14
4180,14
4181,14
4182,14
4183,14
4184,14
4185,14
4186,64
4187,64
4188,64
4189,64
4190,75
4191,75
4192,75
4193,75
4194,74
4195,75
4196,33
4197,33
4198,74
4199,74
4200,74
4201,74
4202,93
4203,93
4204,74
4205,74
4206,93
4207,74
4208,74
4209,74
4210,93
4211,74
4212,74
4213,70
4214,70
4215,70
4216,70
4217,70
4218,23
4219,23
4220,70
4221,70
4222,127
4223,127
4224,23
4225,127
4226,127
4227,127
4228,23
4229,127
4230,127
4231,127
4232,35
4233,35
4234,70
4235,70
4236,70
4237,35
4238,28
4239,28
4240,28
4241,87
4242,66
4243,66
4244,66
4245,66
4246,66
4247,66
4248,55
4249,21
4250,21
4251,21
4252,21
4253,21
4254,21
4255,21
4256,21
4257,21
4258,21
4259,150
4260,150
4261,145
4262,145
4263,145
4264,49
4265,49
4266,49
4267,110
4268,49
4269,49
4270,76
4271,76
4272,76
4273,33
4274,33
4275,108
4276,108
4277,108
4278,108
4279,108
4280,108
4281,108
4282,33
4283,108
4284,108
4285,108
4286,108
4287,108
4288,108
4289,0
4290,0
4291,0
4292,0
4293,33
4294,108
4295,108
4296,108
4297,108
4298,82
4299,82
4300,59
4301,39
4302,39
4303,59
4304,149
4305,149
4306,149
4307,149
4308,149
4309,149
4310,59
4311,74
4312,74
4313,101
4314,101
4315,101
4316,59
4317,101
4318,93
4319,93
4320,74
4321,74
4322,74
4323,26
4324,42
4325,42
4326,74
4327,74
4328,130
4329,130
4330,130
4331,110
4332,110
4333,110
4334,110
4335,35
4336,35
4337,35
4338,35
4339,116
4340,116
4341,76
4342,76
4343,62
4344,62
4345,62
4346,62
4347,76
4348,62
4349,62
4350,76
4351,35
4352,35
4353,62
4354,62
4355,62
4356,62
4357,35
4358,62
4359,35
4360,66
4361,66
4362,66
4363,66
4364,35
4365,66
4366,66
4367,118
4368,118
4369,118
4370,25
4371,25
4372,25
4373,35
4374,35
4375,80
4376,80
4377,80
4378,35
4379,101
4380,140
4381,35
4382,35
4383,0
4384,35
4385,35
4386,128
4387,128
4388,101
4389,101
4390,103
4391,103
4392,35
4393,67
4394,67
4395,67
4396,37
4397,37
4398,37
4399,37
4400,37
4401,12
4402,12
4403,14
4404,14
4405,14
4406,14
4407,47
4408,47
4409,67
4410,67
4411,67
4412,67
4413,47
4414,15
4415,33
4416,152
4417,33
4418,33
4419,74
4420,74
4421,74
4422,75
4423,75
4424,75
4425,137
4426,137
4427,39
4428,44
4429,14
4430,44
4431,44
4432,44
4433,44
4434,14
4435,44
4436,44
4437,35
4438,35
4439,35
4440,35
4441,74
4442,74
4443,74
4444,74
4445,74
4446,74
4447,135
4448,135
4449,135
4450,135
4451,22
4452,22
4453,22
4454,22
4455,22
4456,72
4457,22
4458,22
4459,22
4460,25
4461,120
4462,25
4463,25
4464,72
4465,25
4466,25
4467,25
4468,25
4469,25
4470,25
4471,25
4472,45
4473,72
4474,45
4475,45
4476,45
4477,45
4478,45
4479,71
4480,45
4481,45
4482,45
4483,94
4484,45
4485,94
4486,94
4487,45
4488,94
4489,126
4490,126
4491,45
4492,45
4493,45
4494,58
4495,126
4496,114
4497,147
4498,147
4499,147
4500,147
4501,48
4502,48
4503,50
4504,50
4505,96
4506,96
4507,96
4508,75
4509,75
4510,17
4511,17
4512,17
4513,50
4514,71
4515,71
4516,71
4517,71
4518,67
4519,139
4520,139
4521,70
4522,70
4523,70
4524,139
4525,70
4526,70
4527,70
4528,70
4529,120
4530,120
4531,56
4532,56
4533,56
4534,56
4535,56
4536,56
4537,56
4538,56
4539,56
4540,56
4541,85
4542,85
4543,85
4544,85
4545,85
4546,73
4547,73
4548,73
4549,79
4550,79
4551,37
4552,37
4553,29
4554,44
4555,44
4556,44
4557,14
4558,14
4559,14
4560,67
4561,67
4562,67
4563,67
4564,67
4565,6
4566,6
4567,6
4568,6
4569,6
4570,6
4571,6
4572,6
4573,6
4574,6
4575,6
4576,6
4577,6
4578,6
4579,6
4580,6
4581,6
4582,6
4583,30
4584,6
4585,30
4586,30
4587,30
4588,30
4589,30
4590,30
4591,30
4592,30
4593,62
4594,104
4595,104
4596,104
4597,104
4598,104
4599,104
4600,62
4601,33
4602,33
4603,33
4604,33
4605,99
4606,99
4607,99
4608,99
4609,99
4610,99
4611,99
4612,99
4613,99
4614,99
4615,99
4616,99
4617,99
4618,52
4619,52
4620,100
4621,100
4622,100
4623,52
4624,33
4625,33
4626,39
4627,39
4628,39
4629,39
4630,52
4631,39
4632,39
4633,39
4634,39
4635,98
4636,98
4637,74
4638,74
4639,14
4640,14
4641,14
4642,14
4643,14
4644,148
4645,148
4646,148
4647,89
4648,148
4649,148
4650,148
4651,30
4652,30
4653,89
4654,30
4655,19
4656,19
4657,30
4658,19
4659,66
4660,66
4661,26
4662,26
4663,66
4664,142
4665,142
4666,142
4667,26
4668,4
4669,4
4670,33
4671,11
4672,59
4673,59
4674,26
4675,36
4676,11
4677,36
4678,36
4679,36
4680,36
4681,36
4682,36
4683,36
4684,11
4685,36
4686,36
4687,36
4688,36
4689,36
4690,36
4691,36
4692,144
4693,36
4694,36
4695,36
4696,36
4697,36
4698,36
4699,116
4700,116
4701,36
4702,36
4703,36
4704,36
4705,36
4706,26
4707,36
4708,36
4709,36
4710,82
4711,26
4712,82
4713,82
4714,82
4715,82
4716,82
4717,82
4718,82
4719,82
4720,82
4721,82
4722,82
4723,82
4724,82
4725,26
4726,82
4727,82
4728,82
4729,82
4730,82
4731,82
4732,26
4733,82
4734,82
4735,26
4736,26
4737,82
4738,82
4739,36
4740,36
4741,36
4742,26
4743,36
4744,36
4745,36
4746,36
4747,36
4748,36
4749,36
4750,36
4751,36
4752,36
4753,36
4754,36
4755,36
4756,10
4757,10
4758,36
4759,99
4760,99
4761,99
4762,99
4763,99
4764,99
4765,99
4766,127
4767,127
4768,127
4769,100
4770,100
4771,22
4772,22
4773,100
4774,99
4775,26
4776,118
4777,118
4778,118
4779,118
4780,118
4781,118
4782,134
4783,134
4784,134
4785,10
4786,110
4787,134
4788,75
4789,75
4790,75
4791,75
4792,75
4793,75
4794,75
4795,135
4796,135
4797,22
4798,37
4799,88
4800,88
4801,88
4802,88
4803,37
4804,119
4805,119
4806,85
4807,85
4808,22
4809,107
4810,107
4811,107
4812,107
4813,107
4814,107
4815,10
4816,22
4817,22
4818,107
4819,107
4820,107
4821,67
4822,67
4823,107
4824,67
4825,128
4826,128
4827,128
4828,128
4829,67
4830,128
4831,128
4832,87
4833,87
4834,87
4835,124
4836,87
4837,122
4838,122
4839,122
4840,122
4841,133
4842,133
4843,133
4844,133
4845,133
4846,133
4847,133
4848,44
4849,44
4850,70
4851,70
4852,70
4853,70
4854,124
4855,87
4856,127
4857,127
4858,124
4859,148
4860,148
4861,148
4862,148
4863,40
4864,36
4865,36
4866,36
4867,18
4868,18
4869,55
4870,55
4871,55
4872,18
4873,66
4874,66
4875,66
4876,66
4877,66
4878,66
4879,66
4880,66
4881,66
4882,66
4883,66
4884,66
4885,66
4886,66
4887,66
4888,66
4889,66
4890,66
4891,66
4892,18
4893,66
4894,66
4895,66
4896,66
4897,44
4898,65
4899,66
4900,66
4901,66
4902,66
4903,66
4904,64
4905,64
4906,64
4907,64
4908,64
4909,64
4910,64
4911,64
4912,64
4913,64
4914,64
4915,64
4916,64
4917,64
4918,64
4919,18
4920,64
4921,64
4922,64
4923,64
4924,64
4925,64
4926,64
4927,64
4928,65
4929,64
4930,64
4931,64
4932,64
4933,64
4934,64
4935,64
4936,64
4937,65
4938,64
4939,64
4940,104
4941,104
4942,104
4943,104
4944,104
4945,104
4946,104
4947,104
4948,111
4949,111
4950,111
4951,111
4952,111
4953,111
4954,111
4955,111
4956,111
4957,111
4958,87
4959,111
4960,111
4961,111
4962,111
4963,88
4964,111
4965,111
4966,50
4967,50
4968,50
4969,50
4970,50
4971,50
4972,33
4973,33
4974,50
4975,50
4976,50
4977,50
4978,50
4979,49
4980,50
4981,109
4982,109
4983,50
4984,49
4985,50
4986,49
4987,50
4988,50
4989,50
4990,49
4991,49
4992,49
4993,49
4994,109
4995,49
4996,49
4997,49
4998,49
4999,49
5000,49
5001,76
5002,76
5003,76
5004,76
5005,76
5006,113
5007,113
5008,89
5009,113
5010,113
5011,113
5012,115
5013,109
5014,66
5015,66
5016,66
5017,66
5018,66
5019,66
5020,55
5021,55
5022,101
5023,66
5024,64
5025,101
5026,64
5027,64
5028,64
5029,101
5030,64
5031,64
5032,64
5033,64
5034,64
5035,64
5036,64
5037,45
5038,45
5039,64
5040,64
5041,64
5042,64
5043,64
5044,64
5045,64
5046,64
5047,64
5048,64
5049,33
5050,45
5051,64
5052,64
5053,104
5054,104
5055,45
5056,104
5057,104
5058,104
5059,111
5060,111
5061,111
5062,111
5063,111
5064,111
5065,111
5066,45
5067,111
5068,111
5069,111
5070,50
5071,50
5072,50
5073,50
5074,50
5075,46
5076,46
5077,49
5078,50
5079,49
5080,49
5081,46
5082,49
5083,49
5084,49
5085,49
5086,145
5087,145
5088,145
5089,72
5090,145
5091,49
5092,49
5093,49
5094,89
5095,49
5096,89
5097,89
5098,89
5099,89
5100,145
5101,145
5102,89
5103,115
5104,115
5105,33
5106,45
5107,9
5108,9
5109,9
5110,45
5111,28
5112,115
5113,28
5114,35
5115,35
5116,115
5117,53
5118,53
5119,53
5120,53
5121,54
5122,59
5123,54
5124,59
5125,149
5126,149
5127,149
5128,149
5129,149
5130,149
5131,118
5132,118
5133,56
5134,3
5135,3
5136,3
5137,3
5138,61
5139,61
5140,110
5141,110
5142,120
5143,120
5144,120
5145,120
5146,120
5147,116
5148,120
5149,120
5150,120
5151,120
5152,116
5153,17
5154,17
5155,17
5156,17
5157,43
5158,43
5159,43
5160,43
5161,20
5162,19
5163,20
5164,9
5165,85
5166,85
5167,85
5168,20
5169,20
5170,20
5171,9
5172,148
5173,148
5174,67
5175,67
5176,69
5177,69
5178,70
5179,70
5180,130
5181,130
5182,130
5183,65
5184,65
5185,130
5186,70
5187,70
5188,130
5189,149
5190,149
5191,149
5192,65
5193,149
5194,149
5195,149
5196,73
5197,73
5198,73
5199,73
5200,126
5201,58
5202,58
5203,58
5204,9
5205,9
5206,28
5207,28
5208,28
5209,37
5210,56
5211,9
5212,38
5213,38
5214,38
5215,9
5216,38
5217,9
5218,9
5219,9
5220,9
5221,9
5222,9
5223,153
5224,153
5225,30
5226,30
5227,30
5228,43
5229,37
5230,37
5231,37
5232,11
5233,26
5234,40
5235,5
5236,40
5237,11
5238,117
5239,117
5240,117
5241,117
5242,100
5243,100
5244,16
5245,16
5246,16
5247,33
5248,51
5249,51
5250,51
5251,51
5252,15
5253,15
5254,53
5255,53
5256,40
5257,40
5258,53
5259,53
5260,53
5261,110
5262,110
5263,40
5264,40
5265,119
5266,119
5267,119
5268,40
5269,129
5270,129
5271,40
5272,129
5273,120
5274,120
5275,17
5276,147
5277,40
5278,17
5279,17
5280,17
5281,17
5282,40
5283,147
5284,147
5285,40
5286,24
5287,24
5288,0
5289,0
5290,149
5291,24
5292,0
5293,135
5294,135
5297,99
5299,99
5300,99
5301,80
5302,80
5303,80
5304,47
5305,89
5306,115
5307,89
5308,101
5309,101
5310,69
5311,69
5312,18
5313,18
5314,69
5315,69
5316,101
5317,101
5318,101
5319,101
5320,79
5321,101
5322,101
5323,101
5324,101
5325,18
5326,101
5327,101
5328,101
5329,101
5330,101
5331,18
5332,18
5333,101
5334,101
5335,140
5336,140
5337,140
5338,101
5339,101
5340,101
5341,101
5342,128
5343,128
5344,128
5345,101
5346,101
5347,114
5348,114
5349,101
5350,4
5351,4
5352,4
5353,4
5354,4
5355,4
5356,4
5357,114
5358,4
5359,4
5360,4
5361,74
5362,74
5363,56
5364,114
5365,74
5366,74
5367,74
5368,74
5369,74
5370,74
5371,74
5372,74
5373,114
5374,74
5375,46
5376,46
5377,46
5378,46
5379,46
5380,46
5381,114
5382,114
5383,46
5384,4
5385,74
5386,74
5387,135
5388,74
5389,114
5390,74
5391,114
5392,43
5393,43
5394,43
5395,43
5396,43
5397,43
5398,43
5399,43
5400,43
5401,43
5402,22
5403,82
5404,82
5405,19
5406,20
5407,20
5408,20
5409,20
5410,82
5411,20
5412,20
5413,8
5414,8
5415,82
5416,82
5417,8
5418,8
5419,8
5420,13
5421,13
5422,8
5423,8
5424,74
5425,74
5426,84
5427,84
5428,84
5429,84
5430,13
5431,116
5432,116
5433,13
5434,116
5435,3
5436,26
5437,26
5438,7
5439,7
5440,7
5441,26
5442,26
5443,127
5444,127
5445,127
5446,127
5447,127
5448,127
5449,69
5450,69
5451,133
5452,133
5453,133
5454,101
5455,28
5456,69
5457,69
5458,69
5459,70
5460,70
5461,73
5462,73
5463,69
5464,70
5465,70
5466,89
5467,89
5468,37
5469,15
5470,35
5471,35
5472,27
5473,27
5474,89
5475,27
5476,50
5477,50
5478,50
5479,54
5480,54
5481,54
5482,71
5483,55
5484,55
5485,55
5486,119
5487,55
5488,71
5489,30
5490,22
5491,107
5492,107
5493,107
5494,30
5495,30
5496,30
5497,6
5498,6
5499,67
5500,67
5501,26
5502,26
5503,37
5504,26
5505,95
5506,95
5507,95
5508,95
5509,95
5510,33
5511,33
5512,28
5513,28
5514,28
5515,26
5516,28
5517,28
5518,33
5519,35
5520,35
5521,33
5522,35
5523,35
5524,96
5525,96
5526,65
5527,65
5528,65
5529,125
5530,28
5531,28
5532,65
5533,18
5534,115
5535,115
5536,115
5537,45
5538,48
5539,45
5540,45
5541,45
5542,65
5543,45
5544,45
5545,35
5546,35
5547,35
5548,35
5549,35
5550,18
5551,35
5552,8
5553,8
5554,8
5555,8
5556,18
5557,65
5558,48
5559,48
5560,48
5561,42
5562,42
5563,48
5564,48
5565,48
5566,48
5567,3
5568,3
5569,3
5570,42
5571,3
5572,3
5573,3
5574,3
5575,3
5576,42
5577,3
5578,3
5579,3
5580,3
5581,3
5582,116
5583,3
5584,3
5585,3
5586,3
5587,3
5588,3
5589,116
5590,3
5591,3
5592,3
5593,3
5594,3
5595,3
5596,117
5597,117
5598,3
5599,3
5600,93
5601,93
5602,93
5603,93
5604,93
5605,93
5606,37
5607,69
5608,69
5609,93
5610,93
5611,93
5612,93
5613,93
5614,69
5615,93
5616,3
5617,3
5618,3
5619,3
5620,3
5621,69
5622,69
5623,3
5624,3
5625,69
5626,3
5627,3
5628,3
5629,3
5630,33
5631,33
5632,3
5633,3
5634,3
5635,3
5636,3
5637,33
5638,93
5639,93
5640,93
5641,125
5642,125
5643,33
5644,78
5645,78
5646,72
5647,111
5648,36
5649,36
5650,36
5651,6
5652,6
5653,36
5654,36
5655,67
5656,67
5657,67
5658,118
5659,118
5660,84
5661,84
5662,146
5663,146
5664,146
5665,146
5666,118
5667,118
5668,118
5669,12
5670,12
5671,82
5672,26
5673,82
5674,12
5675,106
5676,106
5677,106
5678,20
5679,20
5680,4
5681,80
5682,80
5683,80
5684,80
5685,4
5686,80
5687,6
5688,4
5689,80
5690,80
5691,80
5692,80
5693,4
5694,130
5695,130
5696,128
5697,128
5698,130
5699,130
5700,130
5701,106
5702,106
5703,106
5704,106
5705,106
5706,106
5707,106
5708,35
5709,24
5710,24
5711,149
5712,149
5713,85
5714,85
5715,119
5716,119
5717,89
5718,89
5719,118
5720,118
5721,89
5722,6
5723,89
5724,20
5725,20
5726,65
5727,20
5728,20
5729,20
5730,20
5731,20
5732,20
5733,143
5734,19
5735,19
5736,19
5737,65
5738,65
5739,20
5740,20
5741,65
5742,8
5743,8
5744,8
5745,8
5746,7
5747,43
5748,0
5749,8
5750,0
5751,8
5752,8
5753,8
5754,0
5755,111
5756,111
5757,21
5758,21
5759,21
5760,47
5761,47
5762,21
5763,21
5764,55
5765,55
5766,55
5767,55
5768,55
5769,55
5770,55
5771,55
5772,84
5773,55
5774,47
5775,84
5776,84
5777,84
5778,84
5779,84
5780,84
5781,53
5782,53
5783,53
5784,53
5785,53
5786,0
5787,0
5788,0
5789,0
5790,0
5791,0
5792,0
5793,0
5794,0
5795,0
5796,47
5797,0
5798,66
5799,66
5800,66
5801,66
5802,66
5803,66
5804,66
5805,66
5806,55
5807,55
5808,55
5809,55
5810,55
5811,21
5812,21
5813,55
5814,55
5815,55
5816,53
5817,53
5818,53
5819,53
5820,53
5821,84
5822,84
5823,84
5824,0
5825,0
5826,0
5827,0
5828,0
5829,0
5830,0
5831,0
5832,0
5833,0
5834,0
5835,0
5836,0
5837,0
5838,0
5839,0
5840,106
5841,106
5842,106
5843,106
5844,106
5845,65
5846,65
5847,65
5848,65
5849,65
5850,65
5851,108
5852,108
5853,0
5854,108
5855,13
5856,13
5857,110
5858,110
5859,136
5860,136
5861,136
5862,133
5863,133
5864,133
5865,27
5866,133
5867,133
5868,73
5869,73
5870,73
5871,73
5872,73
5873,45
5874,45
5875,45
5876,45
5877,45
5878,1
5879,1
5880,1
5881,1
5882,1
5883,1
5884,39
5885,39
5886,39
5887,39
5888,7
5889,8
5890,48
5891,48
5892,33
5893,33
5894,127
5895,127
5896,7
5897,131
5898,50
5899,131
5900,6
5901,50
5902,70
5903,70
5904,70
5905,70
5906,70
5907,26
5908,26
5909,78
5910,78
5911,78
5912,43
5913,33
5914,33
5915,33
5916,26
5917,26
5918,33
5919,33
5920,131
5921,131
5922,107
5923,107
5924,107
5925,131
5926,130
5927,42
5928,130
5929,16
5930,131
5931,17
5932,17
5933,17
5934,17
5935,52
5936,52
5937,70
5938,70
5939,70
5940,52
5941,128
5942,128
5943,70
5944,70
5945,70
5946,70
5947,52
5948,70
5949,70
5950,70
5951,70
5952,52
5953,16
5954,16
5955,16
5956,16
5957,16
5958,16
5959,16
5960,16
5961,16
5962,16
5963,16
5964,16
5965,16
5966,16
5967,52
5968,16
5969,16
5970,16
5971,52
5972,16
5973,26
5974,26
5975,79
5976,52
5977,79
5978,79
5979,79
5980,79
5981,79
5982,79
5983,79
5984,79
5985,79
5986,79
5987,79
5988,79
5989,79
5990,79
5991,79
5992,79
5993,79
5994,79
5995,79
5996,79
5997,79
5998,79
5999,79
6000,55
6001,132
6002,132
6003,132
6004,132
6005,132
6006,132
6007,55
6008,132
6009,132
6010,132
6011,132
6012,132
6013,132
6014,132
6015,132
6016,132
6017,132
6018,132
6019,132
6020,132
6021,132
6022,132
6023,132
6024,132
6025,132
6026,132
6027,132
6028,132
6029,132
6030,22
6031,132
6032,132
6033,132
6034,132
6035,132
6036,132
6037,132
6038,132
6039,26
6040,132
6041,132
6042,132
6043,132
6044,26
6045,132
6046,26
6047,22
6048,79
6049,22
6050,79
6051,79
6052,79
6053,79
6054,71
6055,79
6056,79
6057,71
6058,71
6059,79
6060,79
6061,79
6062,79
6063,79
6064,79
6065,79
6066,79
6067,132
6068,132
6069,132
6070,132
6071,132
6072,71
6073,132
6074,132
6075,132
6076,132
6077,71
6078,132
6079,132
6080,132
6081,132
6082,132
6083,132
6084,132
6085,22
6086,132
6087,132
6088,26
6089,6
6090,26
6091,26
6092,26
6093,6
6094,96
6095,96
6096,6
6097,45
6098,45
6099,45
6100,98
6101,98
6102,64
6103,64
6104,64
6105,98
6106,98
6107,20
6108,20
6109,36
6110,82
6111,83
6112,52
6113,121
6114,121
6115,121
6116,121
6117,33
6118,101
6119,69
6120,101
6121,101
6122,52
6123,15
6124,15
6125,52
6126,52
6127,150
6128,150
6129,52
6130,148
6131,148
6132,148
6133,131
6134,131
6135,131
6136,131
6137,131
6138,131
6139,131
6140,52
6141,131
6142,52
6143,52
6144,111
6145,52
6146,111
6147,111
6148,16
6149,16
6150,16
6151,52
6152,52
6153,16
6154,16
6155,17
6156,17
6157,52
6158,52
6159,52
6160,100
6161,80
6162,100
6163,80
6164,80
6165,80
6166,80
6167,96
6168,96
6169,96
6170,100
6171,100
6172,100
6173,41
6174,41
6175,90
6176,90
6177,90
6178,90
6179,90
6180,33
6181,24
6182,24
6183,24
6184,24
6185,100
6186,100
6187,118
6188,118
6189,44
6190,44
6191,135
6192,80
6193,135
6194,80
6195,100
6196,80
6197,80
6198,51
6199,51
6200,51
6201,33
6202,51
6203,51
6204,80
6205,100
6206,46
6207,46
6208,46
6209,46
6210,46
6211,46
6212,46
6213,46
6214,46
6215,135
6216,135
6217,100
6218,135
6219,135
6220,135
6221,135
6222,33
6223,129
6224,129
6225,100
6226,129
6227,53
6228,106
6229,106
6230,53
6231,106
6232,106
6233,53
6234,106
6235,53
6236,53
6237,53
6238,53
6239,53
6240,53
6241,53
6242,53
6243,53
6244,53
6245,1
6246,1
6247,1
6248,1
6249,1
6250,1
6251,1
6252,1
6253,1
6254,1
6255,100
6256,1
6257,1
6258,1
6259,1
6260,1
6261,1
6262,1
6263,95
6264,95
6265,1
6266,1
6267,1
6268,66
6269,1
6270,66
6271,66
6272,66
6273,66
6274,66
6275,66
6276,66
6277,66
6278,66
6279,68
6280,68
6281,68
6282,68
6283,68
6284,68
6285,68
6286,68
6287,68
6288,68
6289,68
6290,68
6291,92
6292,92
6293,100
6294,92
6295,92
6296,92
6297,92
6298,92
6299,91
6300,92
6301,91
6302,91
6303,91
6304,91
6305,91
6306,91
6307,0
6308,0
6309,0
6310,0
6311,0
6312,108
6313,108
6314,108
6315,108
6316,100
6317,108
6318,108
6319,108
6320,108
6321,108
6322,108
6323,108
6324,13
6325,112
6326,112
6327,112
6328,112
6329,112
6330,112
6331,93
6332,93
6333,93
6334,93
6335,93
6336,93
6337,93
6338,100
6339,93
6340,93
6341,93
6342,53
6343,53
6344,53
6345,53
6346,53
6347,53
6348,53
6349,1
6350,53
6351,1
6352,1
6353,1
6354,1
6355,1
6356,1
6357,100
6358,1
6359,1
6360,1
6361,1
6362,1
6363,1
6364,1
6365,1
6366,66
6367,100
6368,66
6369,66
6370,66
6371,66
6372,66
6373,66
6374,68
6375,68
6376,68
6377,68
6378,68
6379,68
6380,68
6381,68
6382,68
6383,68
6384,68
6385,92
6386,68
6387,92
6388,92
6389,92
6390,100
6391,92
6392,92
6393,92
6394,128
6395,100
6396,91
6397,91
6398,91
6399,91
6400,91
6401,128
6402,0
6403,0
6404,0
6405,0
6406,108
6407,108
6408,108
6409,108
6410,108
6411,108
6412,13
6413,13
6414,13
6415,13
6416,112
6417,13
6418,112
6419,112
6420,112
6421,93
6422,128
6423,93
6424,93
6425,93
6426,93
6427,128
6428,128
6429,110
6430,87
6431,26
6432,26
6433,128
6434,128
6435,128
6436,128
6437,128
6438,150
6439,99
6440,99
6441,99
6442,99
6443,99
6444,99
6445,128
6446,99
6447,99
6448,99
6449,99
6450,99
6451,99
6452,99
6453,99
6454,128
6455,99
6456,76
6457,76
6458,50
6459,50
6460,50
6461,50
6462,50
6463,50
6464,126
6465,126
6466,26
6467,128
6468,128
6469,85
6470,85
6471,101
6472,17
6473,17
6474,17
6475,12
6476,12
6477,12
6478,12
6479,12
6480,12
6481,12
6482,101
6483,12
6484,101
6485,24
6486,24
6487,101
6488,128
6489,26
6490,101
6491,101
6492,148
6493,148
6494,148
6495,121
6496,121
6497,11
6498,11
6499,118
6500,118
6501,118
6502,101
6503,96
6504,52
6505,52
6506,96
6507,144
6508,144
6509,144
6510,124
6511,124
6512,124
6513,141
6514,124
6515,58
6516,58
6517,58
6518,58
6519,58
6520,58
6521,101
6522,67
6523,58
6524,67
6525,101
6526,135
6527,135
6528,128
6529,43
6530,85
6531,37
6532,37
6533,37
6534,37
6535,61
6536,61
6537,61
6538,61
6539,61
6540,61
6541,61
6542,61
6543,61
6544,61
6545,61
6546,61
6547,61
6548,61
6549,61
6550,61
6551,61
6552,26
6553,144
6554,123
6555,123
6556,101
6557,101
6558,26
6559,26
6560,26
6561,26
6562,26
6563,26
6564,4
6565,26
6566,11
6567,11
6568,11
6569,11
6570,101
6571,11
6572,11
6573,11
6574,11
6575,11
6576,11
6577,11
6578,11
6579,11
6580,11
6581,11
6582,11
6583,144
6584,144
6585,26
6586,26
6587,26
6588,26
6589,26
6590,26
6591,46
6592,46
6593,46
6594,46
6595,46
6596,46
6597,46
6598,46
6599,46
6600,46
6601,46
6602,54
6603,54
6604,54
6605,54
6606,89
6607,107
6608,107
6609,70
6610,70
6611,106
6612,89
6613,89
6614,66
6615,66
6616,66
6617,66
6618,66
6619,66
6620,59
6621,59
6622,39
6623,39
6624,39
6625,39
6626,39
6627,59
6628,39
6629,39
6630,39
6631,39
6632,39
6633,39
6634,39
6635,39
6636,59
6637,153
6638,153
6639,39
6640,153
6641,153
6642,153
6643,153
6644,153
6645,153
6646,153
6647,37
6648,153
6649,153
6650,153
6651,137
6652,137
6653,153
6654,137
6655,95
6656,95
6657,137
6658,137
6659,137
6660,125
6661,137
6662,125
6663,125
6664,125
6665,137
6666,125
6667,125
6668,125
6669,125
6670,95
6671,125
6672,125
6673,28
6674,28
6675,28
6676,141
6677,141
6678,28
6679,28
6680,28
6681,28
6682,28
6683,141
6684,28
6685,146
6686,146
6687,146
6688,146
6689,146
6690,146
6691,35
6692,146
6693,146
6694,146
6695,146
6696,146
6697,39
6698,39
6699,44
6700,44
6701,44
6702,39
6703,44
6704,117
6705,117
6706,39
6707,130
6708,130
6709,130
6710,130
6711,87
6712,87
6713,87
6714,15
6715,15
6716,87
6717,91
6718,91
6719,39
6720,39
6721,85
6722,85
6723,85
6724,85
6725,123
6726,123
6727,3
6728,123
6729,123
6730,3
6731,123
6732,148
6733,148
6734,148
6735,38
6736,38
6737,59
6738,59
6739,26
6740,26
6741,26
6742,121
6743,121
6744,121
6745,121
6746,121
6747,121
6748,121
6749,121
6750,9
6751,9
6752,121
6753,121
6754,121
6755,121
6756,148
6757,148
6758,148
6759,148
6760,148
6761,148
6762,148
6763,149
6764,148
6765,148
6766,148
6767,149
6768,148
6769,149
6770,149
6771,149
6772,149
6773,149
6774,149
6775,149
6776,149
6777,149
6778,149
6779,149
6780,149
6781,149
6782,149
6783,149
6784,149
6785,149
6786,149
6787,149
6788,149
6789,149
6790,149
6791,152
6792,152
6793,152
6794,15
6795,152
6796,152
6797,152
6798,152
6799,152
6800,152
6801,152
6802,152
6803,0
6804,152
6805,59
6806,152
6807,47
6808,59
6809,59
6810,59
6811,59
6812,33
6813,59
6814,4
6815,59
6816,33
6817,33
6818,33
6819,33
6820,59
6821,59
6822,152
6823,152
6824,152
6825,152
6826,152
6827,152
6828,4
6829,152
6830,152
6831,152
6832,152
6833,152
6834,152
6835,149
6836,149
6837,149
6838,149
6839,149
6840,149
6841,149
6842,149
6843,149
6844,149
6845,149
6846,149
6847,149
6848,149
6849,149
6850,149
6851,149
6852,149
6853,65
6854,149
6855,149
6856,149
6857,15
6858,65
6859,149
6860,149
6861,149
6862,149
6863,149
6864,149
6865,65
6866,148
6867,148
6868,121
6869,121
6870,121
6871,65
6872,121
6873,121
6874,121
6875,121
6876,121
6877,121
6878,121
6879,65
6880,70
6881,70
6882,70
6883,20
6884,20
6885,70
6886,70
6887,70
6888,20
6889,20
6890,34
6891,4
6892,4
6893,4
6894,4
6895,47
6896,47
6897,47
6898,47
6899,15
6900,15
6901,99
6902,99
6903,47
6904,47
6905,99
6906,76
6907,76
6908,76
6909,76
6910,76
6911,76
6912,76
6913,76
6914,50
6915,50
6916,52
6917,52
6918,50
6919,50
6920,50
6921,50
6922,50
6923,131
6924,50
6925,131
6926,131
6927,52
6928,52
6929,131
6930,131
6931,131
6932,131
6933,111
6934,111
6935,111
6936,111
6937,111
6938,111
6939,111
6940,50
6941,50
6942,85
6943,85
6944,50
6945,50
6946,50
6947,76
6948,76
6949,76
6950,85
6951,76
6952,76
6953,76
6954,76
6955,76
6956,76
6957,76
6958,76
6959,76
6960,76
6961,76
6962,76
6963,76
6964,76
6965,114
6966,114
6967,114
6968,114
6969,114
6970,114
6971,114
6972,114
6973,114
6974,85
6975,114
6976,114
6977,114
6978,78
6979,78
6980,78
6981,78
6982,78
6983,72
6984,78
6985,78
6986,78
6987,50
6988,50
6989,50
6990,71
6991,50
6992,111
6993,111
6994,111
6995,111
6996,111
6997,101
6998,22
6999,22
7000,22
7001,22
7002,33
7003,33
7004,44
7005,44
7006,33
7007,33
7008,44
7009,144
7010,144
7011,28
7012,28
7013,28
7014,15
7015,15
7016,69
7017,69
7018,18
7019,18
7020,18
7021,114
7022,114
7023,114
7024,54
7025,54
7026,54
7027,114
7028,87
7029,39
7030,39
7031,9
7032,9
7033,9
7034,69
7035,69
7036,33
7037,33
7038,33
7039,97
7040,97
7041,97
7042,97
7043,33
7044,33
7045,125
7046,125
7047,11
7048,11
7049,11
7050,82
7051,82
7052,82
7053,82
7054,82
7055,82
7056,82
7057,11
7058,85
7059,85
7060,11
7061,36
7062,36
7063,36
7064,13
7065,13
7066,13
7067,116
7068,13
7069,13
7070,116
7071,13
7072,13
7073,42
7074,101
7075,52
7076,14
7077,14
7078,14
7079,42
7080,14
7081,37
7082,37
7083,37
7084,37
7085,42
7086,37
7087,37
7088,37
7089,37
7090,37
7091,37
7092,37
7093,0
7094,0
7095,0
7096,0
7097,0
7098,0
7099,0
7100,0
7101,0
7102,0
7103,0
7104,0
7105,0
7106,65
7107,88
7108,0
7109,0
7110,0
7111,0
7112,0
7113,88
7114,88
7115,48
7116,48
7117,48
7118,48
7119,48
7120,48
7121,48
7122,48
7123,48
7124,132
7125,132
7126,132
7127,21
7128,21
7129,21
7130,113
7131,113
7132,114
7133,43
7134,43
7135,43
7136,43
7137,43
7138,114
7139,43
7140,43
7141,37
7142,37
7143,26
7144,43
7145,43
7146,43
7147,43
7148,43
7149,85
7150,43
7151,85
7152,85
7153,85
7154,85
7155,85
7156,85
7157,85
7158,85
7159,104
7160,104
7161,85
7162,85
7163,85
7164,119
7165,119
7166,119
7167,119
7168,119
7169,119
7170,119
7171,119
7172,119
7173,37
7174,85
7175,85
7176,62
7177,62
7178,69
7179,82
7180,82
7181,82
7182,69
7183,19
7184,19
7185,19
7186,19
7187,59
7188,48
7189,48
7190,33
7191,12
7192,12
7193,37
7194,119
7195,119
7196,119
7197,119
7198,55
7199,55
7200,110
7201,110
7202,110
7203,55
7204,55
7205,56
7206,56
7207,56
7208,56
7209,85
7210,85
7211,85
7212,85
7213,85
7214,85
7215,85
7216,43
7217,85
7218,55
7219,85
7220,85
7221,85
7222,85
7223,55
7224,43
7225,85
7226,85
7227,85
7228,85
7229,85
7230,55
7231,85
7232,85
7233,85
7234,85
7235,21
7236,85
7237,85
7238,85
7239,85
7240,85
7241,85
7242,55
7243,110
7244,110
7245,110
7246,110
7247,110
7248,110
7249,110
7250,85
7251,85
7252,85
7253,85
7254,55
7255,55
7256,110
7257,43
7258,43
7259,43
7260,43
7261,43
7262,21
7263,21
7264,43
7265,43
7266,43
7267,43
7268,43
7269,43
7270,52
7271,52
7272,43
7273,110
7274,85
7275,110
7276,55
7277,85
7278,110
7279,110
7280,6
7281,6
7282,6
7283,6
7284,6
7285,6
7286,87
7287,82
7288,82
7289,82
7290,82
7291,82
7292,87
7293,82
7294,6
7295,116
7296,48
7297,25
7298,25
7299,116
7300,116
7301,25
7302,25
7303,9
7304,9
7305,18
7306,126
7307,9
7308,126
7309,73
7310,73
7311,73
7312,126
7313,7
7314,7
7315,7
7316,73
7317,73
7318,73
7319,73
7320,91
7321,91
7322,91
7323,7
7324,91
7325,91
7326,0
7327,43
7328,43
7329,149
7330,149
7331,149
7332,149
7333,23
7334,33
7335,43
7336,37
7337,37
7338,37
7339,37
7340,37
7341,37
7342,37
7343,37
7344,22
7345,22
7346,22
7347,88
7348,88
7349,8
7350,8
7351,8
7352,8
7353,128
7354,23
7355,48
7356,48
7357,88
7358,88
7359,77
7360,77
7361,77
7362,133
7363,127
7364,133
7365,133
7366,133
7367,133
7368,133
7369,133
7370,133
7371,133
7372,133
7373,133
7374,133
7375,133
7376,133
7377,133
7378,73
7379,73
7380,64
7381,73
7382,73
7383,73
7384,73
7385,73
7386,73
7387,73
7388,73
7389,73
7390,23
7391,26
7392,26
7393,73
7394,73
7395,73
7396,127
7397,127
7398,127
7399,127
7400,127
7401,127
7402,26
7403,5
7404,36
7405,23
7406,23
7407,23
7408,5
7409,51
7410,51
7411,21
7412,21
7413,21
7414,17
7415,17
7416,17
7417,17
7418,17
7419,17
7420,17
7421,17
7422,17
7423,55
7424,17
7425,17
7426,17
7427,23
7428,17
7429,17
7430,17
7431,17
7432,36
7433,36
7434,17
7435,1
7436,55
7437,55
7438,1
7439,55
7440,72
7441,72
7442,72
7443,5
7444,5
7445,5
7446,72
7447,5
7448,5
7449,5
7450,83
7451,83
7452,72
7453,72
7454,83
7455,83
7456,83
7457,83
7458,83
7459,83
7460,82
7461,23
7462,72
7463,82
7464,82
7465,82
7466,6
7467,5
7468,30
7469,30
7470,72
7471,30
7472,30
7473,30
7474,72
7475,82
7476,82
7477,82
7478,6
7479,82
7480,82
7481,82
7482,72
7483,72
7484,83
7485,83
7486,83
7487,83
7488,83
7489,72
7490,83
7491,83
7492,19
7493,19
7494,19
7495,19
7496,19
7497,19
7498,19
7499,67
7500,67
7501,18
7502,18
7503,23
7504,94
7505,94
7506,133
7507,133
7508,127
7509,8
7510,8
7511,8
7512,9
7513,9
7514,37
7515,22
7516,37
7517,37
7518,37
7519,90
7520,35
7521,35
7522,35
7523,35
7524,10
7525,10
7526,10
7527,23
7528,59
7529,59
7530,119
7531,119
7532,119
7533,0
7534,0
7535,0
7536,73
7537,73
7538,73
7539,34
7540,3
7541,24
7542,149
7543,34
7544,30
7545,30
7546,30
7547,52
7548,42
7549,37
7550,37
7551,52
7552,26
7553,23
7554,52
7555,38
7556,38
7557,26
7558,26
7559,38
7560,26
7561,26
7562,62
7563,62
7564,38
7565,38
7566,38
7567,62
7568,62
7569,62
7570,25
7571,25
7572,33
7573,25
7574,25
7575,25
7576,25
7577,5
7578,35
7579,144
7580,35
7581,5
7582,35
7583,35
7584,35
7585,35
7586,113
7587,8
7588,8
7589,8
7590,7
7591,114
7592,114
7593,76
7594,76
7595,76
7596,114
7597,128
7598,128
7599,99
7600,23
7601,114
7602,99
7603,99
7604,99
7605,16
7606,16
7607,127
7608,127
7609,127
7610,16
7611,127
7612,127
7613,127
7614,127
7615,127
7616,127
7617,16
7618,127
7619,127
7620,127
7621,127
7622,127
7623,127
7624,127
7625,127
7626,127
7627,127
7628,127
7629,27
7630,27
7631,27
7632,27
7633,27
7634,27
7635,89
7636,89
7637,27
7638,27
7639,27
7640,143
7641,143
7642,143
7643,143
7644,143
7645,39
7646,89
7647,39
7648,39
7649,39
7650,39
7651,44
7652,44
7653,39
7654,39
7655,39
7656,39
7657,39
7658,39
7659,39
7660,39
7661,44
7662,39
7663,39
7664,39
7665,39
7666,39
7667,39
7668,39
7669,39
7670,23
7671,108
7672,108
7673,39
7674,39
7675,108
7676,39
7677,39
7678,39
7679,143
7680,27
7681,27
7682,127
7683,127
7684,108
7685,127
7686,127
7687,127
7688,127
7689,127
7690,127
7691,127
7692,127
7693,127
7694,127
7695,127
7696,127
7697,127
7698,127
7699,127
7700,127
7701,69
7702,127
7703,127
7704,127
7705,127
7706,69
7707,128
7708,128
7709,69
7710,128
7711,128
7712,128
7713,128
7714,23
7715,5
7716,5
7717,128
7718,128
7719,5
7720,6
7721,4
7722,20
7723,20
7724,124
7725,124
7726,73
7727,73
7728,73
7729,73
7730,73
7731,73
7732,45
7733,45
7734,45
7735,128
7736,128
7737,128
7738,128
7739,17
7740,17
7741,17
7742,17
7743,17
7744,1
7745,17
7746,0
7747,0
7748,45
7749,45
7750,45
7751,45
7752,44
7753,28
7754,44
7755,38
7756,38
7757,38
7758,38
7759,38
7760,38
7761,38
7762,38
7763,38
7764,38
7765,38
7766,37
7767,38
7768,37
7769,38
7770,45
7771,38
7772,37
7773,38
7774,37
7775,90
7776,121
7777,45
7778,34
7779,34
7780,34
7781,34
7782,45
7783,22
7784,22
7785,22
7786,43
7787,43
7788,43
7789,43
7790,1
7791,128
7792,1
7793,1
7794,1
7795,1
7796,1
7797,97
7798,97
7799,97
7800,12
7801,12
7802,12
7803,8
7804,48
7805,97
7806,8
7807,49
7808,39
7809,35
7810,35
7811,90
7812,39
7816,45
7817,12
7818,12
7819,12
7820,12
7821,39
7822,39
7823,12
7824,12
7825,12
7826,5
7827,5
7828,12
7829,45
7830,5
7831,5
7832,45
7833,48
7834,48
7835,48
7836,48
7837,49
7838,49
7839,48
7840,34
7841,34
7842,49
7843,34
7844,34
7845,16
7846,16
7847,33
7848,86
7849,86
7850,124
7851,124
7852,90
7853,107
7854,107
7855,124
7856,124
7857,124
7858,107
7859,91
7860,100
7861,100
7862,100
7863,107
7864,7
7865,7
7866,100
7867,100
7868,100
7869,101
7870,101
7871,101
7872,67
7873,67
7874,74
7875,47
7876,47
7877,47
7878,47
7879,47
7880,47
7881,47
7882,5
7883,5
7884,5
7885,74
7886,74
7887,39
7888,39
7889,154
7890,154
7891,0
7892,0
7893,0
7894,0
7895,154
7896,0
7897,0
7898,0
7899,0
7900,84
7901,84
7902,84
7903,84
7904,84
7905,84
7906,84
7907,84
7908,84
7909,84
7910,154
7911,84
7912,84
7913,84
7914,52
7915,84
7916,84
7917,68
7918,84
7919,68
7920,84
7921,84
7922,84
7923,52
7924,52
7925,52
7926,75
7927,75
7928,75
7929,108
7930,75
7931,75
7932,75
7933,75
7934,52
7935,52
7936,52
7937,52
7938,52
7939,42
7940,42
7941,123
7942,12
7943,123
7944,123
7945,52
7946,52
7947,6
7948,6
7949,6
7950,6
7951,6
7952,6
7953,6
7954,6
7955,6
7956,52
7957,6
7958,118
7959,121
7960,121
7961,121
7962,121
7963,141
7964,141
7965,33
7966,33
7967,33
7968,33
7969,33
7970,33
7971,33
7972,33
7973,33
7974,33
7975,33
7976,33
7977,141
7978,149
7979,149
7980,149
7981,149
7982,149
7983,149
7984,149
7985,149
7986,149
7987,149
7988,149
7989,149
7990,149
7991,149
7992,149
7993,149
7994,149
7995,52
7996,52
7997,149
7998,118
7999,149
8000,118
8001,118
8002,118
8003,118
8004,118
8005,9
8006,9
8007,9
8008,9
8009,9
8010,9
8011,9
8012,9
8013,9
8014,9
8015,9
8016,9
8017,44
8018,15
8019,15
8020,14
8021,14
8022,14
8023,22
8024,14
8025,22
8026,22
8027,37
8028,22
8029,37
8030,14
8031,14
8032,14
8033,14
8034,14
8035,14
8036,14
8037,14
8038,14
8039,14
8040,22
8041,37
8042,37
8043,37
8044,46
8045,46
8046,46
8047,46
8048,150
8049,150
8050,46
8051,46
8052,46
8053,46
8054,46
8055,46
8056,46
8057,46
8058,133
8059,133
8060,133
8061,42
8062,1
8063,1
8064,66
8065,66
8066,85
8067,85
8068,85
8069,85
8070,85
8071,130
8072,130
8073,36
8074,36
8075,130
8076,4
8077,4
8078,4
8079,41
8080,41
8081,135
8082,135
8083,150
8084,130
8085,128
8086,128
8087,128
8088,128
8089,64
8090,77
8091,77
8092,77
8093,86
8094,86
8095,64
8096,86
8097,86
8098,129
8099,129
8100,129
8101,22
8102,107
8103,22
8104,85
8105,11
8106,22
8107,22
8108,22
8109,107
8110,107
8111,107
8112,48
8113,48
8114,130
8115,130
8116,48
8117,48
8118,147
8119,147
8120,147
8121,147
8122,130
8123,130
8124,30
8125,30
8126,30
8127,5
8128,5
8129,11
8130,54
8131,54
8132,11
8133,11
8134,25
8135,25
8136,85
8137,10
8138,8
8139,10
8140,34
8141,34
8142,34
8143,34
8144,148
8145,148
8146,114
8147,113
8148,148
8149,96
8150,96
8151,96
8152,96
8153,54
8154,54
8155,113
8156,54
8157,54
8158,54
8159,54
8160,54
8161,54
8162,89
8163,54
8164,54
8165,54
8166,54
8167,54
8168,54
8169,54
8170,54
8171,54
8172,54
8173,54
8174,54
8175,54
8176,54
8177,54
8178,54
8179,79
8180,79
8181,79
8182,79
8183,79
8184,54
8185,79
8186,79
8187,79
8188,79
8189,79
8190,54
8191,58
8192,54
8193,54
8194,54
8195,54
8196,54
8197,54
8198,18
8199,18
8200,54
8201,18
8202,54
8203,54
8204,54
8205,54
8206,39
8207,39
8208,54
8209,54
8210,54
8211,54
8212,79
8213,79
8214,39
8215,79
8216,79
8217,66
8218,66
8219,13
8220,13
8221,13
8222,26
8223,26
8224,26
8225,64
8226,64
8227,64
8228,64
8229,17
8230,17
8231,58
8232,58
8233,99
8234,127
8235,99
8236,78
8237,78
8238,58
8239,34
8240,34
8241,34
8242,34
8243,58
8244,152
8245,47
8246,152
8247,152
8248,58
8249,16
8250,16
8251,16
8252,16
8253,54
8254,54
8255,54
8256,22
8257,22
8258,147
8259,147
8260,147
8261,147
8262,22
8263,135
8264,135
8265,135
8266,135
8267,65
8268,65
8269,46
8270,46
8271,127
8272,65
8273,127
8274,116
8275,116
8276,116
8277,116
8278,65
8279,65
8280,61
8281,61
8282,61
8283,19
8284,19
8285,65
8286,19
8287,31
8288,31
8289,31
8290,31
8291,31
8292,133
8293,133
8294,133
8295,133
8296,133
8297,122
8298,122
8299,122
8300,97
8301,97
8302,97
8303,119
8304,119
8305,119
8306,152
8307,152
8308,152
8309,124
8310,124
8311,102
8312,102
8313,124
8314,124
8315,22
8316,22
8317,102
8318,102
8319,85
8320,85
8321,85
8322,85
8323,64
8324,64
8325,51
8326,51
8327,51
8328,35
8329,35
8330,51
8331,45
8332,45
8333,45
8334,45
8335,35
8336,118
8337,118
8338,118
8339,148
8340,118
8341,118
8342,22
8343,10
8344,118
8345,118
8346,118
8347,118
8348,118
8349,148
8350,35
8351,148
8352,68
8353,68
8354,68
8355,108
8356,108
8357,68
8358,68
8359,68
8360,68
8361,80
8362,80
8363,84
8364,84
8365,84
8366,84
8367,66
8368,66
8369,66
8370,66
8371,22
8372,22
8373,66
8374,66
8375,66
8376,71
8377,71
8378,22
8379,79
8380,79
8381,79
8382,71
8383,13
8384,85
8385,85
8386,13
8387,85
8388,85
8389,85
8390,85
8391,85
8392,13
8393,85
8394,85
8395,85
8396,33
8397,85
8398,85
8399,85
8400,85
8401,15
8402,15
8403,15
8404,15
8405,14
8406,15
8407,35
8408,35
8409,35
8410,105
8411,105
8412,105
8413,38
8414,38
8415,34
8416,34
8417,38
8418,80
8419,80
8420,115
8421,8
8422,8
8423,8
8424,119
8425,119
8426,119
8427,119
8428,89
8429,119
8430,119
8431,119
8432,119
8433,62
8434,98
8435,119
8436,119
8437,22
8438,62
8439,94
8440,94
8441,94
8442,16
8443,16
8444,70
8445,70
8446,135
8447,135
8448,70
8449,70
8450,135
8451,133
8452,73
8453,73
8454,48
8455,48
8456,48
8457,135
8458,135
8459,51
8460,51
8461,51
8462,127
8463,101
8464,44
8465,9
8466,18
8467,38
8468,38
8469,38
8470,22
8471,22
8472,22
8473,22
8474,22
8475,22
8476,22
8477,152
8478,22
8479,152
8480,54
8481,54
8482,54
8483,152
8484,62
8485,22
8486,22
8487,66
8488,66
8489,66
8490,92
8491,42
8492,42
8493,42
8494,42
8495,22
8496,42
8497,42
8498,42
8499,55
8500,0
8501,0
8502,0
8503,0
8504,44
8505,55
8506,55
8507,21
8508,21
8509,19
8510,19
8511,19
8512,19
8513,21
8514,8
8515,46
8516,96
8517,96
8518,91
8519,91
8520,129
8521,129
8522,129
8523,46
8524,46
8525,46
8526,69
8527,46
8528,9
8529,9
8530,9
8531,46
8532,36
8533,23
8534,36
8535,35
8536,35
8537,35
8538,35
8539,46
8540,76
8541,76
8542,46
8543,59
8544,59
8545,46
8546,59
8547,59
8548,100
8549,100
8550,69
8551,46
8552,100
8553,100
8554,147
8555,9
8556,9
8557,147
8558,9
8559,58
8560,58
8561,58
8562,70
8563,70
8564,22
8565,22
8566,22
8567,133
8568,22
8569,73
8570,73
8571,22
8572,133
8573,87
8574,87
8575,73
8576,73
8577,89
8578,87
8579,70
8580,70
8581,67
8582,67
8583,67
8584,67
8585,95
8586,95
8587,95
8588,95
8589,87
8590,67
8591,67
8592,7
8593,67
8594,67
8595,67
8596,67
8597,67
8598,67
8599,67
8600,67
8601,67
8602,67
8603,67
8604,67
8605,69
8606,7
8607,149
8608,149
8609,7
8610,7
8611,7
8612,33
8613,59
8614,4
8615,4
8616,79
8617,79
8618,79
8619,79
8620,79
8621,79
8622,79
8623,4
8624,4
8625,89
8626,89
8627,89
8628,44
8629,4
8630,41
8631,4
8632,89
8633,89
8634,4
8635,4
8636,4
8637,133
8638,133
8639,0
8640,120
8641,0
8642,120
8643,47
8644,47
8645,35
8646,35
8647,35
8648,47
8649,123
8650,123
8651,123
8652,123
8653,47
8654,123
8655,123
8656,123
8657,123
8658,47
8659,123
8660,123
8661,47
8662,47
8663,47
8664,16
8665,16
8666,17
8667,17
8668,17
8669,17
8670,17
8671,16
8672,47
8673,16
8674,16
8675,69
8676,47
8677,20
8678,20
8679,47
8680,20
8681,20
8682,130
8683,130
8684,130
8685,130
8686,130
8687,130
8688,130
8689,130
8690,47
8691,101
8692,101
8693,101
8694,101
8695,101
8696,101
8697,101
8698,101
8699,101
8700,101
8701,101
8702,101
8703,75
8704,101
8705,75
8706,75
8707,75
8708,75
8709,75
8710,75
8711,75
8712,128
8713,128
8714,75
8715,75
8716,75
8717,75
8718,75
8719,75
8720,75
8721,75
8722,75
8723,75
8724,75
8725,75
8726,74
8727,74
8728,74
8729,74
8730,74
8731,74
8732,74
8733,46
8734,46
8735,46
8736,46
8737,46
8738,26
8739,26
8740,46
8741,46
8742,46
8743,46
8744,99
8745,128
8746,128
8747,128
8748,26
8749,128
8750,128
8751,128
8752,70
8753,130
8754,130
8755,130
8756,130
8757,130
8758,130
8759,130
8760,130
8761,101
8762,101
8763,101
8764,101
8765,75
8766,101
8767,75
8768,75
8769,75
8770,75
8771,75
8772,75
8773,75
8774,26
8775,75
8776,75
8777,75
8778,75
8779,75
8780,75
8781,96
8782,96
8783,74
8784,74
8785,74
8786,52
8787,101
8788,74
8789,74
8790,74
8791,46
8792,46
8793,46
8794,52
8795,128
8796,128
8797,52
8798,128
8799,128
8800,128
8801,128
8802,4
8803,4
8804,4
8805,75
8806,75
8807,4
8808,22
8809,70
8810,4
8811,4
8812,4
8813,70
8814,70
8815,70
8816,89
8817,135
8818,135
8819,100
8820,100
8821,100
8822,40
8823,38
8824,38
8825,4
8826,38
8827,49
8828,35
8829,35
8830,14
8831,14
8832,14
8833,89
8834,38
8835,38
8836,38
8837,38
8838,38
8839,38
8840,38
8841,43
8842,43
8843,110
8844,56
8845,110
8846,110
8847,56
8848,110
8849,110
8850,110
8851,110
8852,110
8853,110
8854,145
8855,145
8856,145
8857,145
8858,145
8859,145
8860,145
8861,99
8862,99
8863,99
8864,99
8865,99
8866,99
8867,145
8868,145
8869,99
8870,127
8871,99
8872,28
8873,28
8874,28
8875,28
8876,28
8877,127
8878,14
8879,38
8880,98
8881,98
8882,98
8883,128
8884,38
8885,38
8886,6
8887,6
8888,6
8889,38
8890,30
8891,30
8892,59
8893,5
8894,5
8895,59
8896,89
8897,5
8898,5
8899,41
8900,135
8901,89
8902,89
8903,89
8904,44
8905,25
8906,25
8907,15
8908,15
8909,15
8910,15
8911,14
8912,15
8913,112
8914,112
8915,119
8916,119
8917,34
8918,34
8919,34
8920,48
8921,117
8922,117
8923,117
8924,117
8925,5
8926,4
8927,5
8928,107
8929,107
8930,22
8931,5
8932,22
8933,22
8934,22
8935,141
8936,141
8937,22
8938,141
8939,22
8940,22
8941,22
8942,22
8943,141
8944,22
8945,22
8946,22
8947,22
8948,22
8949,26
8950,22
8951,22
8952,22
8953,22
8954,22
8955,22
8956,26
8957,5
8958,125
8959,135
8960,135
8961,149
8962,135
8963,9
8964,9
8965,9
8966,126
8967,126
8968,126
8969,8
8970,8
8971,9
8972,19
8973,19
8974,9
8975,9
8976,9
8977,54
8978,54
8979,54
8980,14
8981,118
8982,9
8983,118
8984,9
8985,110
8986,110
8987,85
8988,85
8989,27
8990,9
8991,80
8992,80
8993,141
8994,141
8995,141
8996,141
8997,141
8998,141
8999,9
9000,141
9001,141
9002,34
9003,34
9004,34
9005,34
9006,3
9007,28
9008,28
9009,28
9010,146
9011,146
9012,9
9013,120
9014,120
9015,120
9016,9
9017,9
9018,147
9019,64
9020,6
9021,122
9022,122
9023,6
9024,6
9025,6
9026,52
9027,52
9028,127
9029,127
9030,127
9031,127
9032,59
9033,59
9034,33
9035,119
9036,14
9037,33
9038,27
9039,27
9040,65
9041,18
9042,19
9043,19
9044,5
9045,19
9046,19
9047,35
9048,61
9049,35
9050,154
9051,154
9052,96
9053,96
9054,96
9055,96
9056,121
9057,121
9058,121
9059,121
9060,121
9061,121
9062,51
9063,51
9064,51
9065,51
9066,51
9067,51
9068,51
9069,51
9070,51
9071,51
9072,51
9073,51
9074,51
9075,51
9076,51
9077,51
9078,14
9079,65
9080,65
9081,51
9082,51
9083,51
9084,51
9085,65
9086,65
9087,127
9088,127
9089,127
9090,127
9091,127
9092,127
9093,127
9094,65
9095,65
9096,100
9097,65
9098,147
9099,147
9100,147
9101,147
9102,147
9103,147
9104,147
9105,147
9106,137
9107,14
9108,6
9109,6
9110,6
9111,67
9112,6
9113,7
9114,7
9115,7
9116,122
9117,122
9118,31
9119,122
9120,136
9121,136
9122,136
9123,136
9124,136
9125,136
9126,136
9127,136
9128,136
9129,110
9130,110
9131,110
9132,31
9133,132
9134,132
9135,132
9136,132
9137,123
9138,19
9139,123
9140,0
9141,123
9142,123
9143,123
9144,123
9145,73
9146,73
9147,35
9148,73
9149,35
9150,35
9151,35
9152,5
9153,5
9154,5
9155,73
9156,9
9157,9
9158,9
9159,9
9160,11
9161,26
9162,89
9163,89
9164,9
9165,9
9166,9
9167,152
9168,152
9169,89
9170,108
9171,80
9172,80
9173,80
9174,80
9175,80
9176,80
9177,47
9178,47
9179,47
9180,47
9181,116
9182,116
9183,116
9184,116
9185,116
9186,116
9187,116
9188,116
9189,116
9190,116
9191,116
9192,116
9193,116
9194,116
9195,116
9196,116
9197,134
9198,134
9199,134
9200,103
9201,94
9202,94
9203,94
9204,94
9205,116
9206,144
9207,88
9208,88
9209,88
9210,88
9211,88
9212,116
9213,116
9214,116
9215,116
9216,144
9217,144
9218,144
9219,74
9220,52
9221,88
9222,88
9223,88
9224,88
9225,88
9226,88
9227,137
9228,137
9229,137
9230,116
9231,116
9232,9
9233,9
9234,9
9235,116
9236,116
9237,21
9238,21
9239,21
9240,21
9241,21
9242,21
9243,21
9244,21
9245,116
9246,116
9247,40
9248,40
9249,116
9250,24
9251,24
9252,24
9253,149
9254,104
9255,104
9256,104
9257,104
9258,104
9259,104
9260,104
9261,104
9262,104
9263,64
9264,64
9265,64
9266,64
9267,47
9268,47
9269,47
9270,47
9271,47
9272,47
9273,47
9274,47
9275,47
9276,47
9277,47
9278,47
9279,47
9280,47
9281,47
9282,25
9283,152
9284,152
9285,152
9286,152
9287,152
9288,25
9289,152
9290,152
9291,33
9292,33
9293,33
9294,33
9295,33
9296,33
9297,33
9298,33
9299,33
9300,33
9301,33
9302,33
9303,33
9304,33
9305,33
9306,33
9307,11
9308,25
9309,33
9310,33
9311,33
9312,33
9313,33
9314,33
9315,33
9316,33
9317,132
9318,132
9319,33
9320,33
9321,152
9322,132
9323,152
9324,152
9325,152
9326,152
9327,152
9328,47
9329,47
9330,47
9331,47
9332,47
9333,47
9334,72
9335,47
9336,47
9337,47
9338,72
9339,31
9340,31
9341,31
9342,31
9343,11
9344,11
9345,31
9346,31
9347,31
9348,31
9349,151
9350,151
9351,151
9352,51
9353,97
9354,11
9355,97
9356,97
9357,20
9358,20
9359,20
9360,20
9361,20
9362,20
9363,20
9364,20
9365,6
9366,78
9367,78
9368,103
9369,101
9370,11
9371,75
9372,0
9373,62
9374,58
9375,15
9376,15
9377,15
9378,38
9379,38
9380,38
9381,150
9382,150
9383,38
9384,38
9385,150
9386,38
9387,38
9388,38
9389,38
9390,38
9391,38
9392,150
9393,128
9394,128
9395,33
9396,33
9397,70
9398,70
9399,70
9400,130
9401,70
9402,70
9403,70
9404,128
9405,33
9406,128
9407,70
9408,4
9409,128
9410,101
9411,128
9412,128
9413,128
9414,0
9415,149
9416,0
9417,0
9418,85
9419,85
9420,0
9421,6
9422,6
9423,6
9424,112
9425,39
9426,39
9427,112
9428,112
9429,70
9430,70
9431,70
9432,70
9433,127
9434,127
9435,127
9436,127
9437,127
9438,127
9439,71
9440,71
9441,94
9442,71
9443,35
9444,71
9445,46
9446,46
9447,149
9448,149
9449,149
9450,149
9451,149
9452,149
9453,107
9454,74
9455,149
9456,149
9457,130
9458,130
9459,39
9460,39
9461,130
9462,130
9463,130
9464,39
9465,6
9466,6
9467,78
9468,19
9469,19
9470,39
9471,39
9472,39
9473,35
9474,35
9475,35
9476,76
9477,137
9478,14
9479,37
9480,37
9481,37
9482,9
9483,37
9484,37
9485,37
9486,15
9487,15
9488,9
9489,37
9490,150
9491,86
9492,86
9493,86
9494,86
9495,154
9496,154
9497,110
9498,110
9499,110
9500,144
9501,119
9502,119
9503,119
9504,73
9505,35
9506,35
9507,35
9508,90
9509,90
9510,90
9511,22
9512,22
9513,73
9514,48
9515,107
9516,107
9517,49
9518,107
9519,107
9520,76
9521,35
9522,35
9523,127
9524,127
9525,127
9526,127
9527,127
9528,127
9529,143
9530,143
9531,127
9532,127
9533,127
9534,70
9535,70
9536,70
9537,70
9538,70
9539,70
9540,70
9541,70
9542,26
9543,70
9544,70
9545,70
9546,70
9547,70
9548,55
9549,130
9550,130
9551,130
9552,130
9553,130
9554,53
9555,53
9556,130
9557,130
9558,130
9559,130
9560,130
9561,42
9562,42
9563,42
9564,42
9565,42
9566,42
9567,42
9568,42
9569,42
9570,42
9571,42
9572,42
9573,42
9574,42
9575,42
9576,42
9577,101
9578,52
9579,52
9580,52
9581,66
9582,75
9583,75
9584,75
9585,96
9586,96
9587,96
9588,96
9589,96
9590,96
9591,96
9592,96
9593,96
9594,46
9595,96
9596,96
9597,46
9598,46
9599,46
9600,46
9601,46
9602,46
9603,127
9604,122
9605,127
9606,127
9607,127
9608,22
9609,127
9610,127
9611,22
9612,70
9613,70
9614,70
9615,22
9616,70
9617,70
9618,70
9619,70
9620,70
9621,70
9622,70
9623,70
9624,74
9625,22
9626,22
9627,70
9628,22
9629,130
9630,130
9631,130
9632,130
9633,130
9634,4
9635,42
9636,52
9637,42
9638,42
9639,42
9640,42
9641,42
9642,42
9643,52
9644,52
9645,42
9646,42
9647,52
9648,52
9649,52
9650,96
9651,96
9652,96
9653,96
9654,93
9655,93
9656,96
9657,96
9658,96
9659,46
9660,93
9661,46
9662,46
9663,46
9664,46
9665,47
9666,47
9667,93
9668,31
9669,31
9670,119
9671,119
9672,119
9673,31
9674,119
9675,119
9676,119
9677,31
9678,31
9679,31
9680,31
9681,114
9682,126
9683,114
9684,126
9685,126
9686,126
9687,126
9688,55
9689,126
9690,126
9691,126
9692,126
9693,126
9694,126
9695,126
9696,31
9697,126
9698,126
9699,5
9700,5
9701,126
9702,126
9703,126
9704,126
9705,5
9706,126
9707,126
9708,5
9709,5
9710,5
9711,30
9712,30
9713,30
9714,5
9715,5
9716,65
9717,65
9718,65
9719,65
9720,65
9721,65
9722,65
9723,62
9724,62
9725,65
9726,65
9727,65
9728,65
9729,65
9730,65
9731,65
9732,65
9733,65
9734,65
9735,62
9736,62
9737,47
9738,62
9739,47
9740,47
9741,47
9742,47
9743,62
9744,47
9745,47
9746,47
9747,74
9748,62
9749,127
9750,127
9751,70
9752,18
9753,18
9754,18
9755,18
9756,18
9757,18
9758,18
9759,113
9760,42
9761,36
9762,36
9763,47
9764,35
9765,35
9766,92
9767,92
9768,92
9769,92
9770,47
9771,92
9772,92
9773,92
9774,92
9775,98
9776,98
9777,117
9778,110
9779,110
9780,110
9781,110
9782,117
9783,40
9784,40
9785,40
9786,117
9787,117
9788,40
9789,117
9790,37
9791,117
9792,37
9793,27
9794,27
9795,27
9796,141
9797,141
9798,141
9799,27
9800,73
9801,33
9802,33
9803,116
9804,33
9805,101
9806,101
9807,9
9808,6
9809,6
9810,33
9811,33
9812,120
9813,120
9814,72
9815,72
9816,72
9817,5
9818,44
9819,44
9820,127
9821,127
9822,133
9823,95
9824,95
9825,6
9826,6
9827,75
9828,75
9829,6
9830,6
9831,8
9832,8
9833,8
9834,8
9835,74
9836,144
9837,144
9838,144
9839,51
9840,75
9841,53
9842,66
9843,0
9844,0
9845,75
9846,75
9847,75
9848,74
9849,74
9850,74
9851,74
9852,71
9853,94
9854,44
9855,44
9856,95
9857,95
9858,95
9859,95
9860,95
9861,95
9862,95
9863,67
9864,33
9865,39
9866,39
9867,137
9868,141
9869,141
9870,141
9871,141
9872,141
9873,141
9874,141
9875,141
9876,97
9877,97
9878,58
9879,97
9880,86
9881,86
9882,86
9883,141
9884,141
9885,141
9886,141
9887,124
9888,124
9889,87
9890,39
9891,39
9892,39
9893,39
9894,39
9895,39
9896,87
9897,101
9898,44
9899,39
9900,39
9901,39
9902,65
9903,65
9904,65
9905,65
9906,65
9907,65
9908,39
9909,75
9910,75
9911,22
9912,22
9913,83
9914,5
9915,5
9916,5
9917,5
9918,5
9919,5
9920,83
9921,148
9922,148
9923,36
9924,40
9925,47
9926,47
9927,47
9928,148
9929,148
9930,148
9931,148
9932,8
9933,8
9934,148
9935,148
9936,148
9937,9
9938,9
9939,9
9940,9
9941,9
9942,9
9943,9
9944,9
9945,9
9946,9
9947,9
9948,9
9949,9
9950,9
9951,9
9952,9
9953,9
9954,74
9955,74
9956,9
9957,9
9958,9
9959,9
9960,9
9961,9
9962,9
9963,9
9964,97
9965,116
9966,116
9967,16
9968,16
9969,16
9970,7
9971,7
9972,97
9973,16
9974,69
9975,69
9976,51
9977,51
9978,80
9979,80
9980,51
9981,51
9982,51
9983,51
9984,51
9985,24
9986,24
9987,54
9988,57
9989,57
9990,38
9991,38
9992,38
9993,145
9994,16
9995,16
9996,9
9997,9
9998,16
9999,6
10000,6
10001,6
10002,30
10003,9
10004,30
10005,30
10006,30
10007,7
10008,67
10009,67
10010,67
10011,37
10012,37
10013,37
10014,37
10015,37
10016,9
10017,37
10018,37
10019,37
10020,6
10021,30
10022,110
10023,76
10024,76
10025,76
10026,76
10027,110
10028,13
10029,13
10030,43
10031,43
10032,43
10033,110
10034,126
10035,126
10036,126
10037,126
10038,126
10039,126
10040,126
10041,126
10042,110
10043,126
10044,16
10045,16
10046,16
10047,131
10048,16
10049,131
10050,110
10051,110
10052,131
10053,16
10054,110
10055,64
10056,64
10057,64
10058,64
10059,66
10060,66
10061,102
10062,43
10063,102
10064,102
10065,47
10066,47
10067,43
10068,47
10069,85
10070,85
10071,7
10072,148
10073,148
10074,127
10075,103
10076,103
10077,24
10078,24
10079,148
10080,66
10081,66
10082,22
10083,58
10084,95
10085,95
10086,95
10087,95
10088,22
10089,65
10090,65
10091,95
10092,26
10093,95
10094,95
10095,95
10096,95
10097,65
10098,95
10099,95
10100,95
10101,40
10102,40
10103,40
10104,40
10105,126
10106,126
10107,51
10108,51
10109,51
10110,51
10111,126
10112,126
10113,52
10114,52
10115,98
10116,62
10117,126
10118,126
10119,126
10120,30
10121,41
10122,41
10123,41
10124,41
10125,41
10126,85
10127,85
10128,109
10129,109
10130,51
10131,51
10132,51
10133,86
10134,86
10135,86
10136,86
10137,50
10138,50
10139,51
10140,122
10141,122
10142,122
10143,122
10144,5
10145,5
10146,43
10147,43
10148,30
10149,30
10150,30
10151,5
10152,5
10153,31
10154,31
10155,31
10156,31
10157,5
10158,8
10159,8
10160,40
10161,8
10162,8
10163,5
10164,8
10165,8
10166,8
10167,97
10168,97
10169,12
10170,12
10171,3
10172,3
10173,47
10174,6
10175,75
10176,75
10177,137
10178,30
10179,30
10180,30
10181,110
10182,110
10183,122
10184,122
10185,116
10186,108
10187,108
10188,108
10189,108
10190,121
10191,121
10192,121
10193,121
10194,110
10195,85
10196,85
10197,40
10198,5
10199,79
10200,79
10201,79
10202,79
10203,79
10204,79
10205,79
10206,79
10207,45
10208,79
10209,6
10210,45
10211,137
10212,137
10213,137
10214,45
10215,45
10216,48
10217,26
10218,26
10219,11
10220,11
10221,45
10222,101
10223,101
10224,101
10225,101
10226,101
10227,101
10228,101
10229,101
10230,101
10231,28
10232,26
10233,26
10234,99
10235,99
10236,99
10237,26
10238,99
10239,99
10240,99
10241,26
10242,26
10243,26
10244,26
10245,99
10246,99
10247,99
10248,99
10249,15
10250,15
10251,117
10252,117
10253,117
10254,117
10255,40
10256,40
10257,35
10258,35
10259,14
10260,121
10261,90
10262,18
10263,18
10264,18
10265,18
10266,18
10267,18
10268,18
10269,18
10270,18
10271,18
10272,0
10273,18
10274,18
10275,18
10276,18
10277,18
10278,18
10279,0
10280,18
10281,18
10282,18
10283,18
10284,18
10285,18
10286,18
10287,18
10288,0
10289,0
10290,24
10291,24
10292,24
10293,126
10294,126
10295,16
10296,16
10297,16
10298,16
10299,43
10300,43
10301,24
10302,102
10303,102
10304,102
10305,102
10306,102
10307,102
10308,102
10309,18
10310,18
10311,135
10312,135
10313,51
10314,51
10315,42
10316,42
10317,116
10318,148
10319,148
10320,148
10321,148
10322,148
10323,43
10324,66
10325,66
10326,19
10327,19
10328,19
10329,19
10330,47
10331,47
10332,101
10333,101
10334,101
10335,101
10336,42
10337,42
10338,42
10339,42
10340,86
10341,73
10342,152
10343,4
10344,4
10345,4
10346,4
10347,4
10348,4
10349,4
10350,4
10351,4
10352,4
10353,4
10354,4
10355,4
10356,152
10357,58
10358,58
10359,58
10360,58
10361,58
10362,58
10363,58
10364,58
10365,58
10366,58
10367,43
10368,101
10369,101
10370,140
10371,128
10372,131
10373,131
10374,101
10375,20
10376,20
10377,131
10378,131
10379,107
10380,107
10381,107
10382,107
10383,107
10384,107
10385,71
10386,29
10387,43
10388,117
10389,57
10390,57
10391,57
10392,57
10393,57
10394,57
10395,16
10396,16
10397,16
10398,16
10399,117
10400,64
10401,64
10402,64
10403,64
10404,4
10405,101
10406,101
10407,101
10408,101
10409,101
10410,128
10411,128
10412,128
10413,128
10414,4
10415,128
10416,128
10417,65
10418,128
10419,128
10420,128
10421,65
10422,82
10423,82
10424,65
10425,141
10426,141
10427,141
10428,61
10429,48
10430,48
10431,141
10432,33
10433,33
10434,118
10435,118
10436,118
10437,118
10438,118
10439,33
10440,147
10441,147
10442,147
10443,147
10444,33
10445,33
10446,16
10447,16
10448,16
10449,16
10450,16
10451,16
10452,16
10453,16
10454,16
10455,16
10456,16
10457,16
10458,16
10459,16
10460,16
10461,82
10462,82
10463,126
10464,126
10465,126
10466,126
10467,126
10468,126
10469,126
10470,126
10471,126
10472,114
10473,126
10474,126
10475,16
10476,16
10477,114
10478,16
10479,16
10480,16
10481,16
10482,16
10483,16
10484,16
10485,33
10486,33
10487,108
10488,97
10489,97
10490,97
10491,97
10492,97
10493,97
10494,97
10495,97
10496,97
10497,97
10498,52
10499,52
10500,34
10501,34
10502,48
10503,48
10504,48
10505,48
10506,34
10507,71
10508,71
10509,34
10510,150
10511,34
10512,149
10513,7
10514,7
10515,86
10516,98
10517,86
10518,110
10519,110
10520,74
10521,110
10522,110
10523,110
10524,110
10525,110
10526,110
10527,110
10528,110
10529,120
10530,120
10531,120
10532,35
10533,35
10534,35
10535,127
10536,101
10537,101
10538,0
10539,0
10540,15
10541,15
10542,14
10543,14
10544,9
10545,9
10546,9
10547,9
10548,94
10549,94
10550,94
10551,94
10552,94
10553,0
10554,94
10555,0
10556,94
10557,94
10558,62
10559,94
10560,94
10561,94
10562,0
10563,0
10564,122
10565,122
10566,122
10567,98
10568,98
10569,98
10570,75
10571,75
10572,33
10573,59
10574,33
10575,59
10576,5
10577,59
10578,59
10579,59
10580,59
10581,59
10582,59
10583,116
10584,116
10585,116
10586,116
10587,59
10588,59
10589,59
10590,8
10591,8
10592,59
10593,59
10594,59
10595,59
10596,59
10597,8
10598,135
10599,135
10600,135
10601,135
10602,8
10603,40
10604,40
10605,40
10606,40
10607,35
10608,40
10609,47
10610,47
10611,130
10612,130
10613,130
10614,130
10615,130
10616,130
10617,130
10618,77
10619,77
10620,70
10621,70
10622,110
10623,110
10624,70
10625,73
10626,87
10627,87
10628,87
10629,116
10630,116
10631,130
10632,130
10633,130
10634,79
10635,79
10636,76
10637,76
10638,76
10639,79
10640,79
10641,79
10642,79
10643,127
10644,155
10645,88
10646,51
10647,88
10648,51
10649,105
10650,105
10651,88
10652,151
10653,151
10654,151
10655,18
10656,18
10657,18
10658,16
10659,16
10660,148
10661,148
10662,0
10663,148
10664,22
10665,22
10666,10
10667,107
10668,107
10669,42
10670,107
10671,107
10672,22
10673,22
10674,22
10675,42
10676,25
10677,25
10678,25
10679,5
10680,5
10681,5
10682,71
10683,5
10684,5
10685,5
10686,148
10687,148
10688,5
10689,5
10690,7
10691,7
10692,7
10693,7
10694,148
10695,7
10696,7
10697,148
10698,148
10699,130
10700,148
10701,82
10702,82
10703,82
10704,148
10705,148
10706,9
10707,9
10708,9
10709,9
10710,9
10711,148
10712,148
10713,79
10714,80
10715,117
10716,0
10717,115
10718,115
10719,25
10720,25
10721,25
10722,27
10723,27
10724,22
10725,27
10726,22
10727,37
10728,26
10729,26
10730,30
10731,30
10732,30
10733,26
10734,30
10735,30
10736,30
10737,30
10738,30
10739,30
10740,30
10741,30
10742,30
10743,26
10744,30
10745,30
10746,37
10747,30
10748,37
10749,37
10750,37
10751,0
10752,0
10753,38
10754,37
10755,37
10756,37
10757,37
10758,37
10759,37
10760,37
10761,38
10762,37
10763,37
10764,37
10765,37
10766,116
10767,116
10768,37
10769,37
10770,37
10771,22
10772,116
10773,37
10774,36
10775,36
10776,116
10777,116
10778,116
10779,44
10780,116
10781,115
10782,78
10783,78
10784,78
10785,78
10786,78
10787,78
10788,78
10789,78
10790,78
10791,78
10792,94
10793,94
10794,94
10795,51
10796,56
10797,61
10798,56
10799,56
10800,101
10801,69
10802,11
10803,59
10804,5
10805,129
10806,5
10807,3
10808,5
10809,5
10810,5
10811,5
10812,5
10813,26
10814,5
10815,5
10816,5
10817,26
10818,5
10819,5
10820,5
10821,5
10822,5
10823,9
10824,9
10825,51
10826,51
10827,51
10828,51
10829,51
10830,55
10831,51
10832,55
10833,51
10834,51
10835,135
10836,135
10837,51
10838,51
10839,3
10840,51
10841,51
10842,51
10843,51
10844,55
10845,40
10846,30
10847,30
10848,30
10849,30
10850,30
10851,40
10852,107
10853,30
10854,107
10855,40
10856,22
10857,22
10858,40
10859,30
10860,40
10861,149
10862,149
10863,149
10864,87
10865,131
10866,131
10867,30
10868,30
10869,30
10870,30
10871,30
10872,30
10873,30
10874,30
10875,71
10876,30
10877,30
10878,30
10879,71
10880,71
10881,52
10882,52
10883,52
10884,52
10885,46
10886,46
10887,46
10888,62
10889,62
10890,62
10891,62
10892,0
10893,0
10894,119
10895,71
10896,73
10897,73
10898,70
10899,70
10900,71
10901,70
10902,70
10903,71
10904,71
10905,123
10906,61
10907,123
10908,123
10909,14
10910,14
10911,123
10912,123
10913,12
10914,12
10915,12
10916,14
10917,135
10918,135
10919,135
10920,135
10921,74
10922,135
10923,135
10924,135
10925,135
10926,135
10927,135
10928,135
10929,19
10930,19
10931,135
10932,135
10933,19
10934,0
10935,0
10936,0
10937,100
10938,100
10939,100
10940,70
10941,70
10942,114
10943,127
10944,114
10945,127
10946,70
10947,31
10948,31
10949,16
10950,16
10951,16
10952,17
10953,17
10954,16
10955,22
10956,22
10957,126
10958,16
10959,16
10960,16
10961,17
10962,17
10963,17
10964,17
10965,149
10966,149
10967,17
10968,17
10969,17
10970,149
10971,149
10972,8
10973,8
10974,8
10975,8
10976,8
10977,8
10978,8
10979,8
10980,76
10981,22
10982,51
10983,51
10984,51
10985,51
10986,141
10987,141
10988,9
10989,9
10990,9
10991,9
10992,9
10993,9
10994,9
10995,9
10996,9
10997,9
10998,9
10999,9
11000,9
11001,9
11002,9
11003,9
11004,9
11005,9
11006,9
11007,9
11008,9
11009,28
11010,28
11011,146
11012,22
11013,22
11014,22
11015,46
11016,25
11017,25
11018,25
11019,22
11020,22
11021,22
11022,22
11023,22
11024,46
11025,18
11026,18
11027,84
11028,18
11029,18
11030,18
11031,18
11032,18
11033,65
11034,65
11035,15
11036,84
11037,48
11038,48
11039,48
11040,104
11041,104
11042,104
11043,104
11044,104
11045,59
11046,59
11047,59
11048,20
11049,20
11050,20
11051,20
11052,6
11053,6
11054,20
11055,20
11056,50
11057,126
11058,6
11059,148
11060,148
11061,148
11062,148
11063,148
11064,148
11065,148
11066,148
11067,6
11068,148
11069,148
11070,148
11071,148
11072,42
11073,42
11074,148
11075,1
11076,1
11077,19
11078,19
11079,1
11080,1
11081,19
11082,1
11083,1
11084,1
11085,132
11086,26
11087,147
11088,147
11089,147
11090,135
11091,1
11092,1
11093,1
11094,36
11095,36
11096,135
11097,36
11098,1
11099,53
11100,135
11101,18
11102,18
11103,18
11104,12
11105,12
11106,12
11107,12
11108,135
11109,135
11110,12
11111,12
11112,12
11113,7
11114,7
11115,135
11116,55
11117,122
11118,122
11119,118
11120,118
11121,41
11122,41
11123,41
11124,41
11125,66
11126,82
11127,55
11128,66
11129,27
11130,26
11131,0
11132,0
11133,0
11134,3
11135,93
11136,33
11137,58
11138,58
11139,33
11140,58
11141,58
11142,58
11143,58
11144,58
11145,58
11146,99
11147,33
11148,33
11149,99
11150,128
11151,128
11152,127
11153,127
11154,72
11155,72
11156,128
11157,128
11158,128
11159,128
11160,121
11161,121
11162,128
11163,16
11164,16
11165,16
11166,147
11167,147
11168,15
11169,117
11170,117
11171,15
11172,50
11173,50
11174,110
11175,56
11176,89
11177,55
11178,15
11179,31
11180,31
11181,64
11182,55
11183,64
11184,64
11185,51
11186,110
11187,7
11188,7
11189,124
11190,33
11191,33
11192,33
11193,33
11194,33
11195,33
11196,33
11197,33
11198,0
11199,33
11200,33
11201,59
11202,33
11203,33
11204,47
11205,47
11206,116
11207,116
11208,33
11209,33
11210,59
11211,59
11212,116
11213,33
11214,33
11215,33
11216,33
11217,33
11218,33
11219,33
11220,33
11221,33
11222,33
11223,33
11224,33
11225,59
11226,39
11227,59
11228,59
11229,59
11230,55
11231,59
11232,47
11233,33
11234,33
11235,33
11236,26
11237,119
11238,119
11239,119
11240,119
11241,119
11242,72
11243,54
11244,54
11245,54
11246,67
11247,16
11248,16
11249,67
11250,6
11251,135
11252,135
11253,135
11254,135
11255,135
11256,135
11257,135
11258,86
11259,135
11260,135
11261,135
11262,135
11263,135
11264,135
11265,135
11266,135
11267,135
11268,86
11269,148
11270,121
11271,121
11272,121
11273,121
11274,73
11275,73
11276,73
11277,73
11278,106
11279,114
11280,7
11281,76
11282,114
11283,35
11284,35
11285,35
11286,124
11287,124
11288,124
11289,114
11290,0
11291,101
11292,51
11293,135
11294,51
11295,51
11296,51
11297,51
11298,51
11299,51
11300,51
11301,51
11302,51
11303,51
11304,51
11305,26
11306,26
11307,11
11308,11
11309,11
11310,11
11311,11
11312,101
11313,51
11314,51
11315,51
11316,11
11317,66
11318,66
11319,66
11320,150
11321,150
11322,150
11323,150
11324,107
11325,107
11326,107
11327,107
11328,35
11329,130
11330,19
11331,19
11332,101
11333,77
11334,77
11335,77
11336,33
11337,33
11338,33
11339,33
11340,101
11341,6
11342,6
11343,0
11344,115
11345,115
11346,115
11347,119
11348,119
11349,119
11350,119
11351,1
11352,1
11353,1
11354,1
11355,141
11356,88
11357,1
11358,25
11359,25
11360,25
11361,25
11362,25
11363,87
11364,25
11365,25
11366,25
11367,25
11368,25
11369,25
11370,141
11371,25
11372,137
11373,137
11374,7
11375,7
11376,7
11377,7
11378,137
11379,7
11380,7
11381,7
11382,7
11383,137
11384,137
11385,137
11386,85
11387,137
11388,26
11389,26
11390,30
11391,30
11392,30
11393,30
11394,30
11395,59
11396,30
11397,30
11398,59
11399,30
11400,107
11401,66
11402,34
11403,34
11404,34
11405,61
11406,64
11407,64
11408,31
11409,31
11410,22
11411,22
11412,65
11413,148
11414,148
11415,148
11416,65
11417,134
11418,134
11419,116
11420,116
11421,100
11422,99
11423,100
11424,100
11425,116
11426,100
11427,100
11428,100
11429,99
11430,148
11431,148
11432,148
11433,107
11434,107
11435,8
11436,8
11437,8
11438,8
11439,20
11440,29
11441,20
11442,19
11443,19
11444,19
11445,52
11446,27
11447,27
11448,27
11449,27
11450,46
11451,100
11452,100
11453,100
11454,100
11455,69
11456,100
11457,137
11458,69
11459,69
11460,69
11461,69
11462,69
11463,69
11464,69
11465,137
11466,116
11467,116
11468,116
11469,50
11470,116
11471,116
11472,50
11473,34
11474,34
11475,34
11476,34
11477,34
11478,34
11479,34
11480,34
11481,34
11482,34
11483,34
11484,116
11485,34
11486,34
11487,34
11488,34
11489,116
11490,34
11491,34
11492,34
11493,34
11494,34
11495,34
11496,34
11497,116
11498,13
11499,13
11500,147
11501,147
11502,13
11503,83
11504,83
11505,83
11506,83
11507,26
11508,26
11509,13
11510,34
11511,34
11512,34
11513,69
11514,69
11515,67
11516,67
11517,67
11518,67
11519,67
11520,67
11521,45
11522,3
11523,121
11524,118
11525,3
11526,118
11527,118
11528,118
11529,118
11530,150
11531,150
11532,150
11533,150
11534,3
11535,0
11536,0
11537,51
11538,51
11539,51
11540,51
11541,0
11542,36
11543,36
11544,22
11545,37
11546,37
11547,74
11548,31
11549,31
11550,92
11551,92
11552,92
11553,92
11554,92
11555,92
11556,92
11557,92
11558,92
11559,23
11560,23
11561,92
11562,92
11563,92
11564,23
11565,92
11566,92
11567,92
11568,31
11569,31
11570,31
11571,31
11572,31
11573,31
11574,31
11575,31
11576,23
11577,31
11578,31
11579,31
11580,31
11581,31
11582,31
11583,31
11584,31
11585,31
11586,31
11587,31
11588,31
11589,26
11590,89
11591,89
11592,31
11593,29
11594,29
11595,29
11596,29
11597,89
11598,29
11599,29
11600,29
11601,29
11602,29
11603,62
11604,62
11605,89
11606,62
11607,41
11608,41
11609,89
11610,41
11611,89
11612,41
11613,62
11614,59
11615,59
11616,144
11617,33
11618,33
11619,33
11620,144
11621,24
11622,24
11623,24
11624,144
11625,24
11626,24
11627,144
11628,24
11629,24
11630,24
11631,24
11632,118
11633,24
11634,144
11635,144
11636,118
11637,118
11638,118
11639,118
11640,118
11641,118
11642,118
11643,118
11644,118
11645,118
11646,118
11647,118
11648,118
11649,118
11650,118
11651,17
11652,17
11653,17
11654,17
11655,12
11656,12
11657,12
11658,12
11659,86
11660,130
11661,130
11662,86
11663,46
11664,100
11665,100
11666,99
11667,53
11668,99
11669,99
11670,99
11671,99
11672,129
11673,53
11674,86
11675,44
11676,44
11677,86
11678,19
11679,19
11680,1
11681,19
11682,19
11683,1
11684,154
11685,154
11686,154
11687,154
11688,154
11689,154
11690,148
11691,148
11692,79
11693,79
11694,14
11695,44
11696,44
11697,44
11698,67
11699,67
11700,67
11701,67
11702,67
11703,67
11704,69
11705,69
11706,54
11707,58
11708,107
11709,107
11710,25
11711,25
11712,30
11713,30
11714,4
11715,4
11716,108
11717,108
11718,30
11719,80
11720,80
11721,80
11722,80
11723,30
11724,34
11725,100
11726,100
11727,72
11728,42
11729,42
11730,72
11731,13
11732,126
11733,126
11734,13
11735,126
11736,46
11737,128
11738,128
11739,46
11740,128
11741,128
11742,128
11743,70
11744,70
11745,46
11746,46
11747,70
11748,46
11749,130
11750,46
11751,70
11752,74
11753,70
11754,70
11755,57
11756,57
11757,14
11758,46
11759,14
11760,14
11761,15
11762,15
11763,15
11764,38
11765,38
11766,38
11767,49
11768,49
11769,89
11770,44
11771,44
11772,89
11773,89
11774,49
11775,49
11776,44
11777,50
11778,44
11779,127
11780,127
11781,127
11782,28
11783,30
11784,15
11785,101
11786,101
11787,140
11788,140
11789,140
11790,140
11791,128
11792,128
11793,128
11794,5
11795,118
11796,118
11797,118
11798,118
11799,15
11800,22
11801,15
11802,20
11803,20
11804,20
11805,31
11806,31
11807,31
11808,31
11809,31
11810,31
11811,37
11812,31
11813,31
11814,31
11815,98
11816,31
11817,100
11818,52
11819,100
11820,100
11821,100
11822,100
11823,100
11824,100
11825,69
11826,69
11827,52
11828,67
11829,52
11830,95
11831,95
11832,67
11833,122
11834,107
11835,122
11836,94
11837,94
11838,37
11839,9
11840,100
11841,100
11842,100
11843,9
11844,89
11845,89
11846,89
11847,89
11848,65
11849,124
11850,38
11851,22
11852,38
11853,38
11854,9
11855,151
11856,9
11857,94
11858,94
11859,94
11860,94
11861,67
11862,110
11863,67
11864,110
11865,64
11866,64
11867,64
11868,4
11869,65
11870,46
11871,39
11872,87
11873,39
11874,39
11875,71
11876,71
11877,71
11878,71
11879,71
11880,71
11881,71
11882,71
11883,55
11884,55
11885,71
11886,71
11887,71
11888,71
11889,71
11890,72
11891,55
11892,104
11893,72
11894,55
11895,71
11896,71
11897,71
11898,71
11899,71
11900,71
11901,55
11902,71
11903,71
11904,64
11905,55
11906,15
11907,99
11908,35
11909,54
11910,54
11911,54
11912,54
11913,54
11914,54
11915,100
11916,100
11917,76
11918,76
11919,76
11920,83
11921,83
11922,21
11923,21
11924,83
11925,118
11926,121
11927,121
11928,121
11929,121
11930,56
11931,52
11932,52
11933,52
11934,52
11935,47
11936,47
11937,114
11938,1
11939,1
11940,93
11941,114
11942,24
11943,83
11944,83
11945,5
11946,5
11947,88
11948,122
11949,122
11950,122
11951,122
11952,141
11953,57
11954,57
11955,57
11956,150
11957,150
11958,150
11959,150
11960,150
11961,150
11962,150
11963,150
11964,150
11965,150
11966,85
11967,85
11968,85
11969,85
11970,6
11971,85
11972,85
11973,85
11974,85
11975,85
11976,85
11977,141
11978,85
11979,150
11980,150
11981,150
11982,150
11983,141
11984,150
11985,150
11986,119
11987,85
11988,85
11989,85
11990,66
11991,88
11992,87
11993,50
11994,50
11995,126
11996,26
11997,126
11998,126
11999,6
12000,26
12001,117
12002,117
12003,119
12004,119
12005,119
12006,119
12007,67
12008,67
12009,67
12010,67
12011,67
12012,67
12013,69
12014,58
12015,67
12016,67
12017,58
12018,58
12019,58
12020,58
12021,58
12022,58
12023,58
12024,58
12025,58
12026,58
12027,58
12028,58
12029,14
12030,14
12031,67
12032,6
12033,126
12034,76
12035,126
12036,24
12037,24
12038,79
12039,79
12040,79
12041,79
12042,61
12043,80
12044,80
12045,80
12046,119
12047,119
12048,72
12049,77
12050,116
12051,116
12052,116
12053,116
12054,116
12055,116
12056,116
12057,116
12058,116
12059,116
12060,116
12061,116
12062,116
12063,116
12064,116
12065,116
12066,116
12067,89
12068,89
12069,89
12070,44
12071,89
12072,89
12073,89
12074,89
12075,89
12076,15
12077,44
12078,44
12079,15
12080,14
12081,14
12082,14
12083,14
12084,14
12085,14
12086,44
12087,14
12088,14
12089,137
12090,137
12091,137
12092,4
12093,4
12094,4
12095,4
12096,4
12097,4
12098,137
12099,137
12100,137
12101,137
12102,79
12103,79
12104,79
12105,137
12106,79
12107,79
12108,79
12109,79
12110,79
12111,79
12112,5
12113,79
12114,79
12115,4
12116,4
12117,66
12118,4
12119,4
12120,4
12121,66
12122,4
12123,121
12124,121
12125,129
12126,16
12127,64
12128,121
12129,40
12130,40
12131,35
12132,35
12133,35
12135,35
12136,35
12137,35
12138,35
12139,35
12140,52
12141,35
12142,35
12143,35
12144,15
12145,44
12146,35
12147,35
12148,35
12149,35
12150,35
12151,35
12152,19
12153,88
12154,155
12155,68
12156,68
12157,68
12158,13
12159,13
12160,64
12161,13
12162,89
12163,110
12164,5
12165,89
12166,1
12167,15
12168,103
12169,103
12170,103
12171,1
12172,1
12173,128
12174,128
12175,1
12176,128
12177,21
12178,21
12179,69
12180,55
12181,119
12182,55
12183,55
12184,55
12185,20
12186,20
12187,20
12188,20
12189,20
12190,20
12191,20
12192,20
12193,20
12194,20
12195,20
12196,20
12197,20
12198,126
12199,126
12200,126
12201,38
12202,38
12203,38
12204,127
12205,127
12206,127
12207,122
12208,122
12209,122
12210,122
12211,114
12212,122
12213,122
12214,23
12215,23
12216,23
12217,23
12218,23
12219,23
12220,74
12221,23
12222,36
12223,36
12224,36
12225,36
12226,36
12227,19
12228,74
12229,88
12230,88
12231,88
12232,8
12233,8
12234,8
12235,65
12236,24
12237,24
12238,24
12239,127
12240,127
12241,127
12242,103
12243,103
12244,103
12245,103
12246,103
12247,137
12248,137
12249,137
12250,127
12251,87
12252,87
12253,40
12254,40
12255,123
12256,123
12257,87
12258,123
12259,87
12260,34
12261,34
12262,144
12263,144
12264,113
12265,28
12266,28
12267,28
12268,124
12269,124
12270,79
12271,124
12272,79
12273,16
12274,16
12275,124
12276,68
12277,124
12278,68
12279,68
12280,17
12281,17
12282,17
12283,17
12284,124
12285,1
12286,1
12287,1
12288,1
12289,1
12290,1
12291,1
12292,26
12293,26
12294,14
12295,99
12296,99
12297,125
12298,99
12299,99
12300,42
12301,69
12302,25
12303,25
12304,69
12305,107
12306,21
12307,55
12308,26
12309,21
12310,17
12311,22
12312,22
12313,110
12314,110
12315,110
12316,110
12317,110
12318,145
12319,145
12320,145
12321,17
12322,110
12323,110
12324,110
12325,114
12326,114
12327,22
12328,22
12329,46
12330,22
12331,22
12332,22
12333,25
12334,25
12335,25
12336,46
12337,148
12338,148
12339,76
12340,76
12341,148
12342,148
12343,148
12344,148
12345,148
12346,148
12347,55
12348,148
12349,148
12350,148
12351,148
12352,148
12353,9
12354,9
12355,31
12356,31
12357,31
12358,31
12359,31
12360,98
12361,98
12362,117
12363,117
12364,16
12365,117
12366,117
12367,117
12368,13
12369,117
12370,141
12371,88
12372,141
12373,16
12374,5
12375,5
12376,128
12377,128
12378,0
12379,0
12380,90
12381,90
12382,90
12383,0
12384,90
12385,90
12386,0
12387,90
12388,114
12389,0
12390,30
12391,30
12392,0
12393,13
12394,0
12395,79
12396,79
12397,13
12398,79
12399,79
12400,4
12401,0
12402,0
12403,89
12404,89
12405,89
12406,23
12407,23
12408,23
12409,23
12410,34
12411,132
12412,132
12413,132
12414,132
12415,132
12416,26
12417,51
12418,51
12419,51
12420,51
12421,51
12422,51
12423,141
12424,141
12425,132
12426,132
12427,132
12428,132
12429,141
12430,132
12431,141
12432,26
12433,40
12434,40
12435,141
12436,141
12437,141
12438,141
12439,126
12440,126
12441,126
12442,40
12443,54
12444,54
12445,40
12446,38
12447,40
12448,38
12449,38
12450,33
12451,40
12452,40
12453,19
12454,0
12455,55
12456,8
12457,8
12458,49
12459,49
12460,98
12461,44
12462,82
12463,82
12464,18
12465,26
12466,144
12467,144
12468,51
12469,144
12470,144
12471,78
12472,78
12473,144
12474,118
12475,118
12476,118
12477,118
12478,118
12479,118
12480,118
12481,127
12482,127
12483,127
12484,128
12485,148
12486,126
12487,148
12488,100
12489,126
12490,144
12491,144
12492,67
12493,67
12494,145
12495,145
12496,145
12497,145
12498,115
12499,115
12500,110
12501,110
12502,110
12503,110
12504,110
12505,115
12506,145
12507,145
12508,125
12509,125
12510,115
12511,66
12512,53
12513,146
12514,146
12515,55
12516,11
12517,28
12518,55
12519,55
12520,48
12521,48
12522,48
12523,48
12524,3
12525,0
12526,48
12527,34
12528,34
12529,34
12530,34
12531,34
12532,0
12533,69
12534,34
12535,34
12536,34
12537,34
12538,34
12539,34
12540,121
12541,121
12542,34
12543,43
12544,43
12545,43
12546,43
12547,27
12548,27
12549,27
12550,27
12551,27
12552,27
12553,27
12554,27
12555,137
12556,27
12557,89
12558,27
12559,137
12560,137
12561,137
12562,6
12563,6
12564,6
12565,6
12566,67
12567,67
12568,67
12569,67
12570,69
12571,101
12572,67
12573,67
12574,67
12575,67
12576,67
12577,67
12578,67
12579,67
12580,69
12581,67
12582,67
12583,69
12584,69
12585,67
12586,67
12587,69
12588,69
12589,56
12590,69
12591,39
12592,85
12593,85
12594,87
12595,87
12596,35
12597,35
12598,35
12599,0
12600,0
12601,0
12602,0
12603,0
12604,0
12605,13
12606,0
12607,0
12608,0
12609,0
12610,94
12611,19
12612,61
12613,61
12614,22
12615,85
12616,85
12617,121
12618,42
12619,7
12620,82
12621,82
12622,82
12623,59
12624,38
12625,38
12626,38
12627,101
12628,38
12629,38
12630,6
12631,6
12632,132
12633,132
12634,132
12635,132
12636,132
12637,132
12638,122
12639,122
12640,132
12641,107
12642,122
12643,122
12644,122
12645,122
12646,121
12647,122
12648,25
12649,122
12650,107
12651,88
12652,88
12653,48
12654,48
12655,16
12656,16
12657,48
12658,16
12659,16
12660,117
12661,117
12662,117
12663,75
12664,75
12665,75
12666,48
12667,133
12668,33
12669,22
12670,33
12671,33
12672,101
12673,101
12674,101
12675,67
12676,16
12677,64
12678,64
12679,98
12680,37
12681,37
12682,47
12683,47
12684,47
12685,47
12686,67
12687,69
12688,5
12689,5
12690,69
12691,89
12692,30
12693,89
12694,31
12695,31
12696,30
12697,30
12698,31
12699,31
12700,30
12701,30
12702,30
12703,30
12704,125
12705,125
12706,110
12707,137
12708,19
12709,33
12710,125
12711,125
12712,10
12713,10
12714,10
12715,137
12716,95
12717,95
12718,95
12719,67
12720,71
12721,110
12722,110
12723,17
12724,107
12725,107
12726,139
12727,139
12728,53
12729,148
12730,148
12731,34
12732,34
12733,34
12734,34
12735,148
12736,46
12737,46
12738,44
12739,44
12740,44
12741,28
12742,28
12743,148
12744,28
12745,28
12746,28
12747,28
12748,28
12749,28
12750,28
12751,28
12752,28
12753,125
12754,137
12755,137
12756,125
12757,137
12758,137
12759,137
12760,137
12761,137
12762,137
12763,137
12764,137
12765,137
12766,35
12767,35
12768,35
12769,35
12770,132
12771,132
12772,132
12773,132
12774,4
12775,4
12776,35
12777,35
12778,4
12779,4
12780,4
12781,35
12782,4
12783,41
12784,41
12785,41
12786,41
12787,35
12788,41
12789,41
12790,41
12791,41
12792,41
12793,41
12794,80
12795,87
12796,80
12797,80
12798,80
12799,80
12800,87
12801,80
12802,87
12803,130
12804,130
12805,9
12806,117
12807,117
12808,117
12809,40
12810,36
12811,20
12812,101
12813,9
12814,107
12815,107
12816,115
12817,115
12818,89
12819,8
12820,8
12821,8
12822,8
12823,19
12824,89
12825,141
12826,141
12827,93
12828,93
12829,93
12830,141
12831,0
12832,0
12833,0
12834,0
12835,0
12836,0
12837,0
12838,0
12839,0
12840,0
12841,71
12842,71
12843,29
12844,141
12845,5
12846,128
12847,128
12848,128
12849,20
12850,97
12851,54
12852,52
12853,52
12854,59
12855,59
12856,33
12857,33
12858,33
12859,33
12860,33
12861,24
12862,24
12863,24
12864,24
12865,24
12866,24
12867,24
12868,24
12869,24
12870,24
12871,149
12872,149
12873,149
12874,101
12875,149
12876,149
12877,148
12878,148
12879,148
12880,149
12881,52
12882,148
12883,148
12884,148
12885,148
12886,101
12887,148
12888,148
12889,148
12890,141
12891,148
12892,148
12893,149
12894,149
12895,141
12896,149
12897,149
12898,24
12899,26
12900,26
12901,24
12902,24
12903,24
12904,95
12905,95
12906,24
12907,24
12908,24
12909,24
12910,24
12911,95
12912,33
12913,24
12914,33
12915,26
12916,1
12917,1
12918,1
12919,65
12920,0
12921,79
12922,79
12923,0
12924,66
12925,66
12926,0
12927,136
12928,75
12929,75
12930,6
12931,75
12932,75
12933,6
12934,75
12935,75
12936,42
12937,116
12938,8
12939,8
12940,116
12941,4
12942,4
12943,4
12944,65
12945,37
12946,37
12947,37
12948,21
12949,37
12950,51
12951,51
12952,51
12953,21
12954,117
12955,117
12956,117
12957,100
12958,100
12959,116
12960,116
12961,116
12962,79
12963,79
12964,79
12965,79
12966,79
12967,79
12968,79
12969,79
12970,116
12971,4
12972,4
12973,0
12974,0
12975,13
12976,14
12977,14
12978,65
12979,45
12980,45
12981,45
12982,45
12983,45
12984,25
12985,25
12986,25
12987,25
12988,103
12989,103
12990,25
12991,25
12992,25
12993,25
12994,25
12995,25
12996,25
12997,103
12998,103
12999,22
13000,22
13001,22
13002,22
13003,22
13004,22
13005,22
13006,22
13007,22
13008,22
13009,22
13010,22
13011,22
13012,22
13013,89
13014,67
13015,67
13016,67
13017,148
13018,148
13019,148
13020,148
13021,148
13022,89
13023,10
13024,10
13025,10
13026,55
13027,61
13028,61
13029,68
13030,52
13031,68
13032,68
13033,52
13034,6
13035,22
13036,22
13037,22
13038,22
13039,22
13040,22
13041,71
13042,22
13043,71
13044,71
13045,71
13046,71
13047,71
13048,71
13049,71
13050,35
13051,41
13052,41
13053,41
13054,65
13055,41
13056,41
13057,65
13058,76
13059,76
13060,80
13061,30
13062,30
13063,30
13064,30
13065,115
13066,30
13067,30
13068,64
13069,64
13070,64
13071,64
13072,115
13073,64
13074,15
13075,15
13076,15
13077,22
13078,22
13079,67
13080,22
13081,22
13082,22
13083,132
13084,5
13085,5
13086,5
13087,5
13088,20
13089,132
13090,20
13091,152
13092,9
13093,116
13094,29
13095,28
13096,29
13097,29
13098,29
13099,30
13100,30
13101,28
13102,28
13103,30
13104,30
13105,28
13106,30
13107,55
13108,55
13109,5
13110,101
13111,101
13112,101
13113,130
13114,21
13115,67
13116,67
13117,67
13118,113
13119,113
13120,67
13121,113
13122,113
13123,114
13124,15
13125,46
13126,75
13127,106
13128,6
13129,6
13130,55
13131,34
13132,34
13133,34
13134,34
13135,4
13136,4
13137,69
13138,127
13139,127
13140,133
13141,133
13142,121
13143,51
13144,121
13145,126
13146,126
13147,122
13148,122
13149,17
13150,17
13151,17
13152,17
13153,53
13154,53
13155,53
13156,53
13157,122
13158,122
13159,8
13160,8
13161,82
13162,88
13163,88
13164,0
13165,0
13166,40
13167,40
13168,40
13169,88
13170,7
13171,7
13172,88
13173,7
13174,7
13175,7
13176,7
13177,88
13178,47
13179,47
13180,59
13181,59
13182,59
13183,88
13184,39
13185,66
13186,110
13187,110
13188,66
13189,110
13190,110
13191,110
13192,110
13193,110
13194,110
13195,110
13196,110
13197,110
13198,110
13199,33
13200,122
13201,122
13202,110
13203,110
13204,110
13205,39
13206,110
13207,118
13208,118
13209,95
13210,95
13211,95
13212,95
13213,95
13214,95
13215,100
13216,100
13217,51
13218,51
13219,51
13220,145
13221,87
13222,87
13223,87
13224,87
13225,46
13226,8
13227,8
13228,8
13229,8
13230,8
13231,8
13232,8
13233,8
13234,8
13235,8
13236,8
13237,118
13238,23
13239,16
13240,16
13241,16
13242,48
13243,56
13244,107
13245,107
13246,22
13247,22
13248,22
13249,120
13250,120
13251,120
13252,8
13253,56
13254,6
13255,95
13256,67
13257,67
13258,67
13259,67
13260,67
13261,67
13262,67
13263,30
13264,67
13265,67
13266,67
13267,67
13268,67
13269,36
13270,36
13271,36
13272,36
13273,92
13274,92
13275,92
13276,92
13277,92
13278,92
13279,135
13280,135
13281,92
13282,92
13283,91
13284,135
13285,100
13286,88
13287,99
13288,99
13289,99
13290,99
13291,99
13292,99
13293,99
13294,139
13295,139
13296,99
13297,127
13298,127
13299,127
13300,127
13301,127
13302,127
13303,127
13304,127
13305,56
13306,127
13307,103
13308,103
13309,103
13310,103
13311,103
13312,103
13313,103
13314,124
13315,124
13316,121
13317,137
13318,27
13319,137
13320,137
13321,137
13322,27
13323,137
13324,27
13325,137
13326,52
13327,73
13328,73
13329,124
13330,124
13331,124
13332,124
13333,124
13334,124
13335,73
13336,73
13337,73
13338,73
13339,97
13340,97
13341,97
13342,52
13343,56
13344,56
13345,52
13346,52
13347,52
13348,93
13349,93
13350,93
13351,93
13352,93
13353,93
13354,93
13355,93
13356,34
13357,34
13358,34
13359,34
13360,34
13361,34
13362,94
13363,94
13364,34
13365,94
13366,94
13367,94
13368,94
13369,51
13370,94
13371,94
13372,94
13373,94
13374,94
13375,94
13376,94
13377,94
13378,94
13379,71
13380,71
13381,71
13382,71
13383,71
13384,71
13385,107
13386,107
13387,107
13388,107
13389,107
13390,107
13391,107
13392,107
13393,107
13394,56
13395,56
13396,107
13397,51
13398,25
13399,25
13400,25
13401,25
13402,25
13403,71
13404,71
13405,71
13406,29
13407,94
13408,94
13409,94
13410,94
13411,34
13412,34
13413,54
13414,54
13415,54
13416,132
13417,132
13418,54
13419,23
13420,100
13421,100
13422,72
13423,72
13424,98
13425,98
13426,98
13427,62
13428,0
13429,0
13430,37
13431,37
13432,37
13433,22
13434,22
13435,22
13436,22
13437,22
13438,22
13439,22
13440,22
13441,22
13442,22
13443,22
13444,72
13445,71
13446,72
13447,72
13448,72
13449,72
13450,72
13451,72
13452,72
13453,72
13454,98
13455,98
13456,98
13457,62
13458,62
13459,62
13460,62
13461,62
13462,0
13463,0
13464,62
13465,0
13466,0
13467,0
13468,0
13469,0
13470,0
13471,22
13472,22
13473,22
13474,22
13475,22
13476,37
13477,37
13478,37
13479,37
13480,37
13481,26
13482,72
13483,0
13484,0
13485,0
13486,67
13487,67
13488,67
13489,67
13490,67
13491,22
13492,72
13493,72
13494,0
13495,0
13496,0
13497,22
13498,40
13499,48
13500,8
13501,70
13502,35
13503,112
13504,84
13505,88
13506,88
13507,88
13508,0
13509,129
13510,88
13511,88
13512,99
13513,128
13514,128
13515,128
13516,128
13517,72
13518,72
13519,72
13520,72
13521,15
13522,20
13523,20
13524,30
13525,30
13526,30
13527,30
13528,30
13529,107
13530,14
13531,14
13532,14
13533,14
13534,14
13535,14
13536,7
13537,7
13538,7
13539,7
13540,121
13541,121
13542,121
13543,118
13544,121
13545,17
13546,43
13547,43
13548,0
13549,43
13550,43
13551,43
13552,43
13553,43
13554,102
13555,102
13556,102
13557,102
13558,102
13559,43
13560,43
13561,43
13562,43
13563,51
13564,51
13565,114
13566,114
13567,133
13568,133
13569,73
13570,73
13571,73
13572,133
13573,133
13574,120
13575,120
13576,120
13577,130
13578,130
13579,5
13580,4
13581,4
13582,4
13583,4
13584,135
13585,135
13586,135
13587,64
13588,130
13589,64
13590,66
13591,66
13592,83
13593,83
13594,75
13595,75
13596,4
13597,4
13598,117
13599,117
13600,117
13601,117
13602,112
13603,112
13604,135
13605,51
13606,139
13607,128
13608,8
13609,8
13610,8
13611,8
13612,8
13613,8
13614,8
13615,8
13616,130
13617,130
13618,8
13619,8
13620,130
13621,8
13622,8
13623,8
13624,8
13625,8
13626,79
13627,79
13628,22
13629,22
13630,22
13631,37
13632,22
13633,114
13634,114
13635,114
13636,114
13637,114
13638,114
13639,114
13640,114
13641,114
13642,114
13643,114
13644,114
13645,114
13646,114
13647,114
13648,114
13649,114
13650,114
13651,141
13652,141
13653,141
13654,141
13655,124
13656,124
13657,87
13658,87
13659,87
13660,87
13661,87
13662,87
13663,87
13664,87
13665,87
13666,87
13667,124
13668,124
13669,124
13670,141
13671,141
13672,141
13673,97
13674,14
13675,14
13676,44
13677,44
13678,44
13679,15
13680,44
13681,126
13682,109
13683,109
13684,79
13685,79
13686,79
13687,74
13688,74
13689,74
13690,74
13691,36
13692,30
13693,43
13694,43
13695,43
13696,82
13697,82
13698,82
13699,22
13700,148
13701,148
13702,148
13703,148
13704,16
13705,16
13706,16
13707,16
13708,16
13709,16
13710,16
13711,16
13712,16
13713,16
13714,16
13715,16
13716,16
13717,16
13718,16
13719,16
13720,16
13721,16
13722,17
13723,17
13724,17
13725,17
13726,17
13727,17
13728,17
13729,17
13730,17
13731,17
13732,17
13733,17
13734,17
13735,17
13736,17
13737,17
13738,53
13739,53
13740,53
13741,53
13742,16
13743,16
13744,16
13745,16
13746,16
13747,16
13748,16
13749,31
13750,31
13751,31
13752,31
13753,31
13754,128
13755,128
13756,128
13757,128
13758,128
13759,128
13760,79
13761,79
13762,79
13763,4
13764,79
13765,4
13766,4
13767,4
13768,4
13769,51
13770,51
13771,135
13772,51
13773,51
13774,51
13775,53
13776,53
13777,67
13778,79
13779,67
13780,67
13781,67
13782,67
13783,76
13784,10
13785,10
13786,21
13787,21
13788,10
13789,10
13790,10
13791,78
13792,78
13793,17
13794,17
13795,130
13796,1
13797,1
13798,66
13799,66
13800,1
13801,66
13802,1
13803,1
13804,1
13805,1
13806,19
13807,19
13808,35
13809,19
13810,20
13811,20
13812,21
13813,20
13814,20
13815,128
13816,54
13817,128
13818,58
13819,95
13820,31
13821,92
13822,92
13823,92
13824,92
13825,99
13826,99
13827,99
13828,99
13829,99
13830,99
13831,69
13832,28
13833,28
13834,28
13835,28
13836,28
13837,146
13838,146
13839,120
13840,146
13841,120
13842,14
13843,12
13844,12
13845,12
13846,5
13847,5
13848,5
13849,5
13850,5
13851,5
13852,5
13853,83
13854,83
13855,21
13856,14
13857,14
13858,124
13859,124
13860,8
13861,8
13862,8
13863,8
13864,8
13865,37
13866,22
13867,45
13868,135
13869,135
13870,37
13871,135
13872,135
13873,135
13874,135
13875,135
13876,135
13877,38
13878,38
13879,66
13880,38
13881,38
13882,38
13883,38
13884,14
13885,14
13886,38
13887,31
13888,31
13889,31
13890,31
13891,31
13892,31
13893,89
13894,89
13895,146
13896,89
13897,89
13898,89
13899,89
13900,74
13901,74
13902,43
13903,98
13904,98
13905,98
13906,62
13907,62
13908,62
13909,62
13910,62
13911,62
13912,62
13913,62
13914,62
13915,62
13916,120
13917,66
13918,5
13919,37
13920,15
13921,15
13922,15
13923,15
13924,83
13925,83
13926,54
13927,54
13928,148
13929,148
13930,148
13931,7
13932,7
13933,7
13934,7
13935,7
13936,7
13937,7
13938,7
13939,7
13940,8
13941,7
13942,7
13943,7
13944,7
13945,7
13946,7
13947,7
13948,7
13949,7
13950,7
13951,7
13952,8
13953,12
13954,12
13955,12
13956,12
13957,12
13958,12
13959,12
13960,66
13961,12
13962,12
13963,12
13964,123
13965,123
13966,123
13967,123
13968,61
13969,61
13970,61
13971,7
13972,7
13973,7
13974,7
13975,7
13976,7
13977,7
13978,7
13979,7
13980,120
13981,132
13982,132
13983,123
13984,12
13985,12
13986,12
13987,12
13988,12
13989,48
13990,7
13991,7
13992,7
13993,31
13994,31
13995,31
13996,31
13997,31
13998,31
13999,98
14000,31
14001,31
14002,24
14003,18
14004,18
14005,18
14006,18
14007,126
14008,66
14009,66
14010,86
14011,124
14012,101
14013,101
14014,64
14015,64
14016,64
14017,114
14018,114
14019,114
14020,114
14021,114
14022,76
14023,114
14024,76
14025,76
14026,20
14027,20
14028,20
14029,20
14030,52
14031,46
14032,46
14033,28
14034,67
14035,67
14036,43
14037,43
14038,43
14039,43
14040,43
14041,43
14042,43
14043,43
14044,43
14045,43
14046,43
14047,56
14048,75
14049,74
14050,3
14051,8
14052,8
14053,137
14054,8
14055,8
14056,8
14057,8
14058,8
14059,8
14060,68
14061,68
14062,14
14063,14
14064,38
14065,38
14066,38
14067,38
14068,38
14069,38
14070,38
14071,38
14072,38
14073,38
14074,49
14075,49
14076,49
14077,49
14078,49
14079,49
14080,49
14081,50
14082,50
14083,104
14084,30
14085,30
14086,30
14087,66
14088,66
14089,22
14090,25
14091,106
14092,51
14093,51
14094,51
14095,51
14096,34
14097,34
14098,34
14099,135
14100,135
14101,76
14102,76
14103,76
14104,76
14105,126
14106,126
14107,126
14108,126
14109,126
14110,126
14111,127
14112,127
14113,75
14114,75
14115,127
14116,127
14117,127
14118,106
14119,132
14120,127
14121,127
14122,127
14123,127
14124,110
14125,14
14126,14
14127,14
14128,14
14129,14
14130,14
14131,132
14132,121
14133,121
14134,121
14135,121
14136,142
14137,142
14138,142
14139,142
14140,147
14141,26
14142,26
14143,66
14144,58
14145,58
14146,4
14147,4
14148,4
14149,4
14150,4
14151,4
14152,75
14153,42
14154,42
14155,42
14156,42
14157,42
14158,42
14159,42
14160,58
14161,58
14162,42
14163,42
14164,42
14165,42
14166,97
14167,42
14168,42
14169,97
14170,97
14171,97
14172,86
14173,86
14174,97
14175,97
14176,97
14177,97
14178,141
14179,97
14180,97
14181,54
14182,54
14183,54
14184,58
14185,6
14186,6
14187,6
14188,100
14189,69
14190,100
14191,58
14192,58
14193,58
14194,18
14195,20
14196,20
14197,16
14198,22
14199,22
14200,22
14201,64
14202,64
14203,64
14204,64
14205,103
14206,103
14207,103
14208,103
14209,19
14210,15
14211,6
14212,20
14213,31
14214,31
14215,31
14216,31
14217,31
14218,84
14219,84
14220,84
14221,72
14222,72
14223,72
14224,72
14225,72
14226,72
14227,72
14228,72
14229,31
14230,31
14231,31
14232,31
14233,98
14234,98
14235,98
14236,98
14237,98
14238,31
14239,98
14240,92
14241,91
14242,91
14243,91
14244,31
14245,91
14246,91
14247,91
14248,84
14249,84
14250,31
14251,84
14252,84
14253,31
14254,72
14255,72
14256,31
14257,31
14258,31
14259,31
14260,31
14261,31
14262,31
14263,31
14264,85
14265,85
14266,31
14267,85
14268,31
14269,67
14270,31
14271,20
14272,20
14273,26
14274,95
14275,95
14276,95
14277,95
14278,95
14279,95
14280,26
14281,26
14282,23
14283,23
14284,71
14285,71
14286,71
14287,71
14288,71
14289,71
14290,118
14291,118
14292,118
14293,8
14294,8
14295,8
14296,8
14297,8
14298,8
14299,87
14300,24
14301,33
14302,24
14303,24
14304,33
14305,33
14306,132
14307,132
14308,139
14309,139
14310,70
14311,70
14312,70
14313,130
14314,130
14315,130
14316,130
14317,31
14318,31
14319,130
14320,130
14321,130
14322,130
14323,20
14324,42
14325,42
14326,42
14327,42
14328,42
14329,42
14330,64
14331,64
14332,42
14333,14
14334,75
14335,75
14336,75
14337,75
14338,64
14339,17
14340,17
14341,135
14342,35
14343,35
14344,35
14345,35
14346,30
14347,30
14348,30
14349,67
14350,107
14351,51
14352,51
14353,38
14354,51
14355,51
14356,36
14357,35
14358,38
14359,121
14360,121
14361,98
14362,98
14363,98
14364,38
14365,38
14366,98
14367,3
14368,3
14369,3
14370,38
14371,38
14372,38
14373,102
14374,38
14375,102
14376,38
14377,54
14378,54
14379,54
14380,140
14381,140
14382,79
14383,140
14384,38
14385,54
14386,35
14387,35
14388,19
14389,123
14390,123
14391,38
14392,122
14393,122
14394,122
14395,122
14396,122
14397,38
14398,59
14399,52
14400,52
14401,38
14402,31
14403,31
14404,5
14405,31
14406,31
14407,51
14408,31
14409,31
14410,31
14411,31
14412,31
14413,35
14414,92
14415,92
14416,92
14417,92
14418,31
14419,6
14420,118
14421,118
14422,118
14423,118
14424,31
14425,6
14426,6
14427,31
14428,31
14429,16
14430,16
14431,16
14432,64
14433,64
14434,64
14435,142
14436,142
14437,142
14438,142
14439,142
14440,142
14441,142
14442,142
14443,102
14444,142
14445,113
14446,149
14447,149
14448,149
14449,149
14450,116
14451,116
14452,116
14453,149
14454,35
14455,92
14456,92
14457,101
14458,101
14459,101
14460,119
14461,119
14462,18
14463,18
14464,34
14465,34
14466,34
14467,34
14468,34
14469,34
14470,139
14471,17
14472,88
14473,147
14474,88
14475,87
14476,87
14477,87
14478,87
14479,113
14480,113
14481,107
14482,95
14483,95
14484,95
14485,75
14486,75
14487,42
14488,42
14489,85
14490,119
14491,119
14492,119
14493,85
14494,85
14495,85
14496,85
14497,85
14498,85
14499,85
14500,85
14501,43
14502,43
14503,43
14504,43
14505,43
14506,43
14507,102
14508,102
14509,102
14510,102
14511,102
14512,102
14513,102
14514,102
14515,130
14516,113
14517,76
14518,113
14519,126
14520,46
14521,126
14522,126
14523,126
14524,77
14525,77
14526,35
14527,137
14528,86
14529,86
14530,137
14531,137
14532,137
14533,42
14534,137
14535,114
14536,42
14537,86
14538,118
14539,99
14540,99
14541,99
14542,135
14543,137
14544,135
14545,110
14546,137
14547,13
14548,13
14549,137
14550,4
14551,4
14552,46
14553,46
14554,12
14555,8
14556,8
14557,8
14558,8
14559,8
14560,8
14561,8
14562,8
14563,39
14564,6
14565,95
14566,39
14567,39
14568,94
14569,39
14570,142
14571,142
14572,46
14573,43
14574,43
14575,43
14576,43
14577,92
14578,66
14579,92
14580,92
14581,39
14582,36
14583,128
14584,128
14585,4
14586,4
14587,135
14588,135
14589,135
14590,135
14591,135
14592,135
14593,99
14594,127
14595,127
14596,28
14597,14
14598,14
14599,67
14600,30
14601,37
14602,44
14603,44
14604,14
14605,14
14606,14
14607,14
14608,14
14609,30
14610,30
14611,30
14612,30
14613,30
14614,30
14615,87
14616,87
14617,87
14618,39
14619,39
14620,148
14621,148
14622,127
14623,95
14624,67
14625,36
14626,46
14627,13
14628,6
14629,6
14630,6
14631,6
14632,6
14633,6
14634,6
14635,6
14636,6
14637,6
14638,6
14639,128
14640,79
14641,79
14642,79
14643,41
14644,41
14645,34
14646,34
14647,61
14648,9
14649,132
14650,9
14651,116
14652,117
14653,117
14654,117
14655,117
14656,24
14657,23
14658,23
14659,6
14660,6
14661,18
14662,18
14663,126
14664,18
14665,8
14666,8
14667,45
14668,12
14669,34
14670,34
14671,15
14672,15
14673,34
14674,34
14675,44
14676,15
14677,44
14678,15
14679,15
14680,15
14681,44
14682,15
14683,15
14684,44
14685,44
14686,124
14687,124
14688,124
14689,124
14690,124
14691,109
14692,109
14693,109
14694,109
14695,109
14696,109
14697,109
14698,109
14699,109
14700,114
14701,114
14702,114
14703,114
14704,114
14705,114
14706,114
14707,114
14708,114
14709,114
14710,114
14711,114
14712,21
14713,21
14714,114
14715,109
14716,109
14717,109
14718,109
14719,114
14720,114
14721,114
14722,114
14723,114
14724,21
14725,21
14726,114
14727,114
14728,114
14729,114
14730,114
14731,114
14732,115
14733,115
14734,115
14735,115
14736,83
14737,20
14738,20
14739,115
14740,115
14741,82
14742,31
14743,31
14744,31
14745,31
14746,31
14747,88
14748,19
14749,19
14750,19
14751,19
14752,119
14753,26
14754,26
14755,16
14756,95
14757,104
14758,104
14759,101
14760,3
14761,48
14762,48
14763,3
14764,3
14765,3
14766,3
14767,3
14768,3
14769,59
14770,59
14771,59
14772,59
14773,116
14774,101
14775,101
14776,101
14777,82
14778,85
14779,82
14780,82
14781,16
14782,16
14783,16
14784,36
14785,30
14786,48
14787,12
14788,36
14789,7
14790,7
14791,131
14792,131
14793,131
14794,131
14795,36
14796,30
14797,30
14798,36
14799,30
14800,30
14801,30
14802,36
14803,30
14804,30
14805,30
14806,24
14807,24
14808,24
14809,24
14810,31
14811,31
14812,36
14813,31
14814,148
14815,36
14816,148
14817,36
14818,25
14819,25
14820,36
14821,36
14822,36
14823,34
14824,36
14825,135
14826,135
14827,135
14828,33
14829,36
14830,36
14831,33
14832,80
14833,36
14834,127
14835,127
14836,36
14837,116
14838,51
14839,51
14840,51
14841,126
14842,78
14843,78
14844,78
14845,58
14846,64
14847,36
14848,64
14849,23
14850,127
14851,23
14852,120
14853,118
14854,100
14855,100
14856,100
14857,100
14858,100
14859,100
14860,118
14861,101
14862,101
14863,101
14864,101
14865,101
14866,101
14867,58
14868,118
14869,58
14870,58
14871,58
14872,58
14873,118
14874,118
14875,0
14876,0
14877,92
14878,118
14879,84
14880,118
14881,48
14882,126
14883,126
14884,110
14885,118
14886,110
14887,118
14888,85
14889,147
14890,147
14891,147
14892,147
14893,118
14894,92
14895,91
14896,16
14897,17
14898,17
14899,80
14900,80
14901,80
14902,118
14903,108
14904,108
14905,108
14906,6
14907,6
14908,118
14909,82
14910,82
14911,38
14912,38
14913,38
14914,38
14915,38
14916,38
14917,65
14918,65
14919,18
14920,18
14921,113
14922,113
14923,113
14924,113
14925,113
14926,15
14927,89
14928,89
14929,44
14930,44
14931,44
14932,69
14933,148
14934,89
14935,89
14936,89
14937,113
14938,113
14939,76
14940,15
14941,44
14942,15
14943,15
14944,65
14945,65
14946,65
14947,15
14948,20
14949,148
14950,20
14951,20
14952,20
14953,20
14954,20
14955,18
14956,18
14957,18
14958,18
14959,18
14960,18
14961,18
14962,72
14963,31
14964,31
14965,148
14966,31
14967,55
14968,55
14969,64
14970,64
14971,64
14972,64
14973,64
14974,64
14975,64
14976,64
14977,64
14978,64
14979,64
14980,64
14981,64
14982,148
14983,64
14984,64
14985,64
14986,64
14987,16
14988,16
14989,16
14990,16
14991,16
14992,16
14993,16
14994,16
14995,16
14996,16
14997,16
14998,16
14999,126
15000,16
15001,16
15002,18
15003,18
15004,148
15005,16
15006,18
15007,18
15008,18
15009,65
15010,65
15011,65
15012,65
15013,65
15014,151
15015,151
15016,65
15017,151
15018,65
15019,65
15020,65
15021,148
15022,148
15023,116
15024,148
15025,36
15026,36
15027,148
15028,83
15029,83
15030,148
15031,83
15032,83
15033,83
15034,83
15035,83
15036,83
15037,36
15038,36
15039,148
15040,36
15041,43
15042,43
15043,148
15044,89
15045,146
15046,148
15047,148
15048,75
15049,119
15050,148
15051,17
15052,17
15053,19
15054,19
15055,19
15056,19
15057,148
15058,44
15059,148
15060,28
15061,18
15062,18
15063,148
15064,126
15065,126
15066,148
15067,66
15068,66
15069,66
15070,148
15071,150
15072,150
15073,150
15074,150
15075,46
15076,148
15077,46
15078,46
15079,122
15080,122
15081,122
15082,46
15083,144
15084,144
15085,148
15086,107
15087,107
15088,58
15089,127
15090,127
15091,50
15092,127
15093,33
15094,33
15095,33
15096,33
15097,95
15098,58
15099,75
15100,22
15101,22
15102,121
15103,121
15104,121
15105,30
15106,86
15107,96
15108,96
15109,96
15110,96
15111,45
15112,12
15113,45
15114,12
15115,76
15116,50
15117,50
15118,14
15119,50
15120,50
15121,50
15122,50
15123,19
15124,19
15125,108
15126,108
15127,62
15128,58
15129,144
15130,144
15131,144
15132,144
15133,87
15134,27
15135,43
15136,43
15137,43
15138,43
15139,43
15140,43
15141,43
15142,43
15143,43
15144,43
15145,43
15146,85
15147,119
15148,119
15149,119
15150,119
15151,119
15152,119
15153,119
15154,119
15155,84
15156,84
15157,92
15158,92
15159,92
15160,92
15161,92
15162,92
15163,92
15164,92
15165,85
15166,85
15167,43
15168,43
15169,43
15170,43
15171,102
15172,43
15173,102
15174,91
15175,91
15176,84
15177,119
15178,84
15179,119
15180,119
15181,119
15182,103
15183,77
15184,86
15185,103
15186,52
15187,52
15188,52
15189,43
15190,43
15191,141
15192,108
15193,19
15194,19
15195,19
15196,19
15197,85
15198,85
15199,147
15200,147
15201,147
15202,147
15203,0
15204,9
15205,9
15206,51
15207,87
15208,87
15209,87
15210,87
15211,80
15212,80
15213,80
15214,69
15215,69
15216,101
15217,101
15218,101
15219,101
15220,140
15221,69
15222,49
15223,125
15224,78
15225,141
15226,40
15227,40
15228,23
15229,23
15230,23
15231,23
15232,118
15233,118
15234,118
15235,118
15236,149
15237,118
15238,149
15239,118
15240,149
15241,149
15242,149
15243,149
15244,149
15245,149
15246,148
15247,148
15248,148
15249,148
15250,148
15251,148
15252,148
15253,148
15254,148
15255,148
15256,149
15257,118
15258,118
15259,118
15260,118
15261,118
15262,23
15263,23
15264,23
15265,23
15266,64
15267,84
15268,21
15269,21
15270,35
15271,28
15272,28
15273,148
15274,148
15275,148
15276,35
15277,20
15278,20
15279,20
15280,20
15281,67
15282,47
15283,141
15284,71
15285,71
15286,71
15287,71
15288,71
15289,107
15290,107
15291,107
15292,22
15293,22
15294,14
15295,14
15296,14
15297,14
15298,67
15299,30
15300,30
15301,30
15302,30
15303,107
15304,107
15305,107
15306,107
15307,107
15308,107
15309,107
15310,107
15311,148
15312,50
15313,126
15314,50
15315,126
15316,126
15317,18
15318,18
15319,18
15320,106
15321,106
15322,106
15323,106
15324,106
15325,65
15326,65
15327,80
15328,80
15329,80
15330,141
15331,51
15332,51
15333,51
15334,51
15335,133
15336,133
15337,97
15338,78
15339,70
15340,79
15341,79
15342,79
15343,70
15344,131
15345,131
15346,94
15347,94
15348,70
15349,79
15350,80
15351,80
15352,80
15353,80
15354,80
15355,80
15356,17
15357,17
15358,14
15359,67
15360,14
15361,67
15362,9
15363,95
15364,100
15365,8
15366,8
15367,128
15368,101
15369,12
15370,12
15371,12
15372,12
15373,39
15374,121
15375,121
15376,88
15377,88
15378,139
15379,51
15380,51
15381,8
15382,8
15383,7
15384,78
15385,127
15386,127
15387,52
15388,83
15389,83
15390,83
15391,83
15392,55
15393,21
15394,21
15395,21
15396,21
15397,21
15398,21
15399,21
15400,21
15401,21
15402,21
15403,21
15404,21
15405,119
15406,21
15407,119
15408,119
15409,119
15410,119
15411,119
15412,119
15413,119
15414,119
15415,119
15416,21
15417,119
15418,55
15419,78
15420,78
15421,21
15422,21
15423,21
15424,55
15425,55
15426,75
15427,38
15428,38
15429,38
15430,38
15431,128
15432,128
15433,135
15434,135
15435,135
15436,30
15437,51
15438,51
15439,51
15440,89
15441,89
15442,89
15443,39
15444,39
15445,31
15446,31
15447,39
15448,39
15449,14
15450,67
15451,126
15452,126
15453,126
15454,126
15455,131
15456,131
15457,131
15458,131
15459,131
15460,131
15461,131
15462,131
15463,104
15464,131
15465,64
15466,131
15467,131
15468,104
15469,79
15470,79
15471,79
15472,79
15473,79
15474,79
15475,15
15476,80
15477,80
15478,80
15479,80
15480,80
15481,80
15482,80
15483,80
15484,80
15485,80
15486,80
15487,80
15488,80
15489,80
15490,80
15491,80
15492,80
15493,80
15494,21
15495,21
15496,21
15497,21
15498,112
15499,112
15500,149
15501,15
15502,95
15503,95
15504,95
15505,95
15506,6
15507,6
15508,6
15509,6
15510,6
15511,6
15512,6
15513,6
15514,6
15515,6
15516,6
15517,82
15518,82
15519,82
15520,100
15521,100
15522,100
15523,100
15524,100
15525,135
15526,80
15527,15
15528,83
15529,96
15530,96
15531,96
15532,96
15533,68
15534,84
15535,21
15536,119
15537,119
15538,119
15539,119
15540,119
15541,21
15542,119
15543,21
15544,119
15545,119
15546,150
15547,150
15548,150
15549,43
15550,43
15551,43
15552,142
15553,43
15554,142
15555,142
15556,21
15557,21
15558,21
15559,21
15560,21
15561,150
15562,43
15563,68
15564,68
15565,68
15566,15
15567,68
15568,68
15569,92
15570,68
15571,92
15572,92
15573,92
15574,92
15575,92
15576,92
15577,92
15578,92
15579,31
15580,31
15581,31
15582,31
15583,64
15584,31
15585,31
15586,31
15587,31
15588,31
15589,31
15590,31
15594,31
15595,31
15596,31
15597,31
15598,31
15599,64
15600,64
15601,95
15602,64
15603,64
15604,64
15605,64
15606,92
15607,92
15608,92
15609,92
15610,66
15611,66
15612,30
15613,30
15614,30
15615,58
15616,95
15617,122
15618,122
15619,7
15620,121
15621,121
15622,58
15623,33
15624,59
15625,20
15626,16
15627,16
15628,115
15629,38
15630,38
15631,85
15632,85
15633,7
15634,7
15635,7
15636,7
15637,7
15638,7
15639,7
15640,7
15641,48
15642,48
15643,3
15644,127
15645,28
15646,28
15647,28
15648,28
15649,28
15650,127
15651,6
15652,95
15653,6
15654,95
15655,27
15656,27
15657,54
15658,54
15659,79
15660,79
15661,79
15662,28
15663,28
15664,48
15665,48
15666,48
15667,80
15668,127
15669,0
15670,0
15671,0
15672,99
15673,99
15674,99
15675,69
15676,116
15677,5
15678,5
15679,5
15680,5
15681,5
15682,5
15683,5
15684,16
15685,122
15686,120
15687,120
15688,120
15689,120
15690,120
15691,120
15692,120
15693,5
15694,5
15695,120
15696,120
15697,120
15698,6
15699,14
15700,8
15701,8
15702,123
15703,122
15704,27
15705,27
15706,27
15707,80
15708,100
15709,100
15710,130
15711,130
15712,101
15713,130
15714,130
15715,122
15716,38
15717,38
15718,15
15719,15
15720,22
15721,135
15722,135
15723,135
15724,31
15725,31
15726,38
15727,38
15728,148
15729,19
15730,19
15731,19
15732,19
15733,1
15734,66
15735,73
15736,46
15737,46
15738,46
15739,18
15740,18
15741,18
15742,18
15743,65
15744,27
15745,27
15746,27
15747,5
15748,27
15749,103
15750,103
15751,103
15752,103
15753,103
15754,103
15755,103
15756,103
15757,137
15758,27
15759,27
15760,27
15761,27
15762,103
15763,78
15764,78
15765,78
15766,78
15767,78
15768,78
15769,8
15770,8
15771,5
15772,119
15773,119
15774,147
15775,100
15776,101
15777,101
15778,67
15779,100
15780,44
15781,100
15782,131
15783,40
15784,40
15785,59
15786,89
15787,89
15788,89
15789,89
15790,38
15791,38
15792,38
15793,38
15794,38
15795,146
15796,146
15797,89
15798,146
15799,146
15800,38
15801,149
15802,149
15803,149
15804,8
15805,8
15806,8
15807,8
15808,8
15809,8
15810,85
15811,85
15812,43
15813,43
15814,154
15815,154
15816,14
15817,37
15818,37
15819,41
15820,41
15821,41
15822,80
15823,80
15824,80
15825,80
15826,80
15827,80
15828,80
15829,80
15830,31
15831,31
15832,80
15833,80
15834,80
15835,31
15836,148
15837,127
15838,127
15839,31
15840,127
15841,128
15842,128
15843,147
15844,135
15845,135
15846,135
15847,135
15848,0
15849,0
15850,0
15851,78
15852,78
15853,0
15854,69
15855,69
15856,69
15857,65
15858,65
15859,65
15860,65
15861,65
15862,65
15863,78
15864,65
15865,65
15866,0
15867,0
15868,41
15869,41
15870,41
15871,41
15872,80
15873,50
15874,50
15875,38
15876,38
15877,38
15878,115
15879,115
15880,115
15881,89
15882,89
15883,89
15884,78
15885,7
15886,7
15887,7
15888,7
15889,78
15890,134
15891,56
15892,56
15893,95
15894,8
15895,8
15896,20
15897,20
15898,149
15899,149
15900,149
15901,67
15902,67
15903,30
15904,30
15905,30
15906,30
15907,107
15908,107
15909,107
15910,107
15911,107
15912,107
15913,107
15914,107
15915,107
15916,107
15917,107
15918,78
15919,107
15920,107
15921,131
15922,137
15923,137
15924,137
15925,137
15926,137
15927,39
15928,137
15929,137
15930,39
15931,137
15932,137
15933,153
15934,153
15935,153
15936,153
15937,79
15938,79
15939,41
15940,126
15941,100
15942,100
15943,19
15944,28
15945,21
15946,21
15947,21
15948,21
15949,21
15950,21
15951,21
15952,21
15953,21
15954,21
15955,21
15956,21
15957,21
15958,21
15959,21
15960,21
15961,21
15962,21
15963,21
15964,21
15965,119
15966,119
15967,119
15968,119
15969,119
15970,119
15971,119
15972,119
15973,119
15974,21
15975,21
15976,21
15977,21
15978,21
15979,119
15980,119
15981,119
15982,119
15983,54
15984,54
15985,146
15986,25
15987,148
15988,115
15989,67
15990,140
15991,140
15992,79
15993,79
15994,79
15995,79
15996,54
15997,54
15998,95
15999,5
16000,40
16001,40
16002,5
16003,117
16004,117
16005,117
16006,126
16007,119
16008,119
16009,36
16010,5
16011,36
16012,36
16013,36
16014,15
16015,30
16016,30
16017,37
16018,37
16019,37
16020,124
16021,73
16022,73
16023,73
16024,73
16025,73
16026,73
16027,73
16028,86
16029,97
16030,97
16031,97
16032,52
16033,52
16034,52
16035,52
16036,9
16037,16
16038,6
16039,6
16040,6
16041,6
16042,6
16043,6
16044,6
16045,6
16046,127
16047,21
16048,15
16049,15
16050,15
16051,15
16052,15
16053,15
16054,15
16055,15
16056,14
16057,16
16058,67
16059,120
16060,58
16061,58
16062,58
16063,54
16064,54
16065,54
16066,120
16067,58
16068,58
16069,40
16070,40
16071,40
16072,40
16073,120
16074,89
16075,49
16076,89
16077,15
16078,15
16079,120
16080,16
16081,16
16082,16
16083,17
16084,17
16085,17
16086,17
16087,117
16088,31
16089,31
16090,135
16091,135
16092,135
16093,135
16094,90
16095,90
16096,17
16097,42
16098,117
16099,44
16100,44
16101,43
16102,43
16103,148
16104,121
16105,121
16106,121
16107,121
16108,121
16109,51
16110,51
16111,142
16112,102
16113,135
16114,135
16115,69
16116,69
16117,80
16118,26
16119,15
16120,15
16121,26
16122,23
16123,105
16124,30
16125,30
16126,30
16127,108
16128,108
16129,108
16130,20
16131,20
16132,35
16133,36
16134,36
16135,5
16136,5
16137,108
16138,108
16139,115
16140,89
16141,15
16142,15
16143,89
16144,15
16145,148
16146,121
16147,69
16148,121
16149,121
16150,14
16151,14
16152,67
16153,67
16154,44
16155,67
16156,69
16157,69
16158,67
16159,135
16160,111
16161,104
16162,82
16163,119
16164,69
16165,156
16166,156
16167,156
16168,156
16169,156
16170,156
16171,156
16172,156
16173,156
16174,156
16175,156
16176,156
16177,156
16178,82
16179,85
16180,85
16181,97
16182,36
16183,36
16184,99
16185,127
16186,127
16187,6
16188,25
16189,25
16190,120
16191,5
16192,5
16193,91
16194,91
16195,69
16196,64
16197,64
16198,30
16199,30
16200,144
16201,144
16202,144
16203,144
16204,156
16205,156
16206,144
16207,144
16208,17
16209,17
16210,17
16211,1
16212,9
16213,9
16214,82
16215,85
16216,69
16217,61
16218,61
16219,61
16220,146
16221,146
16222,146
16223,146
16224,7
16225,7
16226,5
16227,5
16228,5
16229,5
16230,5
16231,5
16232,5
16233,61
16234,61
16235,61
16236,61
16237,19
16238,19
16239,19
16240,19
16241,19
16242,19
16243,19
16244,5
16245,5
16246,5
16247,5
16248,61
16249,61
16250,61
16251,61
16252,61
16253,61
16254,19
16255,19
16256,19
16257,19
16258,19
16259,19
16260,19
16261,19
16262,19
16263,19
16264,20
16265,20
16266,20
16267,20
16268,20
16269,8
16270,8
16271,8
16272,8
16273,8
16274,8
16275,19
16276,20
16277,20
16278,20
16279,8
16280,8
16281,8
16282,8
16283,4
16284,73
16285,73
16286,73
16287,73
16288,5
16289,5
16290,5
16291,83
16292,80
16293,28
16294,28
16295,28
16296,28
16297,28
16298,28
16299,28
16300,28
16301,28
16302,28
16303,28
16304,28
16305,28
16306,28
16307,28
16308,28
16309,28
16310,28
16311,28
16312,103
16313,103
16314,103
16315,103
16316,103
16317,103
16318,69
16319,27
16320,27
16321,27
16322,27
16323,27
16324,27
16325,27
16326,27
16327,27
16328,27
16329,103
16330,103
16331,103
16332,28
16333,28
16334,28
16335,28
16336,28
16337,28
16338,28
16339,28
16340,28
16341,28
16342,28
16343,82
16344,82
16345,82
16346,82
16347,26
16348,26
16349,26
16350,69
16351,0
16352,0
16353,100
16354,30
16355,127
16356,76
16357,76
16358,76
16359,76
16360,107
16361,107
16362,55
16363,7
16364,7
16365,7
16366,7
16367,7
16368,7
16369,7
16370,7
16371,7
16372,7
16373,7
16374,7
16375,7
16376,7
16377,7
16378,48
16379,7
16380,7
16381,7
16382,116
16383,116
16384,116
16385,87
16386,87
16387,135
16388,51
16389,117
16390,85
16391,85
16392,148
16393,15
16394,15
16395,148
16396,148
16397,120
16398,22
16399,54
16400,94
16401,94
16402,94
16403,28
16404,128
16405,128
16406,122
16407,122
16408,67
16409,122
16410,47
16411,47
16412,47
16413,94
16414,85
16415,94
16416,40
16417,40
16418,85
16419,120
16420,120
16421,78
16422,31
16423,106
16424,43
16425,107
16426,107
16427,80
16428,80
16429,70
16430,11
16431,27
16432,133
16433,79
16434,4
16435,80
16436,6
16437,21
16438,21
16439,21
16440,21
16441,21
16442,55
16443,55
16444,55
16445,21
16446,21
16447,118
16448,118
16449,118
16450,118
16451,106
16452,149
16453,149
16454,149
16455,149
16456,44
16457,44
16458,67
16459,67
16460,44
16461,67
16462,67
16463,67
16464,6
16465,6
16466,6
16467,6
16468,6
16469,6
16470,106
16471,115
16472,115
16473,115
16474,123
16475,106
16476,41
16477,41
16478,41
16479,135
16480,101
16481,107
16482,107
16483,39
16484,39
16485,39
16486,39
16487,137
16488,27
16489,27
16490,27
16491,27
16492,27
16493,106
16494,106
16495,65
16496,65
16497,65
16498,65
16499,65
16500,65
16501,65
16502,135
16503,16
16504,16
16505,17
16506,16
16507,17
16508,122
16509,122
16510,82
16511,30
16512,106
16513,22
16514,22
16515,22
16516,22
16517,90
16518,90
16519,70
16520,64
16521,52
16522,154
16523,154
16524,154
16525,22
16526,25
16527,25
16528,25
16529,45
16530,45
16531,69
16532,69
16533,69
16534,30
16535,30
16536,107
16537,121
16538,121
16539,106
16540,73
16541,73
16542,37
16543,37
16544,106
16545,22
16546,120
16547,65
16548,87
16549,53
16550,109
16551,7
16552,47
16553,47
16554,47
16555,47
16556,47
16557,47
16558,149
16559,45
16560,148
16561,148
16562,148
16563,48
16564,1
16565,106
16566,66
16567,33
16568,37
16569,37
16570,22
16571,22
16572,22
16573,22
16574,22
16575,22
16576,22
16577,48
16578,15
16579,37
16580,37
16581,88
16582,88
16583,88
16584,88
16585,155
16586,155
16587,155
16588,155
16589,155
16590,48
16591,48
16592,48
16593,20
16594,20
16595,20
16596,20
16597,48
16598,20
16599,20
16600,70
16601,106
16602,26
16603,82
16604,58
16605,58
16606,58
16607,30
16608,30
16609,126
16610,46
16611,46
16612,128
16613,128
16614,100
16615,69
16616,69
16617,69
16618,69
16619,69
16620,100
16621,100
16622,100
16623,100
16624,89
16625,59
16626,5
16627,5
16628,120
16629,120
16630,120
16631,120
16632,6
16633,46
16634,30
16635,0
16636,95
16637,58
16638,26
16639,40
16640,40
16641,80
16642,80
16643,80
16644,130
16645,73
16646,73
16647,73
16648,73
16649,73
16650,40
16651,118
16652,93
16653,79
16654,101
16655,79
16656,50
16657,50
16658,50
16659,50
16660,148
16661,148
16662,148
16663,148
16664,18
16665,131
16666,6
16667,124
16668,124
16669,82
16670,34
16671,34
16672,48
16673,48
16674,48
16675,48
16676,48
16677,64
16678,64
16679,90
16680,40
16681,40
16682,31
16683,90
16684,90
16685,27
16686,28
16687,67
16688,67
16689,149
16690,30
16691,5
16692,5
16693,69
16694,44
16695,69
16696,100
16697,44
16698,100
16699,147
16700,147
16701,147
16702,31
16703,5
16704,5
16705,135
16706,135
16707,22
16708,108
16709,108
16710,95
16711,95
16712,64
16713,22
16714,103
16715,117
16716,117
16717,35
16718,35
16719,35
16720,35
16721,30
16722,30
16723,16
16724,16
16725,16
16726,16
16727,79
16728,79
16729,148
16730,30
16731,30
16732,107
16733,120
16734,79
16735,20
16736,51
16737,51
16738,144
16739,144
16740,12
16741,12
16742,24
16743,24
16744,24
16745,24
16746,118
16747,118
16748,149
16749,149
16750,82
16751,82
16752,83
16753,83
16754,83
16755,44
16756,89
16757,13
16758,13
16759,38
16760,129
16761,37
16762,99
16763,58
16764,58
16765,58
16766,67
16767,95
16768,95
16769,95
16770,20
16771,35
16772,45
16773,48
16774,48
16775,48
16776,17
16777,37
16778,17
16779,121
16780,135
16781,135
16782,128
16783,128
16784,128
16785,128
16786,128
16787,128
16788,73
16789,73
16790,73
16791,73
16792,48
16793,5
16794,122
16795,31
16796,20
16797,18
16798,14
16799,14
16800,14
16801,14
16802,133
16803,120
16804,120
16805,65
16806,65
16807,65
16808,38
16809,38
16810,120
16811,17
16812,17
16813,17
16814,147
16815,67
16816,89
16819,50
16820,50
16821,50
16822,50
16823,49
16824,49
16825,69
16826,70
16827,17
16828,17
16829,17
16830,53
16831,53
16832,53
16833,4
16834,4
16835,4
16836,4
16837,41
16838,41
16839,41
16840,41
16841,41
16842,121
16843,121
16844,148
16845,40
16846,40
16847,40
16848,40
16849,33
16850,33
16851,108
16852,108
16853,62
16854,108
16855,108
16856,108
16857,62
16858,62
16859,62
16860,62
16861,62
16862,62
16863,62
16864,62
16865,29
16866,62
16867,29
16868,29
16869,29
16870,29
16871,29
16872,29
16873,29
16874,29
16875,29
16876,29
16877,29
16878,29
16879,29
16880,29
16881,29
16882,72
16883,71
16884,71
16885,22
16886,22
16887,29
16888,29
16889,29
16890,62
16891,29
16892,62
16893,62
16894,62
16895,62
16896,62
16897,108
16898,69
16899,69
16900,15
16901,15
16902,15
16903,18
16904,18
16905,18
16906,95
16907,95
16908,95
16909,95
16910,95
16911,95
16912,95
16913,95
16914,95
16915,82
16916,26
16917,69
16918,69
16919,26
16920,95
16921,26
16922,82
16923,26
16924,26
16925,82
16926,82
16927,44
16928,44
16929,15
16930,135
16931,80
16932,113
16933,113
16934,113
16935,113
16936,113
16937,113
16938,113
16939,5
16940,62
16941,69
16942,69
16943,69
16944,69
16945,69
16946,69
16947,69
16948,69
16949,69
16950,69
16951,69
16952,69
16953,69
16954,18
16955,76
16956,36
16957,66
16958,66
16959,24
16960,23
16961,1
16962,38
16963,118
16964,36
16965,36
16966,36
16967,121
16968,38
16969,80
16970,80
16971,80
16972,55
16973,73
16974,73
16975,35
16976,100
16977,14
16978,128
16979,31
16980,31
16981,33
16982,24
16983,24
16984,24
16985,24
16986,6
16987,6
16988,6
16989,127
16990,18
16991,18
16992,18
16993,18
16994,16
16995,16
16996,117
16997,117
16998,117
16999,117
17000,117
17001,117
17002,82
17003,82
17004,4
17005,4
17006,40
17007,40
17008,48
17009,23
17010,23
17011,48
17012,20
17013,35
17014,35
17015,35
17016,19
17017,130
17018,37
17019,130
17020,130
17021,130
17022,38
17023,38
17024,130
17025,38
17026,73
17027,73
17028,73
17029,73
17030,22
17031,22
17032,128
17033,101
17034,67
17035,101
17036,82
17037,82
17038,21
17039,21
17040,75
17041,41
17042,66
17043,66
17044,66
17045,66
17046,66
17047,114
17048,37
17049,37
17050,37
17051,80
17052,16
17053,9
17054,116
17055,70
17056,70
17057,70
17058,70
17059,58
17060,114
17061,102
17062,102
17063,102
17064,102
17065,29
17066,94
17067,29
17068,1
17069,1
17070,16
17071,16
17072,37
17073,37
17074,37
17075,21
17076,68
17077,43
17078,43
17079,128
17080,48
17081,133
17082,133
17083,133
17084,133
17085,133
17086,133
17087,133
17088,62
17089,98
17090,5
17091,5
17092,6
17093,44
17094,67
17095,67
17096,67
17097,144
17098,144
17099,56
17100,64
17101,78
17102,52
17103,52
17104,52
17105,52
17106,22
17107,22
17108,30
17109,101
17110,89
17111,89
17112,89
17113,52
17114,52
17115,52
17116,52
17117,97
17118,6
17119,133
17120,133
17121,98
17122,64
17123,62
17124,9
17125,43
17126,43
17127,20
17128,20
17129,20
17130,80
17131,94
17132,94
17133,94
17134,137
17135,137
17136,28
17137,69
17138,69
17139,137
17140,137
17141,137
17142,5
17143,102
17144,102
17145,76
17146,65
17147,65
17148,74
17149,4
17150,101
17151,101
17152,101
17153,69
17154,69
17155,69
17156,44
17157,4
17158,4
17159,101
17160,101
17161,101
17162,101
17163,101
17164,15
17165,120
17166,70
17167,65
17168,18
17169,56
17170,56
17171,24
17172,149
17173,149
17174,149
17175,149
17176,12
17177,12
17178,12
17179,12
17180,19
17181,19
17182,35
17183,35
17184,35
17185,35
17186,35
17187,35
17188,35
17189,35
17190,19
17191,35
17192,19
17193,40
17194,19
17195,19
17196,19
17197,12
17198,12
17199,45
17200,45
17201,45
17202,45
17203,48
17204,48
17205,5
17206,24
17207,149
17208,149
17209,149
17210,118
17211,118
17212,121
17213,121
17214,35
17215,35
17216,121
17217,4
17218,135
17219,135
17220,41
17221,41
17222,41
17223,41
17224,41
17225,41
17226,135
17227,80
17228,80
17229,80
17230,80
17231,80
17232,80
17233,80
17234,80
17235,80
17236,80
17237,80
17238,80
17239,80
17240,59
17241,59
17242,80
17243,80
17244,80
17245,80
17246,26
17247,33
17248,33
17249,33
17250,4
17251,135
17252,135
17253,135
17254,135
17255,135
17256,135
17257,80
17258,80
17259,80
17260,64
17261,64
17262,64
17263,64
17264,121
17265,121
17266,64
17267,64
17268,64
17269,147
17270,147
17271,147
17272,66
17273,121
17274,66
17275,1
17276,66
17277,66
17278,66
17279,64
17280,64
17281,64
17282,147
17283,64
17284,147
17285,147
17286,147
17287,147
17288,147
17289,85
17290,85
17291,1
17292,66
17293,66
17294,66
17295,148
17296,148
17297,148
17298,99
17299,69
17300,58
17301,43
17302,64
17303,64
17304,64
17305,64
17306,64
17307,64
17308,44
17309,156
17310,76
17311,61
17312,123
17313,19
17314,123
17315,19
17316,70
17317,130
17318,120
17319,20
17320,20
17321,51
17322,99
17323,85
17324,35
17325,35
17326,135
17327,135
17328,135
17329,135
17330,135
17331,132
17332,118
17333,69
17334,100
17335,44
17336,44
17337,89
17338,123
17339,123
17340,79
17341,79
17342,41
17343,79
17344,80
17345,79
17346,79
17347,132
17348,132
17349,44
17350,44
17351,132
17352,79
17353,79
17354,4
17355,4
17356,4
17357,135
17358,135
17359,135
17360,135
17361,135
17362,126
17363,126
17364,89
17365,80
17366,137
17367,41
17368,41
17369,41
17370,41
17371,41
17372,135
17373,80
17374,80
17375,129
17376,131
17377,15
17378,44
17379,135
17380,135
17381,135
17382,41
17383,128
17384,47
17385,47
17386,128
17387,58
17388,55
17389,55
17390,55
17391,0
17392,0
17393,0
17394,47
17395,47
17396,3
17397,53
17398,53
17399,55
17400,0
17401,0
17402,0
17403,0
17404,98
17405,98
17406,98
17407,98
17408,128
17409,128
17410,113
17411,113
17412,139
17413,19
17414,131
17415,131
17416,131
17417,131
17418,131
17419,131
17420,131
17421,113
17422,148
17423,5
17424,83
17425,122
17426,68
17427,125
17428,125
17429,125
17430,125
17431,125
17432,125
17433,125
17434,125
17435,125
17436,34
17437,34
17438,113
17439,115
17440,123
17441,155
17442,88
17443,122
17444,122
17445,75
17446,122
17447,74
17448,122
17449,122
17450,122
17451,122
17452,122
17453,122
17454,113
17455,15
17456,38
17457,21
17458,21
17459,21
17460,122
17461,122
17462,122
17463,44
17464,100
17465,100
17466,100
17467,122
17468,58
17469,26
17470,26
17471,122
17472,128
17473,122
17474,133
17475,133
17476,133
17477,17
17478,17
17479,17
17480,17
17481,140
17482,140
17483,20
17484,20
17485,122
17486,122
17487,16
17488,49
17489,49
17490,49
17491,49
17492,65
17493,18
17494,18
17495,18
17496,18
17497,18
17498,18
17499,126
17500,76
17501,76
17502,122
17503,18
17504,18
17505,18
17506,18
17507,18
17508,126
17509,122
17510,126
17511,122
17512,122
17513,128
17514,101
17515,44
17516,34
17517,133
17518,13
17519,117
17520,117
17521,117
17522,117
17523,117
17524,117
17525,117
17526,117
17527,4
17528,80
17529,80
17530,36
17531,89
17532,154
17533,154
17534,154
17535,122
17536,122
17537,52
17538,52
17539,55
17540,46
17541,46
17542,22
17543,52
17544,154
17545,52
17546,23
17547,23
17548,73
17549,73
17550,73
17551,73
17552,73
17553,73
17554,73
17555,73
17556,73
17557,73
17558,73
17559,101
17560,73
17561,52
17562,74
17563,96
17564,96
17565,52
17566,52
17567,139
17568,139
17569,139
17570,122
17571,88
17572,88
17573,122
17574,88
17575,74
17576,96
17577,96
17578,52
17579,52
17580,154
17581,88
17582,89
17583,120
17584,56
17585,56
17586,56
17587,56
17588,43
17589,43
17590,43
17591,43
17592,43
17593,56
17594,43
17595,43
17596,43
17597,43
17598,95
17599,95
17600,73
17601,73
17602,24
17603,127
17604,127
17605,22
17606,22
17607,22
17608,89
17609,49
17610,40
17611,113
17612,82
17613,82
17614,82
17615,64
17616,89
17617,98
17618,98
17619,122
17620,72
17621,89
17622,89
17623,89
17624,89
17625,89
17626,146
17627,146
17628,122
17629,113
17630,113
17631,113
17632,113
17633,113
17634,146
17635,146
17636,146
17637,146
17638,146
17639,115
17640,115
17641,113
17642,113
17643,113
17644,78
17645,78
17646,78
17647,8
17648,8
17649,14
17650,22
17651,22
17652,47
17653,148
17654,22
17655,148
17656,148
17657,148
17658,148
17659,47
17660,47
17661,22
17662,6
17663,131
17664,131
17665,131
17666,1
17667,1
17668,22
17669,65
17670,87
17671,87
17672,87
17673,88
17674,88
17675,155
17676,155
17677,155
17678,155
17679,155
17680,155
17681,155
17682,155
17683,155
17684,155
17685,155
17686,155
17687,155
17688,155
17689,155
17690,155
17691,155
17692,155
17693,155
17694,155
17695,155
17696,43
17697,15
17698,6
17699,82
17700,36
17701,36
17702,121
17703,44
17704,44
17705,44
17706,7
17707,25
17708,7
17710,34
17711,14
17712,25
17713,58
17714,25
17715,80
17716,51
17717,144
17718,144
17719,144
17720,144
17721,4
17722,14
17723,25
17724,48
17725,48
17726,48
17727,38
17728,38
17729,50
17730,131
17731,131
17732,37
17733,37
17734,37
17735,37
17736,93
17737,50
17738,50
17739,50
17740,37
17741,30
17742,15
17743,38
17744,38
17745,21
17746,21
17747,21
17748,21
17749,21
17750,108
17751,44
17752,15
17753,15
17754,15
17755,15
17756,108
17757,86
17758,86
17759,86
17760,86
17761,18
17762,18
17763,17
17764,17
17765,17
17766,17
17767,17
17768,17
17769,17
17770,17
17771,62
17772,62
17773,65
17774,65
17775,17
17776,17
17777,17
17778,17
17779,117
17780,16
17781,82
17782,34
17783,34
17784,3
17785,82
17786,44
17787,44
17788,44
17789,44
17790,35
17791,35
17792,97
17793,97
17794,97
17795,97
17796,64
17797,64
17798,137
17799,39
17800,34
17801,34
17802,52
17803,140
17804,140
17805,79
17806,79
17807,4
17808,90
17809,90
17810,14
17811,51
17812,40
17813,40
17814,52
17815,52
17816,52
17817,52
17818,44
17819,44
17820,44
17821,44
17822,44
17823,141
17824,5
17825,67
17826,20
17827,106
17828,20
17829,20
17830,67
17831,20
17832,20
17833,20
17834,20
17835,20
17836,20
17837,67
17838,94
17839,94
17840,94
17841,106
17842,67
17843,121
17844,121
17845,121
17846,121
17847,40
17848,40
17849,40
17850,40
17851,40
17852,40
17853,40
17854,40
17855,67
17856,36
17857,40
17858,67
17859,40
17860,40
17861,13
17862,13
17863,67
17864,34
17865,34
17866,34
17867,34
17868,48
17869,48
17870,48
17871,48
17872,48
17873,34
17874,34
17875,34
17876,34
17877,34
17878,34
17879,13
17880,75
17881,75
17882,40
17883,75
17884,75
17885,135
17886,135
17887,35
17888,35
17889,42
17890,69
17891,95
17892,95
17893,89
17894,89
17895,69
17896,20
17897,69
17898,65
17899,65
17900,5
17901,40
17902,69
17903,69
17904,34
17905,133
17906,73
17907,73
17908,86
17909,86
17910,86
17911,86
17912,86
17913,97
17914,97
17915,52
17916,52
17917,52
17918,69
17919,52
17920,52
17921,154
17922,154
17923,95
17924,52
17925,86
17926,73
17927,73
17928,133
17929,95
17930,102
17931,102
17932,23
17933,95
17934,23
17935,24
17936,23
17937,23
17938,23
17939,40
17940,35
17941,35
17942,24
17943,95
17944,15
17945,95
17946,95
17947,73
17948,40
17949,95
17950,69
17951,14
17952,22
17953,35
17954,53
17955,95
17956,95
17957,48
17958,48
17959,14
17960,14
17961,14
17962,14
17963,14
17964,14
17965,95
17966,14
17967,14
17968,72
17969,29
17970,29
17971,29
17972,29
17973,16
17974,16
17975,16
17976,16
17977,95
17978,16
17979,16
17980,16
17981,16
17982,126
17983,90
17984,90
17985,19
17986,19
17987,123
17988,95
17989,107
17990,47
17991,35
17992,35
17993,47
17994,47
17995,115
17996,31
17997,47
17998,47
17999,7
18000,7
18001,7
18002,7
18003,94
18004,94
18005,47
18006,47
18007,94
18008,7
18009,48
18010,48
18011,48
18012,64
18013,64
18014,64
18015,47
18016,71
18017,71
18018,47
18019,101
18020,38
18021,1
18022,1
18023,18
18024,47
18025,16
18026,47
18027,56
18028,56
18029,56
18030,56
18031,56
18032,56
18033,56
18034,102
18035,102
18036,102
18037,102
18038,56
18039,56
18040,56
18041,56
18042,56
18043,110
18044,110
18045,145
18046,145
18047,145
18048,145
18049,145
18050,102
18051,102
18052,102
18053,102
18054,145
18055,145
18056,145
18057,145
18058,145
18059,145
18060,145
18061,145
18062,145
18063,145
18064,145
18065,142
18066,142
18067,142
18068,142
18069,102
18070,102
18071,102
18072,47
18073,102
18074,102
18075,102
18076,102
18077,102
18078,145
18079,145
18080,56
18081,56
18082,56
18083,145
18084,145
18085,102
18086,102
18087,102
18088,56
18089,145
18090,56
18091,145
18092,56
18093,56
18094,56
18095,56
18096,56
18097,56
18098,142
18099,142
18100,142
18101,142
18102,145
18103,56
18104,145
18105,145
18106,56
18107,145
18108,145
18109,145
18110,145
18111,145
18112,145
18113,145
18114,110
18115,56
18116,102
18117,142
18118,102
18119,142
18120,102
18121,102
18122,145
18123,145
18124,145
18125,56
18126,56
18127,56
18128,145
18129,145
18130,145
18131,145
18132,145
18133,145
18134,145
18135,145
18136,102
18137,102
18138,102
18139,145
18140,145
18141,145
18142,145
18143,145
18144,145
18145,145
18146,145
18147,18
18148,56
18149,56
18150,142
18151,142
18152,102
18153,102
18154,145
18155,142
18156,142
18157,142
18158,142
18159,142
18160,56
18161,56
18162,56
18163,56
18164,145
18165,56
18166,56
18167,56
18168,56
18169,56
18170,56
18171,102
18172,102
18173,102
18174,145
18175,56
18176,56
18177,56
18178,142
18179,102
18180,102
18181,145
18182,145
18183,145
18184,142
18185,56
18186,56
18187,142
18188,142
18189,145
18190,145
18191,56
18192,56
18193,145
18194,142
18195,142
18196,142
18197,145
18198,145
18199,145
18200,56
18201,56
18202,18
18203,56
18204,110
18205,102
18206,102
18207,102
18208,102
18209,102
18210,102
18211,102
18212,102
18213,102
18214,102
18215,102
18216,102
18217,102
18218,39
18219,39
18220,102
18221,102
18222,102
18223,102
18224,102
18225,102
18226,39
18227,102
18228,102
18229,102
18230,102
18231,102
18232,102
18233,102
18234,102
18235,102
18236,39
18237,102
18238,102
18239,102
18240,102
18241,102
18242,102
18243,102
18244,102
18245,102
18246,102
18247,39
18248,102
18249,102
18250,102
18251,11
18252,11
18253,56
18254,56
18255,145
18256,56
18257,56
18258,56
18259,145
18260,56
18261,145
18262,56
18263,56
18264,56
18265,56
18266,56
18267,39
18268,145
18269,145
18270,145
18271,145
18272,56
18273,56
18274,56
18275,56
18276,56
18277,56
18278,56
18279,142
18280,102
18281,102
18282,102
18283,39
18284,102
18285,102
18286,102
18287,102
18288,102
18289,102
18290,102
18291,102
18292,102
18293,102
18294,39
18295,102
18296,102
18297,102
18298,11
18299,102
18300,102
18301,102
18302,102
18303,102
18304,102
18305,102
18306,39
18307,102
18308,102
18309,142
18310,142
18311,142
18312,56
18313,56
18314,39
18315,56
18316,56
18317,56
18318,56
18319,56
18320,102
18321,39
18322,142
18323,142
18324,39
18325,142
18326,142
18327,142
18328,142
18329,142
18330,142
18331,142
18332,142
18333,39
18334,142
18335,142
18336,142
18337,78
18338,142
18339,142
18340,142
18341,142
18342,142
18343,142
18344,78
18345,142
18346,142
18347,102
18348,102
18349,102
18350,102
18351,110
18352,110
18353,78
18354,56
18355,56
18356,56
18357,56
18358,78
18359,102
18360,102
18361,102
18362,78
18363,142
18364,142
18365,142
18366,142
18367,78
18368,102
18369,102
18370,102
18371,142
18372,142
18373,102
18374,142
18375,142
18376,142
18377,78
18378,102
18379,102
18380,142
18381,142
18382,142
18383,142
18384,56
18385,56
18386,110
18387,56
18388,56
18389,56
18390,56
18391,78
18392,76
18393,102
18394,78
18395,142
18396,142
18397,102
18398,102
18399,102
18400,142
18401,142
18402,142
18403,142
18404,142
18405,78
18406,142
18407,142
18408,145
18409,145
18410,145
18411,142
18412,142
18413,142
18414,142
18415,142
18416,78
18417,78
18418,102
18419,102
18420,102
18421,78
18422,145
18423,145
18424,102
18425,102
18426,110
18427,145
18428,145
18429,78
18430,110
18431,110
18432,110
18433,78
18434,56
18435,102
18436,102
18437,142
18438,142
18439,142
18440,56
18441,56
18442,142
18443,142
18444,142
18445,56
18446,39
18447,142
18448,142
18449,39
18450,145
18451,102
18452,102
18453,39
18454,102
18455,39
18456,142
18457,142
18458,39
18459,56
18460,56
18461,56
18462,56
18463,102
18464,102
18465,102
18466,102
18467,102
18468,102
18469,102
18470,102
18471,102
18472,102
18473,102
18474,39
18475,102
18476,102
18477,102
18478,102
18479,102
18480,142
18481,39
18482,102
18483,102
18484,145
18485,142
18486,142
18487,142
18488,39
18489,39
18490,39
18491,39
18492,142
18493,39
18494,56
18495,39
18496,145
18497,145
18498,145
18499,145
18500,145
18501,145
18502,102
18503,102
18504,142
18505,142
18506,142
18507,102
18508,102
18509,145
18510,102
18511,102
18512,145
18513,145
18514,142
18515,142
18516,102
18517,39
18518,142
18519,56
18520,142
18521,142
18522,39
18523,56
18524,56
18525,39
18526,39
18527,56
18528,145
18529,145
18530,145
18531,28
18532,142
18533,142
18534,142
18535,142
18536,142
18537,142
18538,102
18539,102
18540,102
18541,102
18542,102
18543,28
18544,142
18545,142
18546,142
18547,28
18548,28
18549,145
18550,145
18551,142
18552,142
18553,56
18554,56
18555,56
18556,56
18557,56
18558,122
18559,56
18560,56
18561,56
18562,56
18563,56
18564,102
18565,102
18566,102
18567,102
18568,56
18569,102
18570,56
18571,56
18572,56
18573,102
18574,142
18575,145
18576,145
18577,142
18578,142
18579,142
18580,69
18581,44
18582,44
18583,44
18584,15
18585,14
18586,18
18587,18
18588,37
18589,37
18590,0
18591,0
18592,0
18593,0
18594,0
18595,0
18596,0
18597,0
18598,0
18599,0
18600,0
18601,0
18602,0
18603,58
18604,70
18605,73
18606,73
18607,73
18608,37
18609,37
18610,37
18611,37
18612,37
18613,37
18614,52
18615,52
18616,3
18617,53
18618,65
18619,100
18620,0
18621,0
18622,0
18623,0
18624,0
18625,49
18626,49
18627,49
18628,49
18629,15
18630,15
18631,15
18632,15
18633,15
18634,15
18635,15
18636,137
18637,137
18638,137
18639,137
18640,137
18641,137
18642,137
18643,137
18644,137
18645,137
18646,22
18647,88
18648,88
18649,88
18650,88
18651,88
18652,88
18653,88
18654,88
18655,88
18656,88
18657,88
18658,88
18659,88
18660,88
18661,137
18662,137
18663,26
18664,26
18665,15
18666,15
18667,44
18668,44
18669,44
18670,15
18671,44
18672,150
18673,150
18674,21
18675,21
18676,56
18677,116
18678,116
18679,47
18680,46
18681,46
18682,46
18683,46
18684,46
18685,46
18686,122
18687,122
18688,122
18689,122
18690,122
18691,122
18692,139
18693,139
18694,139
18695,139
18696,52
18697,52
18698,105
18699,21
18700,21
18701,78
18702,78
18703,38
18704,38
18705,38
18706,111
18707,111
18708,38
18709,38
18710,38
18711,144
18712,144
18713,144
18714,144
18715,11
18716,74
18717,67
18718,19
18719,31
18723,31
18724,31
18725,31
18726,49
18727,18
18728,18
18729,66
18730,132
18731,0
18732,0
18733,0
18734,0
18735,72
18736,72
18737,72
18738,72
18739,141
18740,141
18741,141
18742,141
18743,141
18744,86
18745,86
18746,65
18747,37
18748,37
18749,72
18750,6
18751,14
18752,14
18753,14
18754,67
18755,67
18756,67
18757,67
18758,67
18759,67
18760,67
18761,67
18762,67
18763,67
18764,67
18765,26
18766,67
18767,67
18768,27
18769,76
18770,76
18771,76
18772,76
18773,78
18774,78
18775,114
18776,114
18777,114
18778,114
18779,114
18780,114
18781,114
18782,114
18783,114
18784,76
18785,76
18786,76
18787,78
18788,78
18789,76
18790,76
18791,78
18792,78
18793,78
18794,78
18795,78
18796,78
18797,78
18798,137
18799,137
18800,137
18801,103
18802,78
18803,78
18804,137
18805,137
18806,137
18807,137
18808,137
18809,137
18810,137
18811,109
18812,109
18813,109
18814,109
18815,109
18816,109
18817,78
18818,78
18819,78
18820,78
18821,78
18822,78
18823,109
18824,78
18825,78
18826,78
18827,78
18828,78
18829,78
18830,78
18831,78
18832,113
18833,78
18834,78
18835,78
18836,113
18837,78
18838,66
18839,66
18840,66
18841,66
18842,66
18843,66
18844,66
18845,66
18846,66
18847,66
18848,66
18849,125
18850,50
18851,15
18852,67
18853,100
18854,100
18855,100
18856,69
18857,99
18858,99
18859,99
18860,99
18861,69
18862,69
18863,100
18864,100
18865,100
18866,99
18867,99
18868,100
18869,100
18870,100
18871,69
18872,100
18873,69
18874,69
18875,69
18876,69
18877,69
18878,69
18879,69
18880,69
18881,69
18882,69
18883,69
18884,44
18885,44
18886,44
18887,44
18888,44
18889,44
18890,44
18891,44
18892,44
18893,69
18894,101
18895,27
18896,37
18897,22
18898,22
18899,22
18900,22
18901,145
18902,102
18903,122
18904,122
18905,53
18906,53
18907,106
18908,53
18909,106
18910,106
18911,106
18912,110
18913,110
18914,110
18915,124
18916,87
18917,124
18918,145
18919,43
18920,43
18921,110
18922,110
18923,110
18924,155
18925,155
18926,87
18927,88
18928,155
18929,155
18930,155
18931,155
18932,88
18933,155
18934,155
18935,88
18936,87
18937,155
18938,155
18939,155
18940,137
18941,137
18942,137
18943,137
18944,137
18945,137
18946,137
18947,137
18948,137
18949,139
18950,46
18951,46
18952,48
18953,46
18954,135
18955,135
18956,135
18957,144
18958,144
18959,43
18960,48
18961,65
18962,65
18963,65
18964,48
18965,65
18966,65
18967,3
18968,142
18969,145
18970,142
18971,142
18972,142
18973,142
18974,142
18975,144
18976,144
18977,144
18978,144
18979,144
18980,48
18981,144
18982,144
18983,144
18984,116
18985,116
18986,74
18987,74
18988,74
18989,74
18990,74
18991,48
18992,4
18993,4
18994,4
18995,42
18996,42
18997,48
18998,42
18999,4
19000,4
19001,4
19002,42
19003,42
19004,42
19005,4
19006,42
19007,86
19008,97
19009,97
19010,42
19011,4
19012,101
19013,4
19014,101
19015,42
19016,42
19017,42
19018,42
19019,4
19020,48
19021,124
19022,89
19023,89
19024,89
19025,15
19026,15
19027,89
19028,89
19029,89
19030,48
19031,89
19032,89
19033,15
19034,15
19035,15
19036,89
19037,89
19038,89
19039,89
19040,89
19041,15
19042,15
19043,89
19044,89
19045,15
19046,15
19047,15
19048,89
19049,89
19050,89
19051,48
19052,89
19053,89
19054,15
19055,89
19056,48
19057,89
19058,89
19059,15
19060,15
19061,89
19062,89
19063,89
19064,48
19065,89
19066,89
19067,89
19068,89
19069,89
19070,89
19071,89
19072,89
19073,89
19074,89
19075,89
19076,89
19077,48
19078,109
19079,35
19080,71
19081,72
19082,71
19083,55
19084,21
19085,55
19086,55
19087,55
19088,21
19089,55
19090,21
19091,48
19092,68
19093,68
19094,68
19095,66
19096,92
19097,66
19098,92
19099,66
19100,66
19101,68
19102,68
19103,68
19104,68
19105,68
19106,68
19107,68
19108,66
19109,68
19110,68
19111,92
19112,48
19113,68
19114,68
19115,68
19116,68
19117,68
19118,68
19119,68
19120,68
19121,68
19122,92
19123,68
19124,68
19125,48
19126,68
19127,66
19128,131
19129,111
19130,111
19131,111
19132,111
19133,111
19134,111
19135,111
19136,48
19137,111
19138,111
19139,48
19140,16
19141,55
19142,101
19143,101
19144,101
19145,137
19146,137
19147,5
19148,48
19149,5
19150,14
19151,44
19152,44
19153,44
19154,44
19155,44
19156,44
19157,44
19158,44
19159,44
19160,44
19161,48
19162,150
19163,44
19164,44
19165,48
19166,20
19167,20
19168,48
19169,48
19170,8
19171,8
19172,8
19173,48
19174,48
19175,0
19176,0
19177,115
19178,115
19179,125
19180,115
19181,115
19182,48
19183,115
19184,125
19185,125
19186,125
19187,125
19188,48
19189,125
19190,125
19191,125
19192,125
19193,115
19194,115
19195,115
19196,115
19197,115
19198,115
19199,62
19200,62
19201,62
19202,62
19203,62
19204,62
19205,29
19206,29
19207,29
19208,62
19209,62
19210,8
19211,8
19212,11
19213,11
19214,8
19215,122
19216,122
19217,122
19218,122
19219,122
19220,88
19221,72
19222,72
19223,28
19224,48
19225,28
19226,55
19227,55
19228,55
19229,21
19230,21
19231,55
19232,55
19233,55
19234,55
19235,21
19236,21
19237,21
19238,48
19239,48
19240,137
19241,137
19242,39
19243,39
19244,153
19245,153
19246,153
19247,153
19248,39
19249,39
19250,39
19251,39
19252,39
19253,39
19254,39
19255,39
19256,48
19257,137
19258,137
19259,137
19260,137
19261,137
19262,137
19263,153
19264,153
19265,153
19266,137
19267,39
19268,153
19269,48
19270,153
19271,39
19272,137
19273,48
19274,153
19275,125
19276,39
19277,125
19278,125
19279,153
19280,125
19281,125
19282,125
19283,125
19284,137
19285,125
19286,125
19287,125
19288,125
19289,125
19290,125
19291,137
19292,125
19293,125
19294,99
19295,99
19296,48
19297,99
19298,99
19299,99
19300,99
19301,99
19302,99
19303,99
19304,28
19305,146
19306,146
19307,146
19308,146
19309,28
19310,28
19311,146
19312,28
19313,48
19314,28
19315,99
19316,99
19317,28
19318,28
19319,99
19320,28
19321,146
19322,28
19323,28
19324,48
19325,99
19326,99
19327,39
19328,28
19329,65
19330,65
19331,69
19332,69
19333,44
19334,44
19335,44
19336,44
19337,44
19338,44
19339,44
19340,44
19341,48
19342,44
19343,44
19344,44
19345,44
19346,76
19347,55
19348,55
19349,0
19350,0
19351,0
19352,53
19353,0
19354,0
19355,48
19356,53
19357,0
19358,55
19359,108
19360,108
19361,108
19362,108
19363,108
19364,136
19365,0
19366,136
19367,48
19368,57
19369,57
19370,57
19371,145
19372,56
19373,15
19374,49
19375,49
19376,49
19377,48
19378,37
19379,74
19380,101
19381,89
19382,66
19383,48
19384,49
19385,49
19386,49
19387,49
19388,49
19389,48
19390,144
19391,48
19392,37
19393,0
19394,5
19395,5
19396,6
19397,58
19398,58
19399,48
19400,48
19401,48
19402,150
19403,48
19404,57
19405,56
19406,44
19407,14
19408,14
19409,14
19410,126
19411,126
19412,48
19413,37
19414,37
19415,37
19416,37
19417,48
19418,22
19419,5
19420,12
19421,12
19422,12
19423,122
19424,126
19425,74
19426,74
19427,74
19428,74
19429,74
19430,74
19431,74
19432,74
19433,46
19434,46
19435,46
19436,46
19437,5
19438,121
19439,121
19440,121
19441,121
19442,88
19443,88
19444,130
19445,130
19446,130
19447,5
19448,86
19449,86
19450,86
19451,86
19452,86
19453,86
19454,86
19455,100
19456,135
19457,135
19458,135
19459,135
19460,135
19461,135
19462,135
19463,135
19464,135
19465,51
19466,51
19467,144
19468,51
19469,144
19470,51
19471,51
19472,88
19473,88
19474,88
19475,88
19476,28
19477,28
19478,28
19479,9
19480,9
19481,9
19482,9
19483,9
19484,9
19485,9
19486,9
19487,9
19488,9
19489,10
19490,10
19491,33
19492,148
19493,121
19494,121
19495,121
19496,35
19497,35
19498,35
19499,4
19500,36
19501,4
19502,4
19503,4
19504,111
19505,4
19506,22
19507,22
19508,22
19509,22
19510,22
19511,22
19512,64
19513,72
19514,72
19515,72
19516,72
19517,4
19518,126
19519,126
19520,67
19521,22
19522,67
19523,67
19524,67
19525,67
19526,67
19527,101
19528,101
19529,101
19530,101
19531,14
19532,14
19533,101
19534,38
19535,38
19536,101
19537,101
19538,23
19539,23
19540,23
19541,23
19542,101
19543,23
19544,23
19545,101
19546,101
19547,40
19548,36
19549,36
19550,101
19551,36
19552,121
19553,121
19554,90
19555,90
19556,101
19557,90
19558,101
19559,90
19560,90
19561,90
19562,90
19563,35
19564,35
19565,35
19566,35
19567,101
19568,35
19569,35
19570,35
19571,35
19572,35
19573,35
19574,35
19575,35
19576,5
19577,5
19578,101
19579,35
19580,5
19581,35
19582,101
19583,101
19584,89
19585,137
19586,101
19587,55
19588,55
19589,55
19590,55
19591,53
19592,53
19593,130
19594,130
19595,65
19596,65
19597,31
19598,31
19599,130
19600,89
19601,89
19602,89
19603,130
19604,145
19605,102
19606,102
19607,130
19608,65
19609,102
19610,102
19611,130
19612,56
19613,43
19614,43
19615,21
19616,130
19617,130
19618,108
19619,108
19620,93
19621,114
19622,137
19623,56
19624,16
19625,130
19626,130
19627,130
19628,148
19629,7
19630,52
19631,130
19632,130
19633,101
19634,110
19635,0
19636,86
19637,0
19638,22
19639,64
19640,21
19641,21
19642,21
19643,86
19644,76
19645,86
19646,65
19647,65
19648,65
19649,53
19650,86
19651,53
19652,53
19653,53
19654,53
19655,53
19656,53
19657,55
19658,86
19659,53
19660,53
19661,65
19662,53
19663,53
19664,53
19665,86
19666,65
19667,65
19668,65
19669,65
19670,65
19671,65
19672,65
19673,65
19674,65
19675,86
19676,73
19677,37
19678,19
19679,43
19680,73
19681,139
19682,73
19683,156
19684,156
19685,88
19686,145
19687,145
19688,145
19689,145
19690,145
19691,145
19692,145
19693,73
19694,145
19695,145
19696,65
19697,65
19698,37
19699,56
19700,56
19701,56
19702,73
19703,56
19704,56
19705,56
19706,76
19707,76
19708,76
19709,76
19710,76
19711,86
19712,76
19713,76
19714,114
19715,86
19716,86
19717,114
19718,76
19719,86
19720,113
19721,89
19722,65
19723,86
19724,87
19725,87
19726,87
19727,87
19728,141
19729,86
19730,141
19731,28
19732,28
19733,39
19734,86
19735,39
19736,139
19737,86
19738,34
19739,34
19740,34
19741,86
19742,86
19743,86
19744,34
19745,34
19746,15
19747,5
19748,141
19749,141
19750,86
19751,142
19752,100
19753,100
19754,100
19755,118
19756,46
19757,46
19758,144
19759,144
19760,46
19761,46
19762,135
19763,135
19764,135
19765,135
19766,135
19767,135
19768,135
19769,135
19770,135
19771,12
19772,12
19773,53
19774,55
19775,55
19776,31
19777,31
19778,31
19779,31
19780,7
19781,7
19782,110
19783,110
19784,7
19785,110
19786,89
19787,0
19788,0
19789,18
19790,18
19791,102
19792,89
19793,89
19794,89
19795,89
19796,89
19797,44
19798,44
19799,128
19800,128
19801,44
19802,100
19803,106
19804,4
19805,55
19806,55
19807,53
19808,55
19809,53
19810,53
19811,55
19812,55
19813,21
19814,106
19815,106
19816,106
19817,106
19818,150
19819,150
19820,150
19821,150
19822,150
19823,34
19824,87
19825,116
19826,89
19827,89
19828,89
19829,89
19830,101
19831,37
19832,55
19833,101
19834,93
19835,93
19836,117
19837,117
19838,117
19839,0
19840,0
19841,0
19842,0
19843,0
19844,0
19845,0
19846,135
19847,135
19848,46
19849,46
19850,46
19851,46
19852,101
19853,69
19854,69
19855,69
19856,69
19857,69
19858,69
19859,69
19860,69
19861,44
19862,101
19863,44
19864,44
19865,21
19866,21
19867,84
19868,84
19869,101
19870,119
19871,21
19872,21
19873,21
19874,21
19875,68
19876,101
19877,66
19878,1
19879,1
19880,53
19881,68
19882,68
19883,91
19884,91
19885,91
19888,68
19889,68
19890,130
19891,0
19892,0
19893,0
19894,0
19895,0
19896,0
19897,66
19898,0
19899,0
19900,0
19901,0
19902,130
19903,0
19904,66
19905,66
19906,21
19907,21
19908,21
19909,21
19910,21
19911,21
19912,21
19913,21
19914,130
19915,21
19916,21
19917,21
19918,16
19919,130
19920,16
19921,16
19922,16
19923,16
19924,18
19925,18
19926,18
19927,130
19928,16
19929,16
19930,16
19931,18
19932,18
19933,18
19934,18
19935,130
19936,18
19937,18
19938,7
19939,7
19940,7
19941,7
19942,7
19943,7
19944,7
19945,48
19946,7
19947,31
19948,64
19949,64
19950,48
19951,48
19952,48
19953,48
19954,48
19955,48
19956,86
19957,18
19958,64
19959,86
19960,65
19961,65
19962,7
19963,7
19964,16
19965,86
19966,16
19967,72
19968,94
19969,151
19970,151
19971,72
19972,16
19973,16
19974,16
19975,151
19976,151
19977,86
19978,151
19979,16
19980,16
19981,16
19982,16
19983,16
19984,16
19985,16
19986,64
19987,64
19988,86
19989,18
19990,18
19991,86
19992,62
19993,62
19994,62
19995,3
19996,3
19997,93
19998,86
19999,91
20000,91
20001,66
20002,86
20003,86
20004,65
20005,105
20006,65
20007,65
20008,65
20009,86
20010,62
20011,62
20012,86
20013,3
20014,98
20015,86
20016,86
20017,17
20018,17
20019,86
20020,64
20021,64
20022,17
20023,18
20024,18
20025,98
20026,98
20027,98
20028,17
20029,17
20030,86
20031,64
20032,64
20033,18
20034,18
20035,18
20036,86
20037,18
20038,53
20039,109
20040,109
20041,86
20042,107
20043,114
20044,38
20045,38
20046,38
20047,38
20048,38
20049,86
20050,50
20051,123
20052,50
20053,50
20054,50
20055,123
20056,50
20057,50
20058,50
20059,50
20060,50
20061,12
20062,12
20063,12
20064,50
20065,12
20066,86
20067,50
20068,86
20069,50
20070,50
20071,50
20072,22
20073,86
20074,131
20075,126
20076,126
20077,126
20078,7
20079,7
20080,131
20081,131
20082,131
20083,131
20084,131
20085,89
20086,89
20087,146
20088,146
20089,146
20090,146
20091,146
20092,146
20093,146
20094,146
20095,115
20096,78
20097,78
20098,78
20099,78
20100,78
20101,109
20102,109
20103,109
20104,109
20105,109
20106,109
20107,109
20108,109
20109,109
20110,109
20111,113
20112,113
20113,113
20114,113
20115,113
20116,113
20117,113
20118,113
20119,113
20120,113
20121,78
20122,114
20123,76
20124,76
20125,76
20126,76
20127,76
20128,123
20129,123
20130,123
20131,123
20132,38
20133,76
20134,76
20135,76
20136,50
20137,50
20138,50
20139,50
20140,123
20141,7
20142,7
20143,7
20144,71
20145,104
20146,104
20147,104
20148,104
20149,131
20150,0
20151,91
20152,0
20153,0
20154,132
20155,54
20156,54
20157,54
20158,54
20159,137
20160,137
20161,125
20162,125
20163,125
20164,137
20165,40
20166,40
20167,40
20168,82
20169,82
20170,132
20171,132
20172,132
20173,132
20174,132
20175,73
20176,101
20177,73
20178,73
20179,128
20180,128
20181,132
20182,132
20183,132
20184,132
20185,87
20186,132
20187,54
20188,27
20189,27
20190,133
20191,137
20192,137
20193,125
20194,125
20195,125
20196,125
20197,153
20198,153
20199,153
20200,153
20201,153
20202,153
20203,137
20204,153
20205,153
20206,153
20207,153
20208,153
20209,153
20210,125
20211,125
20212,28
20213,28
20214,137
20215,137
20216,137
20217,52
20218,137
20219,137
20220,137
20221,153
20222,153
20223,153
20224,137
20225,86
20226,86
20227,130
20228,130
20229,46
20230,46
20231,144
20232,52
20233,52
20234,96
20235,96
20236,52
20237,154
20238,154
20239,154
20240,96
20241,96
20242,96
20243,96
20244,96
20245,96
20246,96
20247,52
20248,52
20249,52
20250,75
20251,75
20252,75
20253,75
20254,52
20255,51
20256,51
20257,51
20258,51
20259,51
20260,51
20261,52
20262,52
20263,42
20264,42
20265,26
20266,26
20267,135
20268,11
20269,4
20270,4
20271,11
20272,80
20273,51
20274,51
20275,42
20276,42
20277,80
20278,80
20279,42
20280,42
20281,42
20282,42
20283,42
20284,80
20285,80
20286,101
20287,101
20288,101
20289,101
20290,135
20291,86
20292,86
20293,86
20294,86
20295,86
20296,86
20297,135
20298,141
20299,73
20300,73
20301,135
20302,135
20303,135
20304,0
20305,0
20306,0
20307,0
20308,0
20309,0
20310,0
20311,0
20312,0
20313,0
20314,0
20315,135
20316,0
20317,0
20318,102
20319,140
20320,4
20321,4
20322,4
20323,4
20324,4
20325,4
20326,4
20327,4
20328,4
20329,4
20330,4
20331,4
20332,4
20333,79
20334,135
20335,79
20336,135
20337,54
20338,150
20339,100
20340,135
20341,44
20342,44
20343,85
20344,135
20345,15
20346,135
20347,87
20348,87
20349,87
20350,87
20351,87
20352,87
20353,155
20354,122
20355,122
20356,13
20357,0
20358,117
20359,93
20360,3
20361,0
20362,82
20363,62
20364,152
20365,4
20366,135
20367,135
20368,135
20369,135
20370,93
20371,112
20372,155
20373,97
20374,97
20375,97
20376,34
20377,34
20378,15
20379,46
20380,46
20381,46
20382,69
20383,69
20384,28
20385,100
20386,100
20387,44
20388,44
20389,69
20390,100
20391,100
20392,100
20393,137
20394,137
20395,114
20396,53
20397,0
20398,0
20399,0
20400,44
20401,69
20402,115
20403,115
20404,65
20405,15
20406,38
20407,74
20408,116
20409,116
20410,116
20411,4
20412,89
20413,5
20414,35
20415,35
20416,35
20417,35
20418,118
20419,118
20420,121
20421,121
20422,35
20423,35
20424,35
20425,35
20426,26
20427,26
20428,26
20429,26
20430,82
20431,26
20432,26
20433,26
20434,26
20435,26
20436,26
20437,26
20438,26
20441,15
20442,15
20443,0
20444,0
20445,0
20446,53
20447,0
20448,0
20449,0
20450,0
20451,0
20452,0
20453,0
20454,0
20455,69
20456,127
20457,127
20458,127
20459,22
20460,127
20461,127
20462,127
20463,137
20464,137
20465,137
20466,78
20467,78
20468,115
20469,153
20470,39
20471,18
20472,18
20473,18
20474,22
20475,16
20476,16
20477,126
20478,126
20479,126
20480,126
20481,126
20482,126
20483,102
20484,102
20485,102
20486,110
20487,110
20488,85
20489,85
20490,43
20491,43
20492,145
20493,0
20494,142
20495,142
20496,142
20497,142
20498,142
20499,142
20500,0
20501,0
20502,0
20503,0
20504,108
20505,108
20506,102
20507,102
20508,117
20509,117
20510,117
20511,117
20512,117
20513,119
20514,53
20515,65
20516,18
20517,21
20519,3
20520,93
20521,93
20522,34
20523,34
20524,34
20525,34
20526,34
20527,34
20528,34
20529,93
20530,93
20531,112
20532,112
20533,112
20534,112
20535,62
20536,108
20537,108
20538,62
20539,13
20540,0
20541,13
20542,13
20543,13
20544,13
20545,13
20546,13
20547,13
20548,13
20549,13
20550,13
20551,13
20552,151
20553,151
20554,151
20555,34
20556,29
20557,48
20561,48
20562,48
20563,48
20564,7
20565,7
20566,7
20567,7
20568,7
20569,7
20570,7
20571,7
20572,20
20573,8
20574,8
20575,36
20576,9
20577,82
20578,36
20579,36
20580,36
20581,36
20582,36
20583,105
20584,105
20585,105
20586,33
20587,33
20588,33
20589,33
20590,9
20591,9
20592,9
20593,9
20594,9
20595,9
20596,9
20597,9
20598,9
20599,9
20600,9
20601,152
20602,122
20603,24
20604,24
20605,46
20606,46
20607,53
20608,11
20609,11
20610,36
20611,23
20612,23
20613,23
20614,23
20615,46
20616,156
20617,156
20618,156
20619,156
20620,156
20621,156
20622,156
20623,156
20624,156
20625,156
20626,156
20627,156
20628,156
20629,156
20630,156
20631,156
20632,156
20633,156
20634,156
20635,156
20636,156
20637,156
20638,156
20639,144
20640,156
20641,156
20642,144
20643,141
20644,87
20645,135
20646,135
20647,80
20648,99
20649,99
20650,144
20651,144
20652,64
20653,122
20654,122
20655,122
20656,104
20657,104
20658,104
20659,104
20660,104
20661,104
20662,104
20663,104
20664,104
20665,104
20666,104
20667,104
20668,104
20669,104
20670,104
20671,128
20672,128
20673,128
20674,128
20675,127
20676,127
20677,86
20678,86
20680,50
20681,97
20682,97
20683,150
20684,135
20685,135
20686,135
20687,86
20688,135
20689,122
20690,122
20691,122
20692,122
20693,86
20694,122
20695,101
20696,86
20697,4
20698,4
20699,4
20700,4
20701,4
20702,4
20703,4
20704,4
20705,4
20706,75
20707,75
20708,154
20709,154
20710,52
20711,97
20712,97
20713,97
20714,97
20715,97
20716,97
20717,97
20718,97
20719,97
20720,35
20721,35
20722,35
20723,35
20724,36
20725,121
20726,90
20727,148
20728,121
20729,121
20730,121
20731,121
20732,121
20733,121
20734,113
20735,148
20736,148
20737,148
20738,148
20739,27
20740,27
20741,27
20742,127
20743,27
20744,27
20745,27
20746,113
20747,95
20748,95
20749,95
20750,95
20751,58
20752,137
20753,137
20754,27
20755,121
20756,121
20757,121
20758,121
20759,121
20760,121
20761,95
20762,5
20763,83
20764,5
20765,5
20766,83
20767,8
20768,8
20769,8
20770,8
20771,8
20772,8
20773,8
20774,6
20775,19
20776,19
20777,19
20778,19
20779,35
20780,5
20781,20
20782,20
20783,19
20784,19
20785,19
20786,19
20787,19
20788,19
20789,19
20790,19
20791,19
20792,19
20793,19
20794,19
20795,35
20796,19
20797,19
20798,19
20799,12
20800,19
20801,20
20802,20
20803,5
20804,5
20805,5
20806,5
20807,113
20808,40
20809,40
20810,40
20811,40
20812,40
20813,40
20814,12
20815,12
20816,101
20817,12
20818,12
20819,20
20820,113
20821,20
20822,39
20823,39
20824,39
20825,20
20826,20
20827,20
20828,20
20829,20
20830,20
20831,20
20832,20
20833,20
20834,20
20835,20
20836,20
20837,20
20838,107
20839,120
20840,38
20841,38
20842,38
20843,38
20844,38
20845,38
20846,19
20847,6
20848,123
20849,123
20850,115
20851,115
20852,37
20853,14
20854,14
20855,14
20856,14
20857,14
20858,67
20859,67
20860,37
20861,37
20862,37
20863,28
20864,28
20865,44
20866,44
20867,44
20868,44
20869,44
20870,44
20871,44
20872,44
20873,44
20874,22
20875,22
20876,67
20877,89
20878,89
20879,89
20880,37
20881,14
20882,115
20883,44
20884,44
20885,44
20886,115
20887,115
20888,115
20889,115
20890,115
20891,115
20892,115
20893,115
20894,115
20895,115
20896,115
20897,15
20898,89
20899,141
20900,105
20901,105
20902,94
20903,65
20904,140
20905,150
20906,82
20907,82
20908,89
20909,80
20910,107
20911,107
20912,61
20913,61
20914,89
20917,123
20918,19
20919,150
20920,62
20921,122
20922,110
20923,71
20924,71
20925,71
20926,71
20927,127
20928,93
20929,7
20930,49
20931,114
20932,89
20933,89
20934,76
20935,76
20936,15
20937,15
20938,62
20939,112
20940,13
20941,101
20942,36
20943,71
20944,71
20945,71
20946,98
20947,98
20948,89
20949,76
20950,105
20951,154
20952,11
20953,13
20954,37
20955,89
20956,89
20957,69
20958,69
20959,100
20960,76
20961,76
20962,76
20963,49
20964,49
20965,15
20966,15
20967,14
20968,0
20969,0
20970,18
20971,37
20972,37
20973,7
20974,22
20975,114
20976,114
20977,67
20978,67
20979,18
20980,6
20981,72
20982,65
20983,65
20984,1
20985,13
20986,101
20987,26
20988,26
20989,26
20990,26
20991,26
20992,26
20993,26
20994,26
20995,49
20996,16
20997,156
20998,33
20999,33
21000,126
21001,101
21002,50
21003,50
21004,18
21005,18
21006,18
21007,65
21008,131
21009,131
21010,18
21011,126
21012,126
21013,126
21014,126
21015,26
21016,26
21017,22
21018,29
21019,88
21020,11
21021,11
21022,11
21023,11
21024,110
21025,26
21026,26
21027,26
21028,26
21029,11
21030,26
21031,135
21032,137
21033,44
21034,26
21035,82
21036,82
21037,82
21038,102
21039,13
21040,26
21041,26
21042,14
21043,15
21044,101
21045,44
21046,11
21047,11
21048,11
21049,11
21050,11
21051,11
21052,98
21053,98
21054,44
21055,3
21056,99
21057,99
21058,99
21059,82
21060,82
21061,101
21062,101
21063,30
21064,102
21065,135
21066,135
21067,120
21068,82
21069,49
21070,76
21071,76
21072,94
21073,64
21074,128
21075,128
21076,128
21077,128
21078,128
21079,27
21080,99
21081,53
21082,53
21083,107
21084,144
21085,13
21086,0
21087,79
10000000,157
10000001,158
10000002,159
10000003,160
10000004,161
10000005,162
10000006,163
10000007,164
10000008,165
10000009,166
10000010,167
10000011,168
10000012,169
10000013,170
10000014,171
10000015,172
10000016,173
10000017,174
10000018,175
10000019,176
10000020,177
10000021,178
10000022,179
10000023,180
10000024,181
10000025,182
10000026,183
10000027,184
10000028,185
10000029,186
10000030,187
10000031,188
10000032,189
10000033,190
10000034,191
10000035,192
10000036,193
10000037,194
10000038,195
10000039,196
10000040,197
10000041,198
10000042,199
10000043,200
10000044,201
10000045,202
10000046,203
10000047,204
10000048,205
10000049,206
10000050,207
10000051,208
10000052,209
10000053,210
10000054,211
10000055,212
10000056,213
10000057,214
10000058,215
10000059,216
10000060,217
10000061,218
10000062,219
10000063,220
10000064,221
10000065,222
10000066,223
10000067,224
10000068,225
10000069,226
10000070,227
10000071,228
10000072,229
10000073,230
10000074,231
10000075,232
10000076,233
10000077,234
10000078,235
10000079,236
10000080,237
10000081,238
10000082,239
10000083,240
10000084,241
10000085,242
10000086,243
10000087,244
10000088,245
10000089,246
10000090,247
10000091,248
10000092,249
10000093,250
10000094,251
10000095,252
10000096,253
10000097,254
10000098,255
10000099,256
10000100,257
10000101,258
10000102,259
10000103,260
10000104,261
10000105,262
10000106,263
10000107,264
10000108,265
10000109,266
10000110,267
10000111,268
10000112,269
10000113,270
10000114,271
10000115,272
10000116,273
10000117,274
10000118,275
10000119,276
10000120,277
10000121,278
10000122,279
10000123,280
10000124,281
10000125,282
10000126,283
10000127,284
10000128,285
10000129,286
10000130,287
10000131,288
10000132,289
10000133,290
10000134,291
10000135,292
10000136,293
10000137,294
10000138,295
10000139,296
10000140,297
10000141,298
10000142,299
10000143,300
10000144,301
10000145,302
10000146,303
10000147,304
10000148,305
10000149,306
10000150,307
10000151,308
10000152,309
10000153,310
10000154,311
10000155,312
10000156,313
10000157,314
10000158,315
10000159,316
10000160,317
10000161,318
10000162,319
10000163,320
10000164,321
10000165,322
10000166,323
10000167,324
10000168,325
10000169,326
10000170,327
10000171,328
10000172,329
10000173,330
10000174,331
10000175,332
10000176,333
10000177,334
10000178,335
10000179,336
10000180,337
10000181,338
10000182,339
10000183,340
10000184,341
10000185,342
10000186,343
10000187,344
10000188,345
10000189,346
10000190,347
10000191,348
10000192,349
10000193,350
10000194,351
10000195,352
10000196,353
10000197,354
10000198,355
10000199,356
10000200,357
10000201,358
10000202,359
10000203,360
10000204,361
10000205,362
10000206,363
10000207,364
10000208,365
10000209,366
10000210,367
10000211,368
10000212,369
10000213,370
10000214,371
10000215,372
10000216,373
10000217,374
10000218,375
10000219,376
10000220,377
10000221,378
10000222,379
10000223,380
10000224,381
10000225,382
10000226,383
10000227,384
10000228,385
10000229,386
10000230,387
10000231,388
10000232,389
10000233,390
10000234,391
10000235,392
10000236,393
10000237,394
10000238,395
10000239,396
10000240,397
10000241,398
10000242,399
10000243,400
10000244,401
10000245,402
10000246,403
10000247,404
10000248,405
10000249,406
10000250,407
10000251,408
10000252,409
10000253,410
10000254,411
10000255,412
10000256,413
10000257,414
10000258,415
10000259,416
10000260,417
10000261,418
10000262,419
10000263,420
10000264,421
10000265,422
10000266,423
10000267,424
10000268,425
10000269,426
10000270,427
10000271,428
10000272,429
10000273,430
10000274,431
10000275,432
10000276,433
10000277,434
10000278,435
10000279,436
10000280,437
10000281,438
10000282,439
10000283,440
10000284,441
10000285,442
10000286,443
10000287,444
10000288,445
10000289,446
10000290,447
10000291,448
10000292,449
10000293,450
10000294,451
10000295,452
10000296,453
10000297,454
10000298,455
10000299,456
10000300,457
10000301,458
10000302,459
10000303,460
10000304,461
10000305,462
10000306,463
10000307,464
10000308,465
10000309,466
10000310,467
10000311,468
10000312,469
10000313,470
10000314,471
10000315,472
10000316,473
10000317,474
10000318,475
10000319,476
10000320,477
10000321,478
10000322,479
10000323,32
10000324,2
10000325,81
10000326,60
10000327,63
