node_id,community_id
0,105
1,105
2,105
3,105
4,1
5,1
6,2
7,2
8,3
9,3
10,3
11,2
12,4
13,5
14,5
15,6
16,6
17,6
18,6
19,6
20,7
21,7
22,7
23,5
24,5
25,7
26,7
27,7
28,8
29,8
30,9
31,9
32,9
33,9
34,8
35,9
36,8
37,2
38,2
39,17
40,17
41,2
42,2
43,17
44,2
45,2
46,17
47,11
48,11
49,11
50,12
51,12
52,12
53,13
54,13
55,14
56,14
57,14
58,14
59,14
60,15
61,15
62,16
63,16
64,17
65,17
66,17
67,17
68,18
69,18
70,19
71,19
72,19
73,20
74,20
75,20
76,20
77,20
78,20
79,20
80,20
81,20
82,20
83,21
84,22
85,23
86,23
87,23
88,5
89,5
90,23
91,23
92,23
93,5
94,24
95,25
96,25
97,26
98,27
99,27
100,24
101,27
102,26
103,28
104,28
105,28
106,29
107,29
108,29
109,28
110,29
111,29
112,30
113,30
114,105
115,105
116,105
117,30
118,105
119,105
120,105
121,105
122,105
123,105
124,105
125,105
126,105
127,105
128,4
129,4
130,30
131,4
132,30
133,9
134,9
135,9
136,22
137,30
138,11
139,11
140,11
141,31
142,31
143,13
144,13
145,13
146,13
147,13
148,13
149,31
150,13
151,13
152,13
153,32
154,13
155,32
156,31
157,32
158,32
159,32
160,32
161,31
162,31
163,32
164,32
165,32
166,32
167,32
168,31
169,32
170,32
171,32
172,32
173,33
174,33
175,11
176,11
177,11
178,33
179,34
180,34
181,34
182,34
183,33
184,33
185,35
186,36
187,35
188,36
189,36
190,36
191,33
192,36
193,36
194,33
195,36
196,36
197,36
198,36
199,33
200,33
201,33
202,14
203,14
204,14
205,14
206,33
207,9
208,9
209,33
210,33
211,9
212,9
213,9
214,9
215,9
216,37
217,37
218,9
219,9
220,22
221,22
222,22
223,22
224,22
225,22
226,22
227,37
228,38
229,38
230,39
231,39
232,39
233,38
234,4
235,4
236,38
237,31
238,31
239,40
240,40
241,40
242,31
243,41
244,41
245,31
246,42
247,42
248,42
249,42
250,42
251,43
252,43
253,44
254,44
255,45
256,45
257,43
258,46
259,46
260,47
261,47
262,48
263,48
264,48
265,47
266,49
267,49
268,49
269,49
270,47
271,50
272,50
273,50
274,47
275,51
276,39
277,39
278,39
279,51
280,51
281,50
282,50
283,50
284,52
285,52
286,52
287,51
288,52
289,52
290,52
291,52
292,52
293,52
294,52
295,51
296,52
297,52
298,52
299,52
300,52
301,51
302,51
303,53
304,53
305,53
306,51
307,51
308,51
309,54
310,77
311,54
312,54
313,54
314,15
315,15
316,47
317,56
318,56
319,56
320,56
321,21
322,21
323,47
324,57
325,51
326,47
327,39
328,39
329,39
330,39
331,57
332,19
333,19
334,19
335,19
336,19
337,30
338,30
339,30
340,30
341,30
342,30
343,30
344,30
345,30
346,30
347,30
348,30
349,25
350,25
351,30
352,30
353,58
354,58
355,58
356,58
357,58
358,58
359,58
360,58
361,59
362,59
363,59
364,25
365,59
366,59
367,59
368,58
369,58
370,58
371,58
372,58
373,58
374,58
375,58
376,58
377,19
378,19
379,19
380,19
381,19
382,19
383,19
384,56
385,56
386,16
387,16
388,16
389,16
390,5
391,5
392,60
393,60
394,61
395,61
396,5
397,5
398,43
399,43
400,62
401,62
402,62
403,3
404,46
405,12
406,12
407,63
408,12
409,12
410,12
411,15
412,33
413,33
414,64
415,64
416,15
417,24
418,24
419,64
420,64
421,64
422,64
423,41
424,41
425,41
426,24
427,12
428,12
429,12
430,65
431,65
432,65
433,12
434,12
435,24
436,24
437,12
438,31
439,31
440,12
441,49
442,49
443,49
444,14
445,14
446,66
447,66
448,66
449,67
450,14
451,15
452,66
453,66
454,66
455,66
456,67
457,67
458,24
459,24
460,69
461,69
462,69
463,24
464,69
465,69
466,69
467,69
468,24
469,69
470,69
471,69
472,70
473,15
474,24
475,15
476,15
477,69
478,69
479,69
480,15
481,15
482,15
483,15
484,30
485,30
486,30
487,30
488,5
489,5
490,63
491,63
492,5
493,5
494,5
495,5
496,19
497,19
498,5
499,5
500,19
501,19
502,71
503,71
504,71
505,19
506,71
507,71
508,71
509,71
510,15
511,28
512,28
513,28
514,71
515,71
516,72
517,72
518,73
519,72
520,72
521,72
522,73
523,12
524,12
525,12
526,73
527,33
528,33
529,33
530,33
531,63
532,63
533,63
534,63
535,63
536,63
537,63
538,63
539,73
540,73
541,63
542,63
543,63
544,12
545,12
546,12
547,12
548,73
549,12
550,12
551,12
552,12
553,12
554,12
555,12
556,12
557,12
558,4
559,4
560,74
561,74
562,74
563,15
564,70
565,75
566,75
567,11
568,11
569,76
570,76
571,76
572,76
573,105
574,105
575,77
576,77
577,77
578,78
579,78
580,78
581,105
582,79
583,79
584,80
585,80
586,105
587,48
588,48
589,48
590,48
591,105
592,2
593,2
594,2
595,34
596,34
597,105
598,34
599,15
600,34
601,34
602,34
603,5
604,5
605,73
606,73
607,73
608,73
609,73
610,73
611,73
612,5
613,73
614,73
615,73
616,73
617,73
618,73
619,73
620,73
621,15
622,15
623,81
624,81
625,81
626,105
627,105
628,65
629,65
630,65
631,4
632,47
633,4
634,72
635,72
636,72
637,72
638,24
639,24
640,24
641,47
642,24
643,24
644,41
645,41
646,41
647,41
648,41
649,82
650,82
651,37
652,37
653,41
654,41
655,41
656,41
657,41
658,83
659,83
660,41
661,41
662,41
663,41
664,29
665,29
666,5
667,29
668,29
669,84
670,84
671,24
672,24
673,24
674,24
675,85
676,85
677,85
678,86
679,85
680,24
681,85
682,85
683,85
684,24
685,85
686,24
687,24
688,87
689,87
690,87
691,24
692,87
693,87
694,87
695,105
696,87
697,87
698,87
699,87
700,38
701,82
702,38
703,88
704,88
705,88
706,88
707,88
708,38
709,38
710,88
711,24
712,89
713,24
714,24
715,24
716,24
717,24
718,24
719,38
720,24
721,24
722,24
723,24
724,24
725,24
726,24
727,24
728,38
729,57
730,57
731,57
732,57
733,90
734,90
735,24
736,77
737,77
738,77
739,77
740,77
741,77
742,24
743,64
744,64
745,64
746,11
747,11
748,24
749,90
750,12
751,12
752,12
753,12
754,24
755,91
756,91
757,91
758,91
759,91
760,91
761,82
762,82
763,12
764,12
765,92
766,92
767,92
768,40
769,40
770,12
771,43
772,43
773,43
774,43
775,43
776,43
777,43
778,43
779,43
780,43
781,43
782,82
783,82
784,62
785,62
786,64
787,64
788,64
789,64
790,64
791,64
792,62
793,65
794,65
795,65
796,93
797,93
798,35
799,35
800,31
801,31
802,31
803,13
804,13
805,13
806,82
807,94
808,94
809,37
810,37
811,94
812,37
813,37
814,37
815,94
816,94
817,25
818,25
819,25
820,95
821,95
822,94
823,95
824,67
825,67
826,67
827,67
828,94
829,61
830,61
831,61
832,96
833,96
834,96
835,82
836,97
837,97
838,97
839,97
840,97
841,97
842,97
843,97
844,94
845,97
846,97
847,97
848,67
849,97
850,67
851,67
852,67
853,67
854,67
855,67
856,94
857,67
858,67
859,67
860,67
861,67
862,67
863,67
864,94
865,67
866,67
867,67
868,67
869,67
870,67
871,98
872,98
873,98
874,14
875,94
876,98
877,14
878,98
879,98
880,98
881,98
882,98
883,98
884,14
885,98
886,98
887,14
888,98
889,98
890,98
891,98
892,94
893,98
894,98
895,98
896,14
897,98
898,1
899,1
900,94
901,62
902,1
903,1
904,1
905,1
906,1
907,99
908,1
909,1
910,99
911,94
912,1
913,1
914,99
915,16
916,16
917,16
918,16
919,29
920,29
921,82
922,16
923,16
924,16
925,16
926,16
927,16
928,62
929,16
930,16
931,16
932,16
933,20
934,20
935,16
936,16
937,16
938,16
939,16
940,16
941,16
942,20
943,69
944,69
945,69
946,69
947,69
948,20
949,69
950,69
951,69
952,69
953,69
954,69
955,69
956,69
957,20
958,69
959,69
960,69
961,69
962,69
963,69
964,30
965,30
966,30
967,30
968,30
969,30
970,30
971,30
972,30
973,30
974,30
975,30
976,30
977,30
978,30
979,30
980,86
981,86
982,86
983,86
984,49
985,49
986,86
987,86
988,86
989,86
990,86
991,86
992,86
993,86
994,85
995,85
996,85
997,85
998,85
999,85
1000,64
1001,85
1002,85
1003,82
1004,77
1005,77
1006,85
1007,85
1008,85
1009,85
1010,64
1011,64
1012,64
1013,64
1014,64
1015,64
1016,64
1017,49
1018,49
1019,49
1020,75
1021,49
1022,49
1023,49
1024,75
1025,49
1026,49
1027,49
1028,75
1029,11
1030,11
1031,11
1032,11
1033,11
1034,11
1035,11
1036,11
1037,77
1038,77
1039,11
1040,11
1041,11
1042,11
1043,11
1044,11
1045,47
1046,47
1047,11
1048,11
1049,11
1050,11
1051,11
1052,11
1053,11
1054,11
1055,11
1056,105
1057,46
1058,46
1059,105
1060,105
1061,105
1062,105
1063,105
1064,97
1065,97
1066,97
1067,97
1068,97
1069,97
1070,97
1071,67
1072,67
1073,67
1074,67
1075,67
1076,67
1077,67
1078,67
1079,14
1080,67
1081,14
1082,14
1083,82
1084,46
1085,46
1086,14
1087,14
1088,14
1089,14
1090,14
1091,5
1092,14
1093,14
1094,14
1095,14
1096,14
1097,14
1098,14
1099,100
1100,100
1101,14
1102,99
1103,14
1104,99
1105,99
1106,99
1107,100
1108,99
1109,99
1110,100
1111,99
1112,16
1113,16
1114,16
1115,100
1116,16
1117,16
1118,16
1119,16
1120,100
1121,100
1122,16
1123,16
1124,16
1125,16
1126,97
1127,69
1128,16
1129,69
1130,97
1131,69
1132,69
1133,82
1134,69
1135,69
1136,69
1137,30
1138,69
1139,30
1140,30
1141,30
1142,30
1143,30
1144,30
1145,30
1146,30
1147,30
1148,86
1149,30
1150,86
1151,15
1152,30
1153,86
1154,86
1155,86
1156,86
1157,86
1158,86
1159,19
1160,19
1161,86
1162,86
1163,64
1164,86
1165,64
1166,64
1167,64
1168,64
1169,64
1170,64
1171,64
1172,19
1173,64
1174,64
1175,64
1176,64
1177,64
1178,64
1179,64
1180,19
1181,75
1182,75
1183,64
1184,75
1185,75
1186,75
1187,75
1188,75
1189,75
1190,11
1191,75
1192,9
1193,9
1194,11
1195,11
1196,11
1197,11
1198,82
1199,9
1200,11
1201,11
1202,11
1203,11
1204,11
1205,11
1206,9
1207,11
1208,50
1209,11
1210,50
1211,60
1212,60
1213,45
1214,45
1215,45
1216,45
1217,46
1218,46
1219,60
1220,46
1221,101
1222,102
1223,102
1224,102
1225,12
1226,12
1227,87
1228,87
1229,12
1230,87
1231,87
1232,87
1233,87
1234,87
1235,32
1236,32
1237,82
1238,12
1239,32
1240,32
1241,103
1242,103
1243,103
1244,12
1245,12
1246,104
1247,104
1248,12
1249,105
1250,105
1251,21
1252,21
1253,105
1254,105
1255,5
1256,5
1257,5
1258,5
1259,5
1260,5
1261,5
1262,5
1263,105
1264,5
1265,5
1266,5
1267,5
1268,5
1269,33
1270,18
1271,33
1272,33
1273,33
1274,33
1275,70
1276,5
1277,30
1278,30
1279,63
1280,62
1281,63
1282,5
1283,5
1284,5
1285,5
1286,5
1287,5
1288,30
1289,5
1290,5
1291,63
1292,63
1293,63
1294,5
1295,5
1296,54
1297,54
1298,56
1299,56
1300,56
1301,56
1302,56
1303,69
1304,56
1305,24
1306,24
1307,24
1308,24
1309,24
1310,24
1311,30
1312,30
1313,24
1314,24
1315,24
1316,24
1317,24
1318,30
1319,3
1320,3
1321,3
1322,87
1323,87
1324,87
1325,87
1326,30
1327,83
1328,83
1329,70
1330,70
1331,70
1332,70
1333,70
1334,70
1335,70
1336,70
1337,70
1338,70
1339,70
1340,70
1341,70
1342,83
1343,74
1344,74
1345,74
1346,74
1347,74
1348,83
1349,41
1350,41
1351,83
1352,83
1353,82
1354,83
1355,83
1356,83
1357,83
1358,83
1359,106
1360,56
1361,56
1362,76
1363,76
1364,76
1365,76
1366,95
1367,95
1368,95
1369,56
1370,95
1371,95
1372,95
1373,9
1374,9
1375,9
1376,107
1377,107
1378,107
1379,77
1380,77
1381,82
1382,82
1383,107
1384,77
1385,77
1386,107
1387,108
1388,108
1389,108
1390,108
1391,69
1392,69
1393,69
1394,69
1395,107
1396,69
1397,69
1398,69
1399,109
1400,109
1401,73
1402,73
1403,73
1404,73
1405,73
1406,73
1407,88
1408,88
1409,109
1410,105
1411,105
1412,109
1413,105
1414,110
1415,96
1416,109
1417,31
1418,31
1419,82
1420,15
1421,15
1422,111
1423,111
1424,111
1425,15
1426,111
1427,111
1428,111
1429,15
1430,111
1431,111
1432,111
1433,15
1434,15
1435,111
1436,111
1437,111
1438,47
1439,47
1440,47
1441,47
1442,47
1443,47
1444,47
1445,47
1446,47
1447,47
1448,47
1449,47
1450,47
1451,47
1452,47
1453,47
1454,47
1455,47
1456,47
1457,57
1458,47
1459,47
1460,47
1461,47
1462,47
1463,57
1464,51
1465,51
1466,51
1467,57
1468,51
1469,51
1470,51
1471,57
1472,57
1473,57
1474,57
1475,57
1476,57
1477,47
1478,47
1479,47
1480,47
1481,47
1482,47
1483,47
1484,47
1485,112
1486,112
1487,57
1488,57
1489,57
1490,57
1491,57
1492,112
1493,57
1494,57
1495,57
1496,51
1497,57
1498,113
1499,113
1500,33
1501,33
1502,57
1503,114
1504,115
1505,114
1506,114
1507,114
1508,33
1509,114
1510,114
1511,114
1512,115
1513,115
1514,115
1515,115
1516,33
1517,33
1518,115
1519,114
1520,115
1521,115
1522,115
1523,18
1524,18
1525,33
1526,4
1527,4
1528,4
1529,4
1530,62
1531,62
1532,62
1533,64
1534,64
1535,64
1536,64
1537,62
1538,62
1539,62
1540,62
1541,62
1542,62
1543,62
1544,113
1545,56
1546,116
1547,116
1548,116
1549,34
1550,34
1551,34
1552,34
1553,92
1554,92
1555,92
1556,47
1557,47
1558,63
1559,63
1560,63
1561,11
1562,31
1563,31
1564,31
1565,118
1566,118
1567,118
1568,118
1569,113
1570,118
1571,118
1572,119
1573,119
1574,118
1575,119
1576,119
1577,49
1578,49
1579,49
1580,120
1581,120
1582,120
1583,121
1584,121
1585,121
1586,120
1587,74
1588,74
1589,74
1590,28
1591,28
1592,28
1593,83
1594,83
1595,28
1596,28
1597,28
1598,28
1599,28
1600,83
1601,28
1602,28
1603,28
1604,28
1605,28
1606,28
1607,64
1608,64
1609,83
1610,28
1611,28
1612,28
1613,72
1614,72
1615,22
1616,22
1617,22
1618,72
1619,29
1620,29
1621,29
1622,29
1623,29
1624,29
1625,29
1626,52
1627,52
1628,20
1629,20
1630,20
1631,20
1632,52
1633,18
1634,18
1635,18
1636,18
1637,18
1638,18
1639,78
1640,78
1641,52
1642,12
1643,12
1644,12
1645,82
1646,12
1647,12
1648,82
1649,82
1650,82
1651,37
1652,37
1653,37
1654,37
1655,82
1656,82
1657,82
1658,12
1659,12
1660,12
1661,82
1662,12
1663,12
1664,37
1665,37
1666,37
1667,37
1668,45
1669,45
1670,12
1671,12
1672,45
1673,91
1674,91
1675,91
1676,91
1677,91
1678,91
1679,45
1680,122
1681,122
1682,45
1683,74
1684,74
1685,62
1686,62
1687,62
1688,75
1689,75
1690,58
1691,59
1692,75
1693,75
1694,75
1695,11
1696,11
1697,14
1698,14
1699,14
1700,64
1701,82
1702,82
1703,82
1704,123
1705,123
1706,123
1707,59
1708,5
1709,5
1710,5
1711,124
1712,124
1713,124
1714,124
1715,49
1716,22
1717,22
1718,49
1719,22
1720,22
1721,22
1722,22
1723,22
1724,22
1725,22
1726,49
1727,64
1728,49
1729,49
1730,49
1731,22
1732,116
1733,116
1734,116
1735,116
1736,11
1737,125
1738,105
1739,116
1740,116
1741,116
1742,116
1743,116
1744,116
1745,18
1746,18
1747,125
1748,18
1749,18
1750,62
1751,62
1752,41
1753,41
1754,41
1755,41
1756,126
1757,126
1758,126
1759,126
1760,126
1761,81
1762,81
1763,41
1764,41
1765,64
1766,64
1767,64
1768,41
1769,124
1770,50
1771,50
1772,50
1773,50
1774,50
1775,50
1776,50
1777,50
1778,124
1779,50
1780,50
1781,50
1782,50
1783,50
1784,50
1785,4
1786,4
1787,4
1788,127
1789,127
1790,127
1791,4
1792,33
1793,33
1794,33
1795,13
1796,13
1797,13
1798,33
1799,33
1800,3
1801,3
1802,3
1803,3
1804,3
1805,105
1806,3
1807,64
1808,33
1809,105
1810,50
1811,50
1812,33
1813,50
1814,115
1815,115
1816,5
1817,5
1818,5
1819,33
1820,33
1821,33
1822,128
1823,128
1824,128
1825,128
1826,79
1827,79
1828,79
1829,56
1830,56
1831,56
1832,15
1833,15
1834,56
1835,56
1836,56
1837,56
1838,73
1839,73
1840,70
1841,70
1842,73
1843,116
1844,116
1845,116
1846,56
1847,56
1848,89
1849,89
1850,89
1851,56
1852,44
1853,44
1854,44
1855,41
1856,41
1857,41
1858,56
1859,49
1860,56
1861,98
1862,98
1863,98
1864,98
1865,98
1866,98
1867,73
1868,73
1869,98
1870,15
1871,15
1872,15
1873,15
1874,73
1875,73
1876,41
1877,41
1878,41
1879,41
1880,41
1881,41
1882,41
1883,74
1884,74
1885,41
1886,102
1887,102
1888,32
1889,32
1890,102
1891,32
1892,1
1893,1
1894,1
1895,32
1896,32
1897,32
1898,95
1899,95
1900,95
1901,43
1902,43
1903,43
1904,32
1905,12
1906,12
1907,49
1908,105
1909,49
1910,32
1911,32
1912,89
1913,89
1914,89
1915,56
1916,56
1917,89
1918,89
1919,89
1920,56
1921,89
1922,89
1923,89
1924,56
1925,56
1926,56
1927,89
1928,2
1929,2
1930,56
1931,53
1932,53
1933,29
1934,29
1935,29
1936,29
1937,29
1938,29
1939,56
1940,20
1941,20
1942,56
1943,20
1944,11
1945,5
1946,5
1947,56
1948,22
1949,22
1950,109
1951,109
1952,56
1953,9
1954,9
1955,9
1956,9
1957,73
1958,73
1959,28
1960,28
1961,28
1962,28
1963,28
1964,36
1965,36
1966,56
1967,18
1968,18
1969,18
1970,24
1971,24
1972,24
1973,56
1974,64
1975,64
1976,64
1977,86
1978,86
1979,86
1980,86
1981,86
1982,86
1983,86
1984,86
1985,86
1986,86
1987,86
1988,86
1989,86
1990,64
1991,64
1992,56
1993,29
1994,29
1995,29
1996,29
1997,29
1998,29
1999,29
2000,5
2001,64
2002,64
2003,5
2004,5
2005,64
2006,5
2007,5
2008,5
2009,5
2010,5
2011,64
2012,5
2013,5
2014,5
2015,5
2016,37
2017,37
2018,5
2019,5
2020,5
2021,5
2022,37
2023,5
2024,5
2025,5
2026,5
2027,37
2028,5
2029,5
2030,5
2031,5
2032,5
2033,5
2034,111
2035,5
2036,5
2037,5
2038,111
2039,5
2040,5
2041,111
2042,64
2043,64
2044,111
2045,111
2046,111
2047,111
2048,112
2049,64
2050,111
2051,111
2052,111
2053,111
2054,111
2055,111
2056,111
2057,111
2058,111
2059,111
2060,64
2061,111
2062,111
2063,116
2064,116
2065,111
2066,111
2067,111
2068,111
2069,23
2070,23
2071,23
2072,64
2073,64
2074,23
2075,23
2076,23
2077,64
2078,64
2079,23
2080,23
2081,23
2082,23
2083,23
2084,23
2085,23
2086,23
2087,23
2088,23
2089,23
2090,23
2091,73
2092,73
2093,23
2094,73
2095,73
2096,73
2097,73
2098,73
2099,88
2100,73
2101,73
2102,73
2103,73
2104,73
2105,73
2106,73
2107,88
2108,73
2109,73
2110,73
2111,73
2112,73
2113,73
2114,64
2115,73
2116,73
2117,73
2118,73
2119,88
2120,28
2121,28
2122,28
2123,88
2124,43
2125,43
2126,28
2127,28
2128,88
2129,28
2130,28
2131,88
2132,28
2133,28
2134,28
2135,88
2136,28
2137,28
2138,28
2139,28
2140,88
2141,28
2142,28
2143,28
2144,28
2145,28
2146,37
2147,37
2148,28
2149,28
2150,28
2151,88
2152,28
2153,75
2154,75
2155,75
2156,37
2157,37
2158,75
2159,75
2160,37
2161,49
2162,49
2163,49
2164,49
2165,49
2166,5
2167,5
2168,49
2169,49
2170,11
2171,49
2172,49
2173,49
2174,49
2175,49
2176,49
2177,125
2178,5
2179,49
2180,49
2181,49
2182,49
2183,49
2184,5
2185,49
2186,105
2187,49
2188,105
2189,111
2190,111
2191,111
2192,111
2193,63
2194,5
2195,111
2196,5
2197,5
2198,5
2199,5
2200,5
2201,5
2202,63
2203,63
2204,5
2205,5
2206,5
2207,108
2208,49
2209,24
2210,63
2211,108
2212,108
2213,108
2214,108
2215,108
2216,108
2217,108
2218,108
2219,125
2220,125
2221,24
2222,125
2223,11
2224,11
2225,11
2226,37
2227,91
2228,91
2229,11
2230,11
2231,91
2232,11
2233,11
2234,91
2235,75
2236,11
2237,88
2238,88
2239,88
2240,98
2241,15
2242,88
2243,88
2244,88
2245,88
2246,98
2247,88
2248,88
2249,88
2250,88
2251,88
2252,88
2253,88
2254,88
2255,12
2256,88
2257,88
2258,88
2259,88
2260,12
2261,88
2262,88
2263,88
2264,88
2265,88
2266,88
2267,12
2268,88
2269,88
2270,88
2271,88
2272,31
2273,31
2274,88
2275,88
2276,88
2277,31
2278,88
2279,88
2280,88
2281,88
2282,37
2283,88
2284,88
2285,88
2286,23
2287,5
2288,5
2289,5
2290,5
2291,5
2292,5
2293,5
2294,35
2295,35
2296,5
2297,111
2298,5
2299,111
2300,35
2301,111
2302,111
2303,111
2304,111
2305,111
2306,35
2307,129
2308,129
2309,129
2310,129
2311,17
2312,17
2313,17
2314,95
2315,95
2316,130
2317,130
2318,130
2319,26
2320,26
2321,26
2322,38
2323,38
2324,120
2325,120
2326,120
2327,26
2328,26
2329,25
2330,26
2331,26
2332,26
2333,92
2334,26
2335,92
2336,26
2337,37
2338,37
2339,100
2340,100
2341,26
2342,120
2343,120
2344,26
2345,120
2346,26
2347,26
2348,26
2349,26
2350,114
2351,114
2352,26
2353,26
2354,26
2355,26
2356,26
2357,114
2358,33
2359,62
2360,62
2361,62
2362,33
2363,29
2364,29
2365,29
2366,33
2367,33
2368,3
2369,3
2370,37
2371,33
2372,33
2373,33
2374,62
2375,131
2376,131
2377,94
2378,94
2379,5
2380,131
2381,131
2382,131
2383,131
2384,131
2385,131
2386,131
2387,131
2388,131
2389,131
2390,131
2391,4
2392,4
2393,5
2394,5
2395,5
2396,49
2397,49
2398,37
2399,42
2400,126
2401,49
2402,49
2403,105
2404,105
2405,42
2406,43
2407,61
2408,60
2409,126
2410,61
2411,42
2412,126
2413,61
2414,61
2415,61
2416,61
2417,61
2418,42
2419,61
2420,61
2421,61
2422,61
2423,61
2424,61
2425,61
2426,61
2427,126
2428,2
2429,2
2430,2
2431,2
2432,77
2433,77
2434,81
2435,81
2436,77
2437,81
2438,81
2439,30
2440,30
2441,77
2442,81
2443,30
2444,30
2445,30
2446,30
2447,77
2448,88
2449,88
2450,88
2451,88
2452,77
2453,88
2454,88
2455,88
2456,56
2457,56
2458,115
2459,115
2460,56
2461,79
2462,79
2463,80
2464,80
2465,56
2466,56
2467,69
2468,69
2469,69
2470,69
2471,69
2472,56
2473,15
2474,15
2475,17
2476,17
2477,17
2478,46
2479,46
2480,15
2481,46
2482,46
2483,46
2484,46
2485,46
2486,105
2487,105
2488,46
2489,46
2490,96
2491,105
2492,46
2493,46
2494,46
2495,17
2496,46
2497,46
2498,105
2499,105
2500,46
2501,46
2502,46
2503,46
2504,46
2505,46
2506,46
2507,46
2508,46
2509,46
2510,46
2511,43
2512,43
2513,46
2514,46
2515,46
2516,46
2517,46
2518,43
2519,12
2520,46
2521,17
2522,17
2523,17
2524,17
2525,17
2526,17
2527,17
2528,43
2529,53
2530,53
2531,53
2532,43
2533,43
2534,96
2535,43
2536,93
2537,93
2538,93
2539,132
2540,132
2541,132
2542,132
2543,132
2544,91
2545,132
2546,132
2547,12
2548,12
2549,132
2550,91
2551,132
2552,132
2553,132
2554,26
2555,132
2556,132
2557,132
2558,12
2559,132
2560,132
2561,25
2562,26
2563,25
2564,26
2565,25
2566,25
2567,26
2568,25
2569,25
2570,25
2571,25
2572,25
2573,26
2574,25
2575,26
2576,26
2577,120
2578,26
2579,26
2580,78
2581,26
2582,26
2583,26
2584,26
2585,26
2586,26
2587,26
2588,26
2589,78
2590,26
2591,26
2592,12
2593,26
2594,26
2595,26
2596,106
2597,78
2598,91
2599,91
2600,12
2601,12
2602,91
2603,91
2604,91
2605,91
2606,26
2607,91
2608,26
2609,26
2610,26
2611,26
2612,96
2613,105
2614,105
2615,26
2616,26
2617,26
2618,105
2619,26
2620,26
2621,26
2622,26
2623,105
2624,26
2625,71
2626,71
2627,124
2628,124
2629,133
2630,133
2631,62
2632,62
2633,133
2634,82
2635,133
2636,133
2637,62
2638,42
2639,42
2640,42
2641,62
2642,32
2643,32
2644,62
2645,32
2646,32
2647,62
2648,62
2649,50
2650,50
2651,62
2652,50
2653,50
2654,11
2655,134
2656,134
2657,62
2658,11
2659,62
2660,95
2661,95
2662,57
2663,57
2664,57
2665,57
2666,57
2667,57
2668,57
2669,57
2670,57
2671,57
2672,57
2673,57
2674,57
2675,57
2676,57
2677,57
2678,57
2679,57
2680,57
2681,44
2682,44
2683,44
2684,134
2685,6
2686,6
2687,6
2688,101
2689,101
2690,101
2691,48
2692,48
2693,39
2694,5
2695,5
2696,5
2697,5
2698,62
2699,62
2700,92
2701,62
2702,92
2703,26
2704,119
2705,119
2706,119
2707,49
2708,49
2709,49
2710,105
2711,26
2712,105
2713,105
2714,105
2715,105
2716,105
2717,105
2718,26
2719,62
2720,53
2721,53
2722,53
2723,98
2724,98
2725,98
2726,98
2727,26
2728,26
2729,26
2730,92
2731,92
2732,78
2733,78
2734,78
2735,83
2736,83
2737,74
2738,74
2739,74
2740,74
2741,74
2742,74
2743,74
2744,74
2745,2
2746,2
2747,74
2748,83
2749,74
2750,74
2751,74
2752,74
2753,83
2754,134
2755,47
2756,47
2757,87
2758,87
2759,47
2760,47
2761,47
2762,87
2763,47
2764,91
2765,91
2766,91
2767,91
2768,91
2769,91
2770,92
2771,92
2772,93
2773,92
2774,92
2775,92
2776,92
2777,62
2778,62
2779,92
2780,92
2781,92
2782,93
2783,62
2784,92
2785,92
2786,92
2787,93
2788,92
2789,92
2790,93
2791,93
2792,93
2793,62
2794,93
2795,93
2796,93
2797,49
2798,49
2799,124
2800,62
2801,49
2802,49
2803,49
2804,77
2805,77
2806,124
2807,49
2808,49
2809,49
2810,49
2811,49
2812,49
2813,49
2814,62
2815,49
2816,49
2817,49
2818,73
2819,73
2820,49
2821,49
2822,73
2823,121
2824,121
2825,73
2826,73
2827,121
2828,73
2829,37
2830,37
2831,95
2832,95
2833,37
2834,95
2835,37
2836,17
2837,17
2838,17
2839,17
2840,77
2841,130
2842,130
2843,116
2844,116
2845,130
2846,15
2847,15
2848,121
2849,121
2850,90
2851,90
2852,19
2853,19
2854,65
2855,65
2856,135
2857,135
2858,135
2859,65
2860,65
2861,87
2862,87
2863,4
2864,4
2865,87
2866,87
2867,42
2868,42
2869,42
2870,42
2871,42
2872,42
2873,101
2874,101
2875,101
2876,9
2877,9
2878,101
2879,9
2880,101
2881,101
2882,42
2883,42
2884,42
2885,88
2886,88
2887,101
2888,88
2889,88
2890,88
2891,125
2892,125
2893,101
2894,136
2895,136
2896,4
2897,77
2898,101
2899,119
2900,119
2901,37
2902,37
2903,101
2904,101
2905,37
2906,37
2907,135
2908,66
2909,101
2910,101
2911,66
2912,9
2913,101
2914,34
2915,34
2916,34
2917,112
2918,112
2919,112
2920,5
2921,5
2922,124
2923,124
2924,124
2925,5
2926,71
2927,71
2928,71
2929,71
2930,71
2931,5
2932,137
2933,137
2934,137
2935,137
2936,5
2937,72
2938,72
2939,72
2940,72
2941,43
2942,43
2943,69
2944,69
2945,12
2946,12
2947,69
2948,19
2949,19
2950,132
2951,132
2952,12
2953,116
2954,116
2955,12
2956,35
2957,124
2958,131
2959,124
2960,124
2961,105
2962,105
2963,124
2964,35
2965,35
2966,128
2967,128
2968,105
2969,128
2970,105
2971,112
2972,112
2973,112
2974,82
2975,82
2976,12
2977,138
2978,90
2979,105
2980,105
2981,138
2982,90
2983,90
2984,31
2985,31
2986,87
2987,87
2988,31
2989,19
2990,19
2991,19
2992,19
2993,19
2994,19
2995,31
2996,111
2997,111
2998,111
2999,111
3000,111
3001,111
3002,85
3003,85
3004,111
3005,111
3006,111
3007,111
3008,111
3009,111
3010,111
3011,111
3012,111
3013,77
3014,77
3015,77
3016,77
3017,77
3018,77
3019,105
3020,105
3021,77
3022,24
3023,24
3024,102
3025,102
3026,102
3027,102
3028,105
3029,82
3030,76
3031,76
3032,76
3033,82
3034,82
3035,82
3036,16
3037,16
3038,69
3039,69
3040,32
3041,32
3042,32
3043,99
3044,18
3045,127
3046,127
3047,82
3048,127
3049,127
3050,127
3051,18
3052,127
3053,82
3054,82
3055,20
3056,20
3057,20
3058,112
3059,112
3060,112
3061,112
3062,82
3063,57
3064,47
3065,47
3066,47
3067,47
3068,47
3069,47
3070,47
3071,47
3072,134
3073,134
3074,47
3075,47
3076,47
3077,47
3078,47
3079,47
3080,47
3081,47
3082,47
3083,24
3084,24
3085,47
3086,47
3087,47
3088,47
3089,47
3090,24
3091,47
3092,47
3093,47
3094,47
3095,47
3096,24
3097,57
3098,57
3099,57
3100,57
3101,57
3102,57
3103,57
3104,57
3105,9
3106,9
3107,57
3108,57
3109,9
3110,57
3111,57
3112,57
3113,57
3114,57
3115,57
3116,33
3117,9
3118,134
3119,62
3120,62
3121,96
3122,96
3123,135
3124,135
3125,135
3126,135
3127,135
3128,135
3129,135
3130,62
3131,135
3132,135
3133,135
3134,135
3135,135
3136,135
3137,4
3138,135
3139,17
3140,17
3141,4
3142,18
3143,18
3144,4
3145,83
3146,83
3147,83
3148,116
3149,116
3150,116
3151,73
3152,73
3153,24
3154,24
3155,26
3156,135
3157,135
3158,135
3159,73
3160,135
3161,135
3162,64
3163,64
3164,135
3165,64
3166,64
3167,64
3168,64
3169,64
3170,64
3171,26
3172,73
3173,73
3174,64
3175,73
3176,64
3177,64
3178,83
3179,83
3180,64
3181,64
3182,64
3183,83
3184,64
3185,64
3186,64
3187,64
3188,64
3189,83
3190,64
3191,64
3192,64
3193,64
3194,64
3195,64
3196,11
3197,11
3198,11
3199,11
3200,11
3201,11
3202,134
3203,137
3204,52
3205,52
3206,95
3207,95
3208,95
3209,128
3210,52
3211,128
3212,128
3213,128
3214,128
3215,106
3216,106
3217,82
3218,82
3219,106
3220,106
3221,82
3222,48
3223,48
3224,48
3225,82
3226,82
3227,82
3228,79
3229,80
3230,24
3231,24
3232,24
3233,42
3234,42
3235,42
3236,58
3237,58
3238,58
3239,75
3240,75
3241,75
3242,73
3243,73
3244,63
3245,45
3246,45
3247,73
3248,99
3249,99
3250,99
3251,99
3252,45
3253,130
3254,130
3255,130
3256,130
3257,45
3258,45
3259,80
3260,80
3261,80
3262,54
3263,54
3264,54
3265,1
3266,1
3267,1
3268,104
3269,104
3270,104
3271,54
3272,5
3273,47
3274,63
3275,63
3276,52
3277,52
3278,52
3279,65
3280,65
3281,65
3282,74
3283,74
3284,74
3285,74
3286,74
3287,63
3288,74
3289,74
3290,74
3291,24
3292,136
3293,74
3294,74
3295,74
3296,74
3297,11
3298,41
3299,74
3300,41
3301,41
3302,41
3303,11
3304,41
3305,41
3306,17
3307,17
3308,17
3309,17
3310,17
3311,18
3312,4
3313,4
3314,4
3315,43
3316,43
3317,43
3318,5
3319,4
3320,27
3321,27
3322,27
3323,27
3324,73
3325,73
3326,27
3327,25
3328,25
3329,25
3330,73
3331,73
3332,48
3333,48
3334,104
3335,104
3336,33
3337,135
3338,135
3339,135
3340,73
3341,73
3342,135
3343,135
3344,86
3345,86
3346,73
3347,73
3348,73
3349,86
3350,86
3351,86
3352,102
3353,102
3354,73
3355,73
3356,102
3357,102
3358,111
3359,111
3360,20
3361,5
3362,73
3363,70
3364,70
3365,20
3366,103
3367,103
3368,52
3369,52
3370,104
3371,99
3372,99
3373,99
3374,110
3375,110
3376,56
3377,56
3378,110
3379,110
3380,110
3381,56
3382,110
3383,110
3384,81
3385,81
3386,56
3387,81
3388,81
3389,81
3390,12
3391,12
3392,78
3393,78
3394,78
3395,101
3396,101
3397,64
3398,64
3399,64
3400,12
3401,12
3402,75
3403,75
3404,91
3405,91
3406,101
3407,101
3408,5
3409,5
3410,5
3411,91
3412,62
3413,62
3414,131
3415,131
3416,91
3417,131
3418,131
3419,131
3420,131
3421,9
3422,9
3423,131
3424,131
3425,131
3426,131
3427,4
3428,4
3429,91
3430,24
3431,24
3432,24
3433,24
3434,91
3435,91
3436,40
3437,40
3438,40
3439,40
3440,40
3441,40
3442,91
3443,40
3444,40
3445,101
3446,101
3447,101
3448,101
3449,25
3450,25
3451,25
3452,103
3453,103
3454,96
3455,64
3456,64
3457,110
3458,110
3459,110
3460,140
3461,140
3462,140
3463,95
3464,95
3465,95
3466,48
3467,48
3468,64
3469,64
3470,41
3471,74
3472,24
3473,41
3474,74
3475,41
3476,41
3477,41
3478,41
3479,99
3480,99
3481,66
3482,99
3483,64
3484,99
3485,99
3486,99
3487,64
3488,64
3489,64
3490,64
3491,64
3492,64
3493,64
3494,64
3495,87
3496,33
3497,33
3498,33
3499,47
3500,47
3501,59
3502,59
3503,47
3504,129
3505,99
3506,99
3507,99
3508,47
3509,126
3510,126
3511,126
3512,47
3513,47
3514,86
3515,86
3516,63
3517,63
3518,86
3519,86
3520,45
3521,45
3522,63
3523,45
3524,1
3525,1
3526,24
3527,14
3528,14
3529,2
3530,2
3531,53
3532,53
3533,14
3534,14
3535,13
3536,14
3537,118
3538,118
3539,13
3540,28
3541,95
3542,69
3543,69
3544,14
3545,69
3546,69
3547,69
3548,69
3549,69
3550,14
3551,14
3552,14
3553,80
3554,80
3555,80
3556,80
3557,80
3558,80
3559,102
3560,102
3561,59
3562,14
3563,50
3564,50
3565,50
3566,3
3567,3
3568,34
3569,34
3570,34
3571,24
3572,24
3573,24
3574,24
3575,24
3576,24
3577,24
3578,25
3579,25
3580,24
3581,34
3582,34
3583,89
3584,89
3585,25
3586,34
3587,34
3588,34
3589,98
3590,98
3591,34
3592,34
3593,34
3594,34
3595,34
3596,34
3597,67
3598,34
3599,34
3600,34
3601,34
3602,36
3603,36
3604,98
3605,98
3606,98
3607,71
3608,71
3609,98
3610,71
3611,71
3612,69
3613,69
3614,69
3615,69
3616,16
3617,16
3618,16
3619,98
3620,38
3621,16
3622,89
3623,38
3624,77
3625,77
3626,77
3627,77
3628,86
3629,86
3630,45
3631,45
3632,85
3633,85
3634,85
3635,85
3636,45
3637,45
3638,48
3639,48
3640,45
3641,48
3642,35
3643,126
3644,126
3645,126
3646,35
3647,126
3648,126
3649,35
3650,126
3651,100
3652,126
3653,42
3654,132
3655,89
3656,100
3657,66
3658,66
3659,66
3660,66
3661,7
3662,7
3663,7
3664,7
3665,87
3666,87
3667,70
3668,70
3669,87
3670,104
3671,104
3672,70
3673,104
3674,104
3675,126
3676,126
3677,126
3678,81
3679,81
3680,5
3681,5
3682,5
3683,5
3684,5
3685,5
3686,5
3687,5
3688,5
3689,5
3690,5
3691,5
3692,5
3693,5
3694,5
3695,5
3696,43
3697,90
3698,90
3699,90
3700,90
3701,90
3702,5
3703,90
3704,90
3705,90
3706,90
3707,90
3708,89
3709,61
3710,61
3711,61
3712,39
3713,39
3714,84
3715,84
3716,39
3717,39
3718,39
3719,42
3720,42
3721,42
3722,130
3723,130
3724,130
3725,130
3726,130
3727,42
3728,130
3729,130
3730,49
3731,49
3732,89
3733,89
3734,89
3735,49
3736,89
3737,89
3738,89
3739,89
3740,89
3741,89
3742,89
3743,89
3744,89
3745,89
3746,89
3747,49
3748,89
3749,89
3750,89
3751,89
3752,89
3753,49
3754,49
3755,89
3756,89
3757,89
3758,49
3759,89
3760,89
3761,34
3762,34
3763,34
3764,34
3765,49
3766,34
3767,34
3768,34
3769,34
3770,56
3771,56
3772,34
3773,34
3774,34
3775,34
3776,136
3777,136
3778,34
3779,34
3780,34
3781,34
3782,34
3783,136
3784,24
3785,24
3786,24
3787,24
3788,24
3789,24
3790,136
3791,89
3792,136
3793,71
3794,71
3795,124
3796,12
3797,12
3798,12
3799,3
3800,3
3801,3
3802,3
3803,12
3804,132
3805,132
3806,12
3807,12
3808,69
3809,69
3810,69
3811,84
3812,84
3813,84
3814,9
3815,9
3816,9
3817,12
3818,62
3819,62
3820,62
3821,62
3822,28
3823,109
3824,109
3825,109
3826,109
3827,109
3828,109
3829,109
3830,62
3831,37
3832,37
3833,37
3834,24
3835,24
3836,24
3837,24
3838,95
3839,95
3840,95
3841,95
3842,95
3843,95
3844,95
3845,95
3846,8
3847,8
3848,95
3849,8
3850,8
3851,95
3852,8
3853,8
3854,37
3855,37
3856,62
3857,62
3858,62
3859,62
3860,62
3861,62
3862,62
3863,62
3864,62
3865,62
3866,56
3867,62
3868,56
3869,37
3870,37
3871,56
3872,56
3873,56
3874,83
3875,83
3876,56
3877,56
3878,56
3879,56
3880,56
3881,83
3882,56
3883,56
3884,56
3885,56
3886,83
3887,56
3888,56
3889,101
3890,76
3891,76
3892,90
3893,90
3894,90
3895,76
3896,8
3897,95
3898,76
3899,89
3900,89
3901,89
3902,105
3903,49
3904,49
3905,89
3906,89
3907,89
3908,49
3909,26
3910,26
3911,62
3912,33
3913,33
3914,33
3915,39
3916,62
3917,39
3918,95
3919,95
3920,24
3921,24
3922,90
3923,90
3924,95
3925,95
3926,95
3927,95
3928,95
3929,95
3930,95
3931,95
3932,90
3933,95
3934,95
3935,95
3936,95
3937,95
3938,95
3939,95
3940,101
3941,109
3942,109
3943,109
3944,109
3945,109
3946,95
3947,141
3948,141
3949,105
3950,64
3951,105
3952,105
3953,105
3954,5
3955,5
3956,105
3957,105
3958,105
3959,105
3960,105
3961,105
3962,105
3963,105
3964,105
3965,105
3966,105
3967,105
3968,105
3969,105
3970,105
3971,105
3972,105
3973,33
3974,105
3975,105
3976,105
3977,105
3978,16
3979,16
3980,33
3981,105
3982,105
3983,105
3984,105
3985,30
3986,105
3987,105
3988,105
3989,105
3990,105
3991,105
3992,105
3993,105
3994,105
3995,105
3996,105
3997,105
3998,105
3999,105
4000,105
4001,105
4002,105
4003,105
4004,105
4005,105
4006,105
4007,105
4008,105
4009,50
4010,105
4011,50
4012,28
4013,28
4014,28
4015,28
4016,28
4017,50
4018,50
4019,50
4020,16
4021,28
4022,142
4023,142
4024,142
4025,142
4026,142
4027,142
4028,103
4029,103
4030,103
4031,52
4032,52
4033,52
4034,90
4035,95
4036,95
4037,95
4038,95
4039,90
4040,90
4041,100
4042,100
4043,100
4044,40
4045,40
4046,40
4047,121
4048,76
4049,76
4050,76
4051,121
4052,121
4053,121
4054,76
4055,40
4056,40
4057,40
4058,76
4059,76
4060,40
4061,40
4062,40
4063,16
4064,16
4065,16
4066,39
4067,39
4068,84
4069,84
4070,112
4071,112
4072,112
4073,112
4074,112
4075,31
4076,31
4077,112
4078,112
4079,112
4080,112
4081,112
4082,112
4083,111
4084,111
4085,111
4086,111
4087,111
4088,111
4089,111
4090,111
4091,111
4092,111
4093,111
4094,29
4095,29
4096,111
4097,111
4098,111
4099,111
4100,29
4101,111
4102,111
4103,16
4104,29
4105,111
4106,111
4107,105
4108,105
4109,111
4110,111
4111,29
4112,111
4113,29
4114,29
4115,29
4116,29
4117,29
4118,29
4119,29
4120,29
4121,105
4122,29
4123,29
4124,29
4125,29
4126,29
4127,29
4128,29
4129,105
4130,29
4131,29
4132,29
4133,62
4134,62
4135,29
4136,29
4137,29
4138,29
4139,29
4140,62
4141,29
4142,29
4143,12
4144,70
4145,70
4146,70
4147,59
4148,59
4149,59
4150,60
4151,60
4152,60
4153,60
4154,121
4155,121
4156,121
4157,59
4158,121
4159,121
4160,121
4161,121
4162,110
4163,110
4164,121
4165,121
4166,121
4167,121
4168,62
4169,62
4170,121
4171,63
4172,63
4173,63
4174,63
4175,63
4176,63
4177,63
4178,63
4179,12
4180,12
4181,12
4182,12
4183,12
4184,12
4185,12
4186,66
4187,66
4188,66
4189,66
4190,74
4191,74
4192,74
4193,74
4194,47
4195,74
4196,9
4197,9
4198,47
4199,47
4200,47
4201,47
4202,87
4203,87
4204,47
4205,47
4206,87
4207,47
4208,47
4209,47
4210,87
4211,47
4212,47
4213,71
4214,71
4215,71
4216,71
4217,71
4218,21
4219,21
4220,71
4221,71
4222,91
4223,91
4224,21
4225,91
4226,91
4227,91
4228,21
4229,122
4230,122
4231,122
4232,33
4233,33
4234,122
4235,122
4236,122
4237,33
4238,106
4239,106
4240,106
4241,82
4242,69
4243,69
4244,69
4245,69
4246,69
4247,69
4248,30
4249,19
4250,19
4251,19
4252,19
4253,19
4254,19
4255,19
4256,19
4257,19
4258,19
4259,110
4260,110
4261,102
4262,102
4263,102
4264,52
4265,52
4266,52
4267,102
4268,52
4269,52
4270,52
4271,52
4272,52
4273,9
4274,9
4275,49
4276,49
4277,49
4278,49
4279,49
4280,49
4281,49
4282,9
4283,49
4284,49
4285,49
4286,49
4287,49
4288,49
4289,49
4290,49
4291,49
4292,49
4293,9
4294,49
4295,49
4296,49
4297,49
4298,34
4299,34
4300,60
4301,107
4302,107
4303,60
4304,140
4305,140
4306,140
4307,140
4308,140
4309,140
4310,60
4311,47
4312,47
4313,124
4314,124
4315,124
4316,60
4317,124
4318,87
4319,87
4320,47
4321,47
4322,47
4323,24
4324,77
4325,77
4326,47
4327,47
4328,77
4329,77
4330,77
4331,129
4332,129
4333,129
4334,129
4335,84
4336,84
4337,84
4338,84
4339,95
4340,95
4341,52
4342,52
4343,49
4344,49
4345,49
4346,49
4347,52
4348,49
4349,49
4350,52
4351,33
4352,33
4353,75
4354,75
4355,75
4356,75
4357,33
4358,75
4359,33
4360,16
4361,16
4362,69
4363,69
4364,33
4365,69
4366,69
4367,109
4368,109
4369,109
4370,45
4371,45
4372,45
4373,33
4374,33
4375,121
4376,121
4377,121
4378,33
4379,62
4380,62
4381,33
4382,33
4383,105
4384,33
4385,33
4386,62
4387,62
4388,62
4389,62
4390,25
4391,25
4392,33
4393,12
4394,12
4395,12
4396,12
4397,12
4398,12
4399,12
4400,12
4401,46
4402,46
4403,12
4404,12
4405,12
4406,12
4407,101
4408,101
4409,12
4410,12
4411,12
4412,12
4413,101
4414,37
4415,143
4416,143
4417,143
4418,143
4419,47
4420,47
4421,47
4422,74
4423,74
4424,74
4425,26
4426,26
4427,26
4428,43
4429,63
4430,43
4431,43
4432,43
4433,43
4434,12
4435,43
4436,43
4437,18
4438,18
4439,18
4440,18
4441,47
4442,47
4443,47
4444,47
4445,47
4446,47
4447,2
4448,2
4449,2
4450,2
4451,31
4452,31
4453,20
4454,20
4455,20
4456,73
4457,20
4458,20
4459,20
4460,45
4461,112
4462,45
4463,45
4464,73
4465,45
4466,45
4467,45
4468,45
4469,45
4470,45
4471,45
4472,45
4473,73
4474,45
4475,45
4476,45
4477,45
4478,45
4479,73
4480,45
4481,45
4482,45
4483,88
4484,45
4485,88
4486,88
4487,45
4488,88
4489,13
4490,13
4491,50
4492,50
4493,45
4494,56
4495,13
4496,76
4497,99
4498,99
4499,99
4500,99
4501,50
4502,50
4503,52
4504,52
4505,57
4506,57
4507,57
4508,74
4509,74
4510,99
4511,99
4512,99
4513,52
4514,73
4515,73
4516,73
4517,73
4518,70
4519,133
4520,133
4521,71
4522,71
4523,71
4524,133
4525,71
4526,71
4527,71
4528,71
4529,112
4530,112
4531,58
4532,58
4533,58
4534,58
4535,58
4536,58
4537,58
4538,58
4539,58
4540,58
4541,44
4542,44
4543,44
4544,44
4545,44
4546,72
4547,72
4548,72
4549,79
4550,79
4551,12
4552,12
4553,28
4554,43
4555,43
4556,43
4557,63
4558,63
4559,63
4560,63
4561,63
4562,63
4563,63
4564,24
4565,70
4566,70
4567,70
4568,70
4569,70
4570,70
4571,70
4572,70
4573,70
4574,70
4575,70
4576,70
4577,70
4578,70
4579,70
4580,70
4581,70
4582,70
4583,29
4584,70
4585,29
4586,29
4587,29
4588,29
4589,29
4590,29
4591,29
4592,29
4593,64
4594,96
4595,96
4596,96
4597,96
4598,96
4599,96
4600,64
4601,9
4602,9
4603,9
4604,9
4605,91
4606,91
4607,91
4608,92
4609,91
4610,92
4611,92
4612,92
4613,92
4614,92
4615,92
4616,92
4617,92
4618,41
4619,41
4620,92
4621,92
4622,92
4623,41
4624,9
4625,9
4626,82
4627,82
4628,38
4629,38
4630,41
4631,38
4632,38
4633,38
4634,38
4635,64
4636,64
4637,4
4638,4
4639,12
4640,12
4641,12
4642,12
4643,12
4644,104
4645,104
4646,104
4647,37
4648,104
4649,104
4650,109
4651,29
4652,29
4653,83
4654,29
4655,18
4656,18
4657,29
4658,18
4659,16
4660,69
4661,90
4662,90
4663,69
4664,65
4665,65
4666,65
4667,90
4668,4
4669,4
4670,9
4671,9
4672,60
4673,60
4674,90
4675,34
4676,90
4677,34
4678,34
4679,34
4680,34
4681,34
4682,34
4683,34
4684,90
4685,34
4686,34
4687,34
4688,34
4689,34
4690,34
4691,34
4692,90
4693,34
4694,34
4695,34
4696,34
4697,34
4698,34
4699,95
4700,95
4701,34
4702,34
4703,34
4704,34
4705,34
4706,90
4707,24
4708,24
4709,24
4710,24
4711,90
4712,24
4713,24
4714,24
4715,24
4716,24
4717,24
4718,24
4719,24
4720,24
4721,24
4722,24
4723,24
4724,24
4725,90
4726,24
4727,24
4728,24
4729,24
4730,24
4731,24
4732,90
4733,24
4734,24
4735,24
4736,24
4737,24
4738,34
4739,34
4740,34
4741,34
4742,24
4743,34
4744,34
4745,34
4746,34
4747,34
4748,34
4749,34
4750,34
4751,34
4752,34
4753,34
4754,34
4755,34
4756,7
4757,7
4758,34
4759,92
4760,92
4761,91
4762,91
4763,91
4764,91
4765,91
4766,91
4767,132
4768,132
4769,93
4770,93
4771,31
4772,31
4773,93
4774,91
4775,24
4776,109
4777,109
4778,109
4779,22
4780,22
4781,109
4782,95
4783,95
4784,95
4785,7
4786,102
4787,95
4788,74
4789,74
4790,74
4791,74
4792,74
4793,74
4794,74
4795,2
4796,4
4797,31
4798,31
4799,82
4800,82
4801,82
4802,82
4803,31
4804,110
4805,110
4806,81
4807,81
4808,31
4809,20
4810,20
4811,20
4812,20
4813,20
4814,20
4815,7
4816,31
4817,31
4818,20
4819,20
4820,20
4821,70
4822,70
4823,20
4824,70
4825,91
4826,91
4827,91
4828,91
4829,70
4830,91
4831,91
4832,82
4833,82
4834,82
4835,119
4836,82
4837,114
4838,114
4839,114
4840,114
4841,72
4842,72
4843,72
4844,116
4845,116
4846,116
4847,116
4848,43
4849,43
4850,122
4851,122
4852,72
4853,72
4854,119
4855,82
4856,122
4857,132
4858,119
4859,48
4860,48
4861,48
4862,48
4863,21
4864,21
4865,109
4866,109
4867,14
4868,14
4869,30
4870,30
4871,30
4872,14
4873,69
4874,69
4875,69
4876,69
4877,69
4878,69
4879,69
4880,69
4881,69
4882,69
4883,69
4884,69
4885,69
4886,30
4887,69
4888,69
4889,69
4890,69
4891,69
4892,14
4893,69
4894,30
4895,69
4896,69
4897,43
4898,14
4899,69
4900,69
4901,69
4902,30
4903,69
4904,66
4905,66
4906,66
4907,66
4908,66
4909,66
4910,66
4911,66
4912,66
4913,66
4914,66
4915,66
4916,66
4917,66
4918,66
4919,14
4920,66
4921,66
4922,66
4923,66
4924,66
4925,66
4926,66
4927,66
4928,67
4929,66
4930,66
4931,66
4932,66
4933,66
4934,66
4935,66
4936,66
4937,67
4938,66
4939,66
4940,96
4941,96
4942,96
4943,96
4944,96
4945,96
4946,96
4947,96
4948,103
4949,103
4950,103
4951,103
4952,103
4953,103
4954,103
4955,103
4956,103
4957,103
4958,82
4959,103
4960,103
4961,103
4962,103
4963,82
4964,103
4965,103
4966,52
4967,52
4968,52
4969,52
4970,52
4971,52
4972,9
4973,9
4974,52
4975,52
4976,52
4977,52
4978,52
4979,52
4980,52
4981,100
4982,100
4983,52
4984,52
4985,52
4986,52
4987,52
4988,52
4989,52
4990,52
4991,52
4992,52
4993,52
4994,100
4995,52
4996,52
4997,52
4998,52
4999,52
5000,52
5001,52
5002,52
5003,52
5004,52
5005,83
5006,83
5007,83
5008,83
5009,83
5010,83
5011,83
5012,106
5013,100
5014,69
5015,30
5016,69
5017,69
5018,69
5019,69
5020,69
5021,69
5022,131
5023,30
5024,66
5025,131
5026,66
5027,66
5028,66
5029,124
5030,66
5031,66
5032,66
5033,66
5034,66
5035,66
5036,66
5037,45
5038,45
5039,66
5040,66
5041,66
5042,66
5043,66
5044,66
5045,66
5046,66
5047,66
5048,66
5049,9
5050,45
5051,66
5052,66
5053,96
5054,96
5055,45
5056,96
5057,96
5058,96
5059,103
5060,103
5061,103
5062,103
5063,103
5064,103
5065,103
5066,45
5067,103
5068,103
5069,103
5070,52
5071,52
5072,52
5073,52
5074,52
5075,47
5076,47
5077,52
5078,52
5079,52
5080,52
5081,47
5082,52
5083,52
5084,52
5085,52
5086,102
5087,102
5088,102
5089,73
5090,102
5091,52
5092,52
5093,52
5094,52
5095,52
5096,83
5097,83
5098,83
5099,83
5100,102
5101,102
5102,83
5103,106
5104,106
5105,9
5106,45
5107,7
5108,8
5109,7
5110,45
5111,106
5112,144
5113,106
5114,33
5115,33
5116,144
5117,98
5118,98
5119,1
5120,1
5121,56
5122,61
5123,56
5124,61
5125,140
5126,140
5127,140
5128,140
5129,140
5130,140
5131,109
5132,109
5133,42
5134,105
5135,105
5136,3
5137,3
5138,33
5139,33
5140,102
5141,102
5142,5
5143,5
5144,5
5145,5
5146,5
5147,95
5148,5
5149,5
5150,112
5151,112
5152,95
5153,99
5154,99
5155,99
5156,99
5157,42
5158,42
5159,65
5160,65
5161,17
5162,17
5163,17
5164,95
5165,126
5166,126
5167,126
5168,18
5169,18
5170,18
5171,95
5172,145
5173,145
5174,93
5175,63
5176,93
5177,93
5178,71
5179,71
5180,71
5181,71
5182,71
5183,76
5184,76
5185,71
5186,71
5187,72
5188,71
5189,140
5190,140
5191,140
5192,76
5193,140
5194,140
5195,140
5196,119
5197,119
5198,119
5199,77
5200,76
5201,56
5202,56
5203,56
5204,8
5205,8
5206,27
5207,27
5208,27
5209,35
5210,42
5211,8
5212,36
5213,36
5214,36
5215,8
5216,36
5217,8
5218,8
5219,8
5220,8
5221,8
5222,8
5223,107
5224,107
5225,29
5226,29
5227,29
5228,42
5229,35
5230,35
5231,35
5232,136
5233,24
5234,39
5235,33
5236,39
5237,136
5238,108
5239,108
5240,108
5241,108
5242,93
5243,93
5244,13
5245,13
5246,13
5247,9
5248,53
5249,53
5250,53
5251,53
5252,12
5253,12
5254,15
5255,15
5256,39
5257,39
5258,15
5259,15
5260,15
5261,102
5262,102
5263,39
5264,39
5265,110
5266,110
5267,110
5268,39
5269,123
5270,123
5271,39
5272,123
5273,5
5274,112
5275,99
5276,99
5277,39
5278,99
5279,99
5280,99
5281,99
5282,39
5283,99
5284,99
5285,39
5286,22
5287,22
5288,105
5289,105
5290,22
5291,22
5292,105
5293,2
5294,2
5297,91
5299,91
5300,91
5301,121
5302,121
5303,121
5304,48
5305,83
5306,106
5307,83
5308,62
5309,62
5310,62
5311,62
5312,13
5313,13
5314,62
5315,62
5316,62
5317,62
5318,62
5319,62
5320,131
5321,62
5322,62
5323,62
5324,62
5325,13
5326,62
5327,62
5328,62
5329,62
5330,62
5331,13
5332,13
5333,62
5334,62
5335,62
5336,62
5337,62
5338,62
5339,62
5340,62
5341,62
5342,62
5343,62
5344,62
5345,62
5346,62
5347,83
5348,83
5349,62
5350,4
5351,4
5352,4
5353,4
5354,4
5355,4
5356,4
5357,83
5358,4
5359,4
5360,4
5361,4
5362,4
5363,42
5364,83
5365,4
5366,47
5367,4
5368,2
5369,47
5370,47
5371,47
5372,47
5373,76
5374,47
5375,47
5376,47
5377,47
5378,47
5379,47
5380,47
5381,76
5382,76
5383,47
5384,4
5385,4
5386,4
5387,2
5388,47
5389,76
5390,47
5391,76
5392,42
5393,42
5394,42
5395,42
5396,42
5397,42
5398,42
5399,42
5400,42
5401,42
5402,31
5403,34
5404,34
5405,17
5406,17
5407,18
5408,17
5409,17
5410,34
5411,18
5412,18
5413,18
5414,18
5415,34
5416,34
5417,18
5418,18
5419,18
5420,105
5421,105
5422,18
5423,18
5424,47
5425,47
5426,110
5427,110
5428,110
5429,110
5430,105
5431,95
5432,95
5433,105
5434,95
5435,105
5436,24
5437,24
5438,130
5439,130
5440,130
5441,24
5442,24
5443,132
5444,132
5445,132
5446,132
5447,132
5448,132
5449,26
5450,26
5451,132
5452,132
5453,132
5454,62
5455,26
5456,26
5457,26
5458,26
5459,72
5460,72
5461,72
5462,72
5463,26
5464,72
5465,72
5466,37
5467,37
5468,35
5469,37
5470,33
5471,33
5472,25
5473,25
5474,37
5475,25
5476,52
5477,52
5478,52
5479,56
5480,56
5481,56
5482,73
5483,15
5484,15
5485,15
5486,15
5487,15
5488,73
5489,31
5490,31
5491,20
5492,20
5493,20
5494,31
5495,31
5496,31
5497,70
5498,70
5499,12
5500,63
5501,9
5502,9
5503,35
5504,9
5505,89
5506,89
5507,89
5508,89
5509,89
5510,9
5511,9
5512,27
5513,27
5514,27
5515,9
5516,27
5517,27
5518,9
5519,33
5520,33
5521,9
5522,33
5523,33
5524,57
5525,57
5526,67
5527,67
5528,67
5529,26
5530,27
5531,27
5532,76
5533,76
5534,144
5535,144
5536,144
5537,45
5538,45
5539,45
5540,45
5541,45
5542,76
5543,45
5544,45
5545,33
5546,33
5547,33
5548,33
5549,33
5550,67
5551,33
5552,17
5553,17
5554,17
5555,17
5556,14
5557,67
5558,46
5559,46
5560,46
5561,41
5562,41
5563,46
5564,46
5565,46
5566,46
5567,3
5568,3
5569,3
5570,41
5571,3
5572,3
5573,3
5574,3
5575,3
5576,41
5577,50
5578,3
5579,3
5580,3
5581,3
5582,95
5583,50
5584,3
5585,3
5586,50
5587,3
5588,3
5589,95
5590,3
5591,105
5592,3
5593,3
5594,105
5595,105
5596,125
5597,108
5598,105
5599,105
5600,105
5601,105
5602,105
5603,105
5604,87
5605,87
5606,35
5607,62
5608,62
5609,87
5610,87
5611,87
5612,87
5613,87
5614,62
5615,87
5616,50
5617,50
5618,50
5619,50
5620,50
5621,62
5622,62
5623,50
5624,50
5625,62
5626,50
5627,50
5628,50
5629,50
5630,9
5631,9
5632,50
5633,50
5634,105
5635,105
5636,105
5637,9
5638,87
5639,87
5640,87
5641,78
5642,78
5643,9
5644,78
5645,78
5646,73
5647,103
5648,21
5649,21
5650,21
5651,5
5652,5
5653,109
5654,109
5655,70
5656,70
5657,70
5658,109
5659,109
5660,110
5661,110
5662,106
5663,106
5664,106
5665,106
5666,109
5667,109
5668,109
5669,17
5670,17
5671,24
5672,24
5673,24
5674,17
5675,98
5676,98
5677,98
5678,17
5679,17
5680,4
5681,121
5682,121
5683,121
5684,121
5685,4
5686,121
5687,5
5688,4
5689,121
5690,121
5691,121
5692,121
5693,4
5694,124
5695,124
5696,124
5697,124
5698,124
5699,71
5700,71
5701,98
5702,98
5703,98
5704,98
5705,98
5706,98
5707,98
5708,33
5709,22
5710,22
5711,140
5712,140
5713,81
5714,81
5715,110
5716,110
5717,83
5718,83
5719,109
5720,109
5721,83
5722,5
5723,83
5724,18
5725,18
5726,15
5727,18
5728,18
5729,18
5730,18
5731,18
5732,18
5733,137
5734,18
5735,18
5736,18
5737,67
5738,67
5739,18
5740,18
5741,67
5742,17
5743,17
5744,17
5745,17
5746,130
5747,42
5748,64
5749,6
5750,64
5751,127
5752,127
5753,127
5754,64
5755,103
5756,103
5757,19
5758,19
5759,19
5760,101
5761,101
5762,19
5763,19
5764,15
5765,15
5766,15
5767,15
5768,15
5769,15
5770,15
5771,15
5772,15
5773,15
5774,101
5775,15
5776,110
5777,110
5778,15
5779,110
5780,110
5781,15
5782,15
5783,15
5784,15
5785,15
5786,105
5787,105
5788,105
5789,105
5790,105
5791,105
5792,105
5793,105
5794,105
5795,105
5796,101
5797,105
5798,15
5799,15
5800,15
5801,15
5802,15
5803,69
5804,69
5805,69
5806,30
5807,30
5808,30
5809,30
5810,30
5811,19
5812,19
5813,15
5814,15
5815,15
5816,15
5817,15
5818,15
5819,15
5820,15
5821,15
5822,110
5823,110
5824,105
5825,105
5826,105
5827,105
5828,105
5829,105
5830,105
5831,105
5832,105
5833,105
5834,105
5835,105
5836,105
5837,105
5838,105
5839,105
5840,98
5841,98
5842,98
5843,98
5844,98
5845,67
5846,67
5847,67
5848,67
5849,67
5850,67
5851,49
5852,49
5853,49
5854,49
5855,125
5856,105
5857,102
5858,102
5859,105
5860,105
5861,105
5862,116
5863,116
5864,116
5865,25
5866,116
5867,116
5868,116
5869,116
5870,116
5871,116
5872,116
5873,45
5874,45
5875,45
5876,45
5877,45
5878,16
5879,16
5880,16
5881,16
5882,16
5883,16
5884,38
5885,38
5886,38
5887,38
5888,46
5889,17
5890,46
5891,46
5892,9
5893,9
5894,26
5895,26
5896,130
5897,128
5898,128
5899,128
5900,5
5901,128
5902,71
5903,71
5904,122
5905,122
5906,122
5907,24
5908,24
5909,78
5910,78
5911,78
5912,42
5913,9
5914,9
5915,9
5916,24
5917,24
5918,9
5919,9
5920,128
5921,128
5922,111
5923,111
5924,111
5925,128
5926,41
5927,41
5928,41
5929,32
5930,128
5931,99
5932,99
5933,99
5934,99
5935,54
5936,54
5937,122
5938,122
5939,122
5940,54
5941,122
5942,122
5943,122
5944,71
5945,71
5946,71
5947,54
5948,71
5949,71
5950,72
5951,71
5952,54
5953,13
5954,13
5955,13
5956,13
5957,13
5958,13
5959,13
5960,13
5961,13
5962,13
5963,13
5964,13
5965,13
5966,13
5967,54
5968,13
5969,13
5970,13
5971,54
5972,13
5973,24
5974,24
5975,131
5976,54
5977,131
5978,131
5979,131
5980,131
5981,79
5982,131
5983,79
5984,79
5985,79
5986,79
5987,79
5988,79
5989,56
5990,79
5991,56
5992,79
5993,79
5994,79
5995,79
5996,79
5997,79
5998,79
5999,79
6000,103
6001,79
6002,79
6003,79
6004,79
6005,79
6006,79
6007,103
6008,79
6009,79
6010,79
6011,79
6012,79
6013,79
6014,79
6015,79
6016,79
6017,80
6018,80
6019,80
6020,80
6021,80
6022,80
6023,80
6024,80
6025,80
6026,80
6027,80
6028,80
6029,80
6030,31
6031,80
6032,80
6033,80
6034,80
6035,80
6036,80
6037,80
6038,80
6039,80
6040,80
6041,24
6042,24
6043,80
6044,24
6045,24
6046,24
6047,31
6048,62
6049,31
6050,62
6051,62
6052,62
6053,62
6054,28
6055,62
6056,62
6057,28
6058,28
6059,62
6060,62
6061,56
6062,56
6063,79
6064,79
6065,79
6066,79
6067,79
6068,79
6069,79
6070,79
6071,79
6072,28
6073,79
6074,79
6075,80
6076,80
6077,28
6078,80
6079,80
6080,80
6081,80
6082,80
6083,80
6084,80
6085,31
6086,80
6087,80
6088,80
6089,70
6090,24
6091,24
6092,24
6093,70
6094,57
6095,57
6096,70
6097,45
6098,45
6099,45
6100,64
6101,64
6102,66
6103,66
6104,66
6105,64
6106,64
6107,18
6108,18
6109,34
6110,34
6111,34
6112,41
6113,145
6114,145
6115,84
6116,84
6117,9
6118,62
6119,62
6120,62
6121,62
6122,41
6123,37
6124,37
6125,41
6126,41
6127,110
6128,110
6129,41
6130,104
6131,104
6132,104
6133,128
6134,128
6135,128
6136,128
6137,128
6138,128
6139,128
6140,41
6141,128
6142,41
6143,41
6144,128
6145,41
6146,103
6147,103
6148,13
6149,13
6150,13
6151,41
6152,41
6153,13
6154,13
6155,14
6156,14
6157,41
6158,41
6159,41
6160,93
6161,121
6162,93
6163,121
6164,121
6165,121
6166,121
6167,57
6168,57
6169,57
6170,93
6171,93
6172,93
6173,40
6174,40
6175,39
6176,39
6177,39
6178,84
6179,84
6180,9
6181,22
6182,22
6183,22
6184,22
6185,93
6186,93
6187,22
6188,22
6189,92
6190,92
6191,121
6192,121
6193,121
6194,121
6195,93
6196,121
6197,121
6198,121
6199,121
6200,121
6201,9
6202,121
6203,121
6204,121
6205,93
6206,47
6207,47
6208,47
6209,47
6210,47
6211,146
6212,146
6213,146
6214,146
6215,2
6216,2
6217,93
6218,2
6219,2
6220,2
6221,2
6222,9
6223,123
6224,123
6225,93
6226,123
6227,15
6228,15
6229,15
6230,15
6231,15
6232,15
6233,15
6234,15
6235,15
6236,15
6237,15
6238,15
6239,98
6240,98
6241,1
6242,98
6243,15
6244,1
6245,1
6246,1
6247,1
6248,1
6249,15
6250,1
6251,1
6252,1
6253,1
6254,16
6255,93
6256,1
6257,16
6258,16
6259,16
6260,16
6261,16
6262,16
6263,89
6264,89
6265,16
6266,16
6267,16
6268,69
6269,16
6270,69
6271,69
6272,69
6273,69
6274,69
6275,30
6276,30
6277,30
6278,30
6279,30
6280,30
6281,30
6282,30
6283,30
6284,30
6285,30
6286,30
6287,30
6288,30
6289,30
6290,30
6291,86
6292,86
6293,93
6294,86
6295,86
6296,86
6297,86
6298,86
6299,85
6300,86
6301,85
6302,85
6303,85
6304,85
6305,85
6306,85
6307,64
6308,64
6309,105
6310,49
6311,49
6312,49
6313,49
6314,49
6315,49
6316,93
6317,49
6318,49
6319,49
6320,49
6321,49
6322,49
6323,49
6324,125
6325,125
6326,87
6327,87
6328,87
6329,87
6330,87
6331,87
6332,87
6333,87
6334,87
6335,87
6336,87
6337,87
6338,93
6339,87
6340,87
6341,87
6342,15
6343,15
6344,15
6345,15
6346,15
6347,15
6348,15
6349,15
6350,15
6351,15
6352,15
6353,15
6354,15
6355,15
6356,15
6357,93
6358,16
6359,16
6360,16
6361,16
6362,16
6363,16
6364,16
6365,16
6366,69
6367,93
6368,69
6369,69
6370,69
6371,69
6372,69
6373,30
6374,30
6375,30
6376,30
6377,30
6378,30
6379,30
6380,30
6381,30
6382,30
6383,30
6384,30
6385,86
6386,30
6387,86
6388,86
6389,86
6390,93
6391,86
6392,86
6393,86
6394,62
6395,93
6396,85
6397,85
6398,85
6399,85
6400,105
6401,62
6402,105
6403,49
6404,105
6405,49
6406,49
6407,49
6408,49
6409,49
6410,49
6411,49
6412,125
6413,125
6414,125
6415,125
6416,125
6417,125
6418,87
6419,87
6420,87
6421,87
6422,62
6423,87
6424,87
6425,87
6426,87
6427,62
6428,91
6429,102
6430,82
6431,24
6432,24
6433,62
6434,62
6435,62
6436,62
6437,91
6438,126
6439,91
6440,91
6441,91
6442,91
6443,91
6444,91
6445,62
6446,91
6447,91
6448,92
6449,92
6450,92
6451,92
6452,92
6453,92
6454,62
6455,92
6456,52
6457,52
6458,52
6459,52
6460,52
6461,52
6462,52
6463,52
6464,52
6465,52
6466,24
6467,62
6468,62
6469,44
6470,44
6471,62
6472,99
6473,99
6474,99
6475,17
6476,17
6477,17
6478,17
6479,17
6480,17
6481,17
6482,62
6483,17
6484,62
6485,22
6486,22
6487,62
6488,124
6489,24
6490,62
6491,62
6492,48
6493,48
6494,48
6495,145
6496,84
6497,136
6498,136
6499,109
6500,109
6501,109
6502,62
6503,57
6504,57
6505,57
6506,57
6507,138
6508,138
6509,138
6510,119
6511,119
6512,119
6513,119
6514,119
6515,94
6516,94
6517,94
6518,94
6519,94
6520,94
6521,62
6522,63
6523,94
6524,63
6525,62
6526,2
6527,2
6528,124
6529,42
6530,126
6531,31
6532,31
6533,31
6534,31
6535,112
6536,112
6537,112
6538,112
6539,112
6540,112
6541,112
6542,112
6543,112
6544,112
6545,112
6546,112
6547,112
6548,112
6549,112
6550,112
6551,112
6552,90
6553,90
6554,118
6555,118
6556,62
6557,4
6558,24
6559,24
6560,24
6561,24
6562,24
6563,24
6564,4
6565,24
6566,136
6567,136
6568,136
6569,136
6570,124
6571,136
6572,136
6573,136
6574,136
6575,136
6576,136
6577,136
6578,136
6579,136
6580,136
6581,136
6582,136
6583,90
6584,90
6585,24
6586,24
6587,24
6588,24
6589,24
6590,24
6591,51
6592,51
6593,51
6594,51
6595,51
6596,51
6597,51
6598,51
6599,51
6600,51
6601,51
6602,56
6603,56
6604,56
6605,56
6606,37
6607,111
6608,111
6609,71
6610,71
6611,67
6612,37
6613,37
6614,16
6615,16
6616,69
6617,69
6618,69
6619,69
6620,61
6621,61
6622,38
6623,38
6624,38
6625,38
6626,38
6627,61
6628,38
6629,38
6630,38
6631,38
6632,38
6633,38
6634,38
6635,38
6636,61
6637,107
6638,38
6639,107
6640,107
6641,107
6642,107
6643,107
6644,107
6645,107
6646,107
6647,35
6648,107
6649,107
6650,107
6651,120
6652,120
6653,120
6654,120
6655,89
6656,89
6657,120
6658,120
6659,120
6660,78
6661,120
6662,78
6663,78
6664,78
6665,120
6666,78
6667,78
6668,78
6669,78
6670,89
6671,78
6672,78
6673,106
6674,106
6675,106
6676,134
6677,134
6678,106
6679,106
6680,106
6681,106
6682,106
6683,134
6684,106
6685,106
6686,106
6687,106
6688,106
6689,106
6690,106
6691,33
6692,106
6693,106
6694,106
6695,106
6696,106
6697,38
6698,38
6699,43
6700,43
6701,43
6702,38
6703,43
6704,108
6705,108
6706,38
6707,71
6708,71
6709,71
6710,71
6711,82
6712,82
6713,82
6714,37
6715,37
6716,82
6717,85
6718,85
6719,38
6720,38
6721,81
6722,81
6723,81
6724,81
6725,118
6726,118
6727,105
6728,118
6729,118
6730,105
6731,118
6732,48
6733,48
6734,48
6735,36
6736,37
6737,101
6738,101
6739,24
6740,24
6741,24
6742,145
6743,145
6744,145
6745,145
6746,145
6747,145
6748,113
6749,145
6750,95
6751,95
6752,145
6753,145
6754,113
6755,145
6756,104
6757,104
6758,104
6759,104
6760,104
6761,104
6762,104
6763,109
6764,48
6765,48
6766,48
6767,48
6768,48
6769,48
6770,48
6771,48
6772,140
6773,48
6774,48
6775,48
6776,48
6777,48
6778,48
6779,48
6780,48
6781,48
6782,48
6783,140
6784,48
6785,48
6786,48
6787,48
6788,48
6789,48
6790,48
6791,48
6792,143
6793,143
6794,37
6795,143
6796,143
6797,143
6798,143
6799,143
6800,143
6801,143
6802,143
6803,105
6804,143
6805,61
6806,143
6807,101
6808,61
6809,61
6810,61
6811,61
6812,61
6813,61
6814,4
6815,61
6816,61
6817,61
6818,61
6819,61
6820,61
6821,61
6822,143
6823,143
6824,143
6825,143
6826,143
6827,143
6828,4
6829,143
6830,143
6831,143
6832,143
6833,140
6834,140
6835,140
6836,140
6837,140
6838,140
6839,140
6840,140
6841,140
6842,140
6843,140
6844,140
6845,140
6846,140
6847,140
6848,140
6849,140
6850,140
6851,140
6852,140
6853,67
6854,140
6855,140
6856,140
6857,37
6858,67
6859,140
6860,140
6861,140
6862,109
6863,109
6864,109
6865,14
6866,109
6867,109
6868,113
6869,113
6870,113
6871,14
6872,113
6873,113
6874,113
6875,145
6876,84
6877,84
6878,145
6879,14
6880,71
6881,71
6882,71
6883,18
6884,18
6885,71
6886,71
6887,71
6888,18
6889,18
6890,105
6891,40
6892,40
6893,4
6894,4
6895,48
6896,48
6897,48
6898,48
6899,37
6900,37
6901,92
6902,92
6903,48
6904,48
6905,92
6906,52
6907,52
6908,52
6909,52
6910,52
6911,52
6912,52
6913,52
6914,52
6915,52
6916,41
6917,41
6918,52
6919,52
6920,52
6921,52
6922,52
6923,128
6924,52
6925,128
6926,128
6927,41
6928,41
6929,128
6930,128
6931,128
6932,128
6933,103
6934,103
6935,103
6936,103
6937,103
6938,103
6939,103
6940,52
6941,52
6942,81
6943,44
6944,52
6945,52
6946,52
6947,52
6948,52
6949,52
6950,81
6951,52
6952,52
6953,52
6954,52
6955,76
6956,76
6957,76
6958,76
6959,76
6960,76
6961,76
6962,76
6963,76
6964,76
6965,76
6966,76
6967,83
6968,83
6969,83
6970,83
6971,83
6972,83
6973,83
6974,44
6975,83
6976,83
6977,83
6978,83
6979,83
6980,83
6981,78
6982,78
6983,73
6984,78
6985,78
6986,78
6987,128
6988,52
6989,128
6990,73
6991,52
6992,103
6993,103
6994,103
6995,103
6996,103
6997,124
6998,31
6999,31
7000,31
7001,31
7002,9
7003,9
7004,92
7005,43
7006,9
7007,9
7008,92
7009,90
7010,90
7011,106
7012,106
7013,106
7014,37
7015,37
7016,63
7017,63
7018,14
7019,14
7020,14
7021,76
7022,76
7023,76
7024,56
7025,56
7026,56
7027,76
7028,82
7029,82
7030,82
7031,8
7032,8
7033,7
7034,63
7035,63
7036,9
7037,9
7038,9
7039,77
7040,77
7041,54
7042,54
7043,9
7044,9
7045,120
7046,120
7047,136
7048,136
7049,136
7050,34
7051,34
7052,34
7053,34
7054,34
7055,34
7056,34
7057,136
7058,44
7059,44
7060,136
7061,34
7062,34
7063,34
7064,11
7065,11
7066,11
7067,95
7068,11
7069,11
7070,95
7071,11
7072,11
7073,41
7074,41
7075,41
7076,12
7077,12
7078,12
7079,41
7080,12
7081,35
7082,35
7083,35
7084,35
7085,41
7086,35
7087,35
7088,35
7089,35
7090,35
7091,35
7092,35
7093,105
7094,105
7095,105
7096,105
7097,105
7098,105
7099,105
7100,105
7101,105
7102,105
7103,105
7104,105
7105,105
7106,67
7107,82
7108,105
7109,105
7110,105
7111,105
7112,105
7113,82
7114,82
7115,50
7116,50
7117,50
7118,50
7119,50
7120,50
7121,50
7122,50
7123,50
7124,79
7125,79
7126,79
7127,30
7128,19
7129,19
7130,83
7131,83
7132,83
7133,42
7134,42
7135,42
7136,42
7137,42
7138,83
7139,42
7140,42
7141,12
7142,12
7143,24
7144,42
7145,42
7146,42
7147,42
7148,42
7149,126
7150,42
7151,126
7152,126
7153,126
7154,126
7155,126
7156,126
7157,126
7158,126
7159,96
7160,96
7161,126
7162,126
7163,126
7164,110
7165,110
7166,110
7167,110
7168,110
7169,110
7170,110
7171,110
7172,110
7173,35
7174,81
7175,81
7176,64
7177,64
7178,62
7179,24
7180,24
7181,24
7182,62
7183,118
7184,118
7185,118
7186,118
7187,60
7188,46
7189,46
7190,9
7191,46
7192,46
7193,12
7194,81
7195,81
7196,81
7197,81
7198,30
7199,30
7200,102
7201,129
7202,129
7203,30
7204,30
7205,58
7206,58
7207,58
7208,58
7209,126
7210,126
7211,126
7212,126
7213,126
7214,126
7215,126
7216,42
7217,126
7218,30
7219,126
7220,126
7221,81
7222,126
7223,30
7224,44
7225,81
7226,81
7227,81
7228,81
7229,81
7230,30
7231,81
7232,81
7233,81
7234,81
7235,19
7236,44
7237,81
7238,81
7239,81
7240,81
7241,81
7242,30
7243,102
7244,102
7245,102
7246,102
7247,102
7248,102
7249,129
7250,44
7251,81
7252,44
7253,44
7254,30
7255,15
7256,129
7257,44
7258,44
7259,44
7260,44
7261,44
7262,19
7263,19
7264,44
7265,44
7266,44
7267,42
7268,44
7269,42
7270,41
7271,41
7272,42
7273,129
7274,126
7275,129
7276,15
7277,126
7278,129
7279,102
7280,5
7281,5
7282,5
7283,5
7284,89
7285,5
7286,82
7287,34
7288,34
7289,34
7290,34
7291,34
7292,82
7293,34
7294,70
7295,95
7296,50
7297,23
7298,45
7299,95
7300,95
7301,88
7302,88
7303,147
7304,147
7305,76
7306,13
7307,147
7308,76
7309,116
7310,116
7311,116
7312,13
7313,6
7314,6
7315,6
7316,119
7317,119
7318,119
7319,116
7320,85
7321,85
7322,85
7323,6
7324,85
7325,85
7326,105
7327,65
7328,65
7329,140
7330,140
7331,140
7332,140
7333,21
7334,21
7335,65
7336,12
7337,12
7338,35
7339,35
7340,35
7341,35
7342,35
7343,35
7344,12
7345,12
7346,12
7347,82
7348,82
7349,6
7350,6
7351,6
7352,6
7353,62
7354,21
7355,46
7356,50
7357,82
7358,82
7359,77
7360,77
7361,77
7362,132
7363,132
7364,132
7365,132
7366,132
7367,132
7368,132
7369,132
7370,132
7371,132
7372,132
7373,132
7374,132
7375,72
7376,72
7377,72
7378,72
7379,72
7380,66
7381,72
7382,72
7383,72
7384,72
7385,72
7386,72
7387,72
7388,72
7389,72
7390,21
7391,90
7392,90
7393,72
7394,72
7395,72
7396,132
7397,132
7398,132
7399,132
7400,132
7401,132
7402,90
7403,33
7404,21
7405,21
7406,109
7407,109
7408,33
7409,90
7410,90
7411,19
7412,19
7413,19
7414,99
7415,99
7416,99
7417,99
7418,99
7419,99
7420,99
7421,99
7422,99
7423,15
7424,99
7425,99
7426,99
7427,21
7428,1
7429,1
7430,1
7431,1
7432,34
7433,34
7434,1
7435,1
7436,103
7437,103
7438,1
7439,103
7440,73
7441,73
7442,73
7443,5
7444,5
7445,5
7446,73
7447,5
7448,5
7449,5
7450,34
7451,34
7452,73
7453,73
7454,34
7455,34
7456,34
7457,34
7458,34
7459,34
7460,34
7461,21
7462,73
7463,34
7464,89
7465,34
7466,89
7467,5
7468,29
7469,29
7470,73
7471,29
7472,29
7473,29
7474,73
7475,34
7476,34
7477,34
7478,89
7479,34
7480,34
7481,34
7482,73
7483,73
7484,34
7485,34
7486,34
7487,34
7488,34
7489,73
7490,34
7491,34
7492,17
7493,17
7494,17
7495,17
7496,17
7497,17
7498,17
7499,63
7500,63
7501,142
7502,142
7503,21
7504,88
7505,88
7506,132
7507,132
7508,132
7509,6
7510,6
7511,6
7512,8
7513,8
7514,12
7515,12
7516,35
7517,35
7518,35
7519,39
7520,39
7521,39
7522,33
7523,33
7524,7
7525,7
7526,7
7527,21
7528,60
7529,60
7530,105
7531,81
7532,105
7533,105
7534,105
7535,105
7536,116
7537,116
7538,116
7539,11
7540,50
7541,22
7542,22
7543,11
7544,29
7545,29
7546,29
7547,41
7548,41
7549,35
7550,35
7551,41
7552,9
7553,21
7554,41
7555,37
7556,37
7557,24
7558,24
7559,37
7560,24
7561,24
7562,64
7563,64
7564,36
7565,36
7566,36
7567,64
7568,64
7569,64
7570,23
7571,23
7572,9
7573,23
7574,23
7575,23
7576,23
7577,33
7578,39
7579,90
7580,33
7581,33
7582,39
7583,39
7584,39
7585,39
7586,83
7587,6
7588,6
7589,6
7590,6
7591,83
7592,83
7593,83
7594,83
7595,83
7596,83
7597,91
7598,91
7599,91
7600,21
7601,83
7602,91
7603,91
7604,91
7605,13
7606,13
7607,91
7608,91
7609,91
7610,13
7611,91
7612,91
7613,91
7614,91
7615,91
7616,91
7617,13
7618,91
7619,132
7620,132
7621,132
7622,132
7623,132
7624,132
7625,132
7626,132
7627,132
7628,132
7629,25
7630,25
7631,25
7632,25
7633,25
7634,25
7635,37
7636,37
7637,25
7638,25
7639,25
7640,137
7641,137
7642,137
7643,137
7644,137
7645,38
7646,37
7647,38
7648,38
7649,38
7650,38
7651,43
7652,43
7653,38
7654,38
7655,38
7656,38
7657,82
7658,38
7659,38
7660,38
7661,43
7662,38
7663,38
7664,38
7665,38
7666,82
7667,82
7668,82
7669,82
7670,21
7671,49
7672,49
7673,82
7674,82
7675,49
7676,82
7677,82
7678,82
7679,137
7680,25
7681,25
7682,132
7683,132
7684,49
7685,132
7686,132
7687,132
7688,132
7689,132
7690,132
7691,132
7692,132
7693,91
7694,91
7695,91
7696,91
7697,91
7698,91
7699,91
7700,91
7701,63
7702,91
7703,91
7704,91
7705,91
7706,63
7707,91
7708,91
7709,63
7710,91
7711,91
7712,91
7713,91
7714,21
7715,33
7716,63
7717,91
7718,62
7719,33
7720,5
7721,4
7722,18
7723,18
7724,119
7725,119
7726,72
7727,116
7728,116
7729,116
7730,116
7731,116
7732,45
7733,45
7734,45
7735,124
7736,124
7737,122
7738,122
7739,1
7740,1
7741,16
7742,16
7743,16
7744,16
7745,16
7746,105
7747,105
7748,45
7749,45
7750,45
7751,45
7752,43
7753,27
7754,43
7755,36
7756,36
7757,36
7758,36
7759,36
7760,36
7761,36
7762,36
7763,36
7764,36
7765,36
7766,31
7767,37
7768,35
7769,37
7770,45
7771,37
7772,35
7773,37
7774,35
7775,84
7776,109
7777,45
7778,11
7779,11
7780,11
7781,11
7782,45
7783,31
7784,31
7785,31
7786,42
7787,42
7788,65
7789,65
7790,16
7791,62
7792,1
7793,1
7794,16
7795,16
7796,16
7797,77
7798,77
7799,77
7800,17
7801,17
7802,17
7803,17
7804,46
7805,77
7806,17
7807,52
7808,38
7809,33
7810,33
7811,84
7812,82
7816,45
7817,46
7818,46
7819,46
7820,46
7821,38
7822,38
7823,46
7824,46
7825,46
7826,5
7827,5
7828,46
7829,45
7830,5
7831,5
7832,45
7833,46
7834,46
7835,46
7836,46
7837,52
7838,52
7839,46
7840,11
7841,11
7842,52
7843,50
7844,50
7845,32
7846,32
7847,61
7848,77
7849,77
7850,119
7851,119
7852,84
7853,111
7854,111
7855,119
7856,119
7857,119
7858,111
7859,85
7860,93
7861,93
7862,93
7863,111
7864,3
7865,3
7866,93
7867,93
7868,93
7869,62
7870,62
7871,62
7872,63
7873,63
7874,47
7875,48
7876,48
7877,48
7878,48
7879,48
7880,48
7881,48
7882,5
7883,5
7884,5
7885,47
7886,47
7887,38
7888,38
7889,54
7890,54
7891,105
7892,105
7893,105
7894,105
7895,54
7896,105
7897,105
7898,105
7899,105
7900,110
7901,110
7902,110
7903,30
7904,110
7905,30
7906,30
7907,30
7908,30
7909,30
7910,54
7911,30
7912,30
7913,30
7914,41
7915,30
7916,30
7917,30
7918,30
7919,30
7920,30
7921,110
7922,110
7923,41
7924,41
7925,41
7926,74
7927,74
7928,74
7929,49
7930,41
7931,41
7932,41
7933,41
7934,41
7935,41
7936,41
7937,41
7938,41
7939,41
7940,41
7941,118
7942,17
7943,118
7944,118
7945,77
7946,77
7947,70
7948,70
7949,70
7950,70
7951,70
7952,70
7953,70
7954,70
7955,70
7956,77
7957,70
7958,109
7959,113
7960,113
7961,113
7962,113
7963,134
7964,134
7965,9
7966,9
7967,9
7968,9
7969,143
7970,143
7971,143
7972,143
7973,143
7974,143
7975,143
7976,143
7977,134
7978,140
7979,140
7980,140
7981,140
7982,140
7983,140
7984,140
7985,140
7986,140
7987,140
7988,140
7989,140
7990,140
7991,140
7992,140
7993,140
7994,140
7995,77
7996,77
7997,140
7998,109
7999,140
8000,109
8001,109
8002,109
8003,109
8004,109
8005,8
8006,8
8007,8
8008,8
8009,8
8010,8
8011,8
8012,8
8013,8
8014,8
8015,8
8016,8
8017,43
8018,12
8019,12
8020,12
8021,12
8022,12
8023,12
8024,12
8025,12
8026,12
8027,12
8028,12
8029,12
8030,12
8031,12
8032,12
8033,12
8034,12
8035,12
8036,12
8037,12
8038,12
8039,12
8040,12
8041,12
8042,12
8043,12
8044,47
8045,47
8046,47
8047,47
8048,126
8049,126
8050,47
8051,47
8052,47
8053,47
8054,47
8055,47
8056,47
8057,47
8058,116
8059,116
8060,116
8061,41
8062,16
8063,16
8064,69
8065,69
8066,81
8067,81
8068,81
8069,81
8070,81
8071,71
8072,71
8073,21
8074,21
8075,71
8076,40
8077,40
8078,40
8079,40
8080,40
8081,40
8082,40
8083,126
8084,71
8085,91
8086,91
8087,91
8088,91
8089,66
8090,77
8091,77
8092,77
8093,77
8094,77
8095,66
8096,77
8097,77
8098,123
8099,123
8100,123
8101,31
8102,20
8103,31
8104,126
8105,9
8106,20
8107,20
8108,20
8109,20
8110,20
8111,20
8112,50
8113,50
8114,71
8115,71
8116,50
8117,50
8118,99
8119,99
8120,99
8121,99
8122,71
8123,71
8124,29
8125,29
8126,29
8127,29
8128,5
8129,136
8130,56
8131,56
8132,136
8133,136
8134,73
8135,73
8136,126
8137,7
8138,6
8139,7
8140,50
8141,50
8142,50
8143,50
8144,48
8145,104
8146,83
8147,83
8148,48
8149,57
8150,57
8151,57
8152,57
8153,56
8154,56
8155,83
8156,56
8157,56
8158,56
8159,56
8160,56
8161,56
8162,83
8163,56
8164,56
8165,56
8166,56
8167,56
8168,56
8169,56
8170,56
8171,56
8172,56
8173,56
8174,56
8175,56
8176,56
8177,56
8178,56
8179,56
8180,56
8181,56
8182,56
8183,56
8184,56
8185,56
8186,56
8187,79
8188,79
8189,79
8190,56
8191,56
8192,56
8193,56
8194,56
8195,56
8196,56
8197,56
8198,13
8199,13
8200,56
8201,13
8202,56
8203,56
8204,56
8205,56
8206,38
8207,38
8208,56
8209,56
8210,56
8211,56
8212,56
8213,79
8214,38
8215,79
8216,79
8217,69
8218,69
8219,49
8220,49
8221,49
8222,24
8223,24
8224,24
8225,32
8226,32
8227,66
8228,66
8229,99
8230,99
8231,56
8232,56
8233,91
8234,91
8235,91
8236,100
8237,100
8238,56
8239,88
8240,88
8241,88
8242,88
8243,56
8244,143
8245,101
8246,143
8247,143
8248,89
8249,32
8250,32
8251,32
8252,32
8253,56
8254,56
8255,56
8256,31
8257,31
8258,99
8259,99
8260,99
8261,99
8262,31
8263,2
8264,2
8265,2
8266,2
8267,15
8268,15
8269,57
8270,57
8271,122
8272,14
8273,132
8274,95
8275,95
8276,95
8277,95
8278,14
8279,14
8280,112
8281,33
8282,112
8283,118
8284,118
8285,67
8286,118
8287,96
8288,96
8289,96
8290,96
8291,96
8292,116
8293,116
8294,116
8295,116
8296,116
8297,115
8298,115
8299,115
8300,77
8301,77
8302,77
8303,110
8304,110
8305,110
8306,143
8307,143
8308,143
8309,119
8310,119
8311,44
8312,44
8313,119
8314,119
8315,31
8316,31
8317,141
8318,141
8319,81
8320,81
8321,81
8322,81
8323,66
8324,66
8325,53
8326,53
8327,53
8328,33
8329,33
8330,53
8331,45
8332,45
8333,45
8334,45
8335,33
8336,109
8337,109
8338,109
8339,104
8340,109
8341,109
8342,31
8343,7
8344,109
8345,109
8346,109
8347,109
8348,109
8349,104
8350,39
8351,104
8352,30
8353,30
8354,30
8355,49
8356,49
8357,30
8358,30
8359,30
8360,30
8361,121
8362,121
8363,30
8364,30
8365,30
8366,30
8367,69
8368,69
8369,69
8370,69
8371,31
8372,31
8373,69
8374,69
8375,69
8376,73
8377,73
8378,73
8379,79
8380,79
8381,79
8382,73
8383,108
8384,126
8385,126
8386,108
8387,81
8388,126
8389,81
8390,81
8391,81
8392,108
8393,81
8394,81
8395,81
8396,9
8397,81
8398,81
8399,81
8400,81
8401,12
8402,12
8403,12
8404,12
8405,12
8406,12
8407,33
8408,33
8409,33
8410,97
8411,97
8412,97
8413,37
8414,37
8415,11
8416,11
8417,37
8418,121
8419,121
8420,106
8421,6
8422,6
8423,6
8424,110
8425,110
8426,81
8427,81
8428,83
8429,81
8430,81
8431,81
8432,110
8433,64
8434,64
8435,81
8436,81
8437,31
8438,64
8439,88
8440,88
8441,88
8442,13
8443,13
8444,122
8445,122
8446,2
8447,2
8448,72
8449,72
8450,2
8451,116
8452,116
8453,116
8454,50
8455,50
8456,50
8457,2
8458,2
8459,53
8460,53
8461,53
8462,91
8463,62
8464,43
8465,8
8466,14
8467,36
8468,36
8469,36
8470,31
8471,31
8472,31
8473,31
8474,31
8475,31
8476,31
8477,143
8478,31
8479,143
8480,56
8481,56
8482,56
8483,143
8484,49
8485,12
8486,12
8487,30
8488,30
8489,30
8490,86
8491,41
8492,41
8493,41
8494,41
8495,12
8496,41
8497,41
8498,41
8499,15
8500,105
8501,105
8502,105
8503,105
8504,43
8505,15
8506,15
8507,19
8508,19
8509,118
8510,118
8511,118
8512,118
8513,19
8514,127
8515,47
8516,57
8517,57
8518,64
8519,64
8520,123
8521,123
8522,123
8523,47
8524,47
8525,51
8526,62
8527,51
8528,147
8529,147
8530,147
8531,51
8532,34
8533,21
8534,34
8535,84
8536,84
8537,84
8538,84
8539,47
8540,83
8541,83
8542,51
8543,60
8544,60
8545,47
8546,60
8547,60
8548,93
8549,93
8550,62
8551,47
8552,93
8553,93
8554,99
8555,8
8556,8
8557,99
8558,8
8559,56
8560,56
8561,56
8562,122
8563,72
8564,31
8565,31
8566,31
8567,116
8568,31
8569,116
8570,116
8571,31
8572,116
8573,82
8574,82
8575,72
8576,72
8577,83
8578,82
8579,71
8580,72
8581,63
8582,63
8583,63
8584,63
8585,89
8586,89
8587,89
8588,89
8589,82
8590,63
8591,63
8592,6
8593,63
8594,63
8595,63
8596,63
8597,63
8598,63
8599,63
8600,63
8601,63
8602,63
8603,63
8604,63
8605,63
8606,6
8607,140
8608,140
8609,130
8610,130
8611,130
8612,9
8613,60
8614,4
8615,4
8616,79
8617,79
8618,79
8619,79
8620,79
8621,79
8622,79
8623,40
8624,40
8625,83
8626,83
8627,37
8628,43
8629,40
8630,40
8631,40
8632,37
8633,37
8634,40
8635,40
8636,40
8637,132
8638,116
8639,105
8640,5
8641,105
8642,5
8643,101
8644,101
8645,84
8646,84
8647,84
8648,101
8649,118
8650,118
8651,118
8652,118
8653,101
8654,118
8655,118
8656,118
8657,118
8658,101
8659,118
8660,118
8661,101
8662,101
8663,101
8664,13
8665,13
8666,14
8667,14
8668,14
8669,14
8670,14
8671,32
8672,101
8673,32
8674,13
8675,26
8676,101
8677,18
8678,18
8679,101
8680,18
8681,18
8682,124
8683,124
8684,124
8685,124
8686,124
8687,124
8688,124
8689,124
8690,101
8691,124
8692,124
8693,124
8694,124
8695,41
8696,124
8697,124
8698,124
8699,41
8700,124
8701,124
8702,124
8703,4
8704,124
8705,4
8706,4
8707,4
8708,4
8709,41
8710,74
8711,74
8712,91
8713,91
8714,74
8715,74
8716,74
8717,41
8718,74
8719,74
8720,74
8721,74
8722,74
8723,74
8724,57
8725,74
8726,47
8727,47
8728,47
8729,47
8730,47
8731,47
8732,47
8733,47
8734,47
8735,47
8736,47
8737,47
8738,24
8739,24
8740,47
8741,47
8742,47
8743,47
8744,91
8745,91
8746,91
8747,91
8748,24
8749,91
8750,91
8751,91
8752,71
8753,71
8754,71
8755,71
8756,71
8757,71
8758,71
8759,71
8760,41
8761,41
8762,41
8763,41
8764,41
8765,41
8766,41
8767,41
8768,41
8769,41
8770,41
8771,41
8772,41
8773,41
8774,24
8775,74
8776,41
8777,74
8778,74
8779,74
8780,74
8781,57
8782,57
8783,47
8784,47
8785,47
8786,41
8787,41
8788,47
8789,47
8790,47
8791,47
8792,47
8793,47
8794,41
8795,122
8796,122
8797,41
8798,122
8799,122
8800,122
8801,122
8802,4
8803,4
8804,4
8805,4
8806,4
8807,4
8808,31
8809,71
8810,4
8811,4
8812,4
8813,71
8814,71
8815,71
8816,37
8817,0
8818,0
8819,92
8820,92
8821,92
8822,39
8823,37
8824,37
8825,4
8826,37
8827,37
8828,33
8829,33
8830,12
8831,12
8832,12
8833,37
8834,37
8835,37
8836,37
8837,37
8838,37
8839,37
8840,37
8841,65
8842,65
8843,129
8844,59
8845,129
8846,129
8847,59
8848,129
8849,102
8850,102
8851,102
8852,102
8853,102
8854,102
8855,59
8856,102
8857,102
8858,102
8859,102
8860,102
8861,91
8862,91
8863,91
8864,91
8865,91
8866,91
8867,102
8868,102
8869,92
8870,92
8871,92
8872,27
8873,27
8874,27
8875,27
8876,27
8877,92
8878,12
8879,37
8880,64
8881,64
8882,64
8883,62
8884,37
8885,37
8886,5
8887,5
8888,70
8889,37
8890,29
8891,29
8892,101
8893,5
8894,5
8895,61
8896,83
8897,5
8898,5
8899,40
8900,40
8901,83
8902,83
8903,83
8904,43
8905,23
8906,88
8907,37
8908,37
8909,37
8910,37
8911,12
8912,37
8913,87
8914,87
8915,110
8916,110
8917,50
8918,50
8919,50
8920,46
8921,125
8922,125
8923,125
8924,125
8925,5
8926,40
8927,5
8928,20
8929,20
8930,20
8931,5
8932,20
8933,20
8934,20
8935,134
8936,134
8937,20
8938,134
8939,20
8940,20
8941,20
8942,20
8943,134
8944,20
8945,20
8946,20
8947,31
8948,31
8949,24
8950,31
8951,31
8952,31
8953,31
8954,31
8955,31
8956,24
8957,5
8958,120
8959,2
8960,2
8961,140
8962,0
8963,8
8964,8
8965,8
8966,13
8967,13
8968,13
8969,6
8970,6
8971,8
8972,118
8973,118
8974,8
8975,8
8976,8
8977,56
8978,56
8979,56
8980,12
8981,109
8982,8
8983,109
8984,8
8985,129
8986,129
8987,81
8988,81
8989,25
8990,8
8991,80
8992,80
8993,134
8994,134
8995,134
8996,134
8997,134
8998,134
8999,8
9000,134
9001,134
9002,50
9003,50
9004,50
9005,105
9006,105
9007,27
9008,27
9009,27
9010,27
9011,27
9012,8
9013,112
9014,112
9015,112
9016,8
9017,8
9018,99
9019,66
9020,5
9021,115
9022,115
9023,5
9024,5
9025,5
9026,54
9027,54
9028,132
9029,132
9030,132
9031,132
9032,61
9033,61
9034,61
9035,110
9036,12
9037,61
9038,25
9039,25
9040,142
9041,142
9042,33
9043,33
9044,5
9045,33
9046,33
9047,33
9048,33
9049,33
9050,54
9051,54
9052,57
9053,57
9054,57
9055,57
9056,145
9057,145
9058,145
9059,145
9060,145
9061,145
9062,53
9063,53
9064,53
9065,53
9066,53
9067,53
9068,90
9069,90
9070,90
9071,90
9072,90
9073,90
9074,90
9075,90
9076,90
9077,90
9078,63
9079,142
9080,142
9081,90
9082,53
9083,90
9084,53
9085,142
9086,142
9087,91
9088,91
9089,91
9090,91
9091,91
9092,91
9093,91
9094,142
9095,142
9096,93
9097,142
9098,99
9099,99
9100,99
9101,99
9102,99
9103,99
9104,99
9105,99
9106,26
9107,63
9108,70
9109,70
9110,70
9111,70
9112,70
9113,3
9114,3
9115,3
9116,114
9117,114
9118,135
9119,114
9120,105
9121,105
9122,105
9123,105
9124,105
9125,105
9126,105
9127,105
9128,105
9129,102
9130,102
9131,102
9132,135
9133,80
9134,80
9135,80
9136,80
9137,118
9138,118
9139,118
9140,105
9141,118
9142,118
9143,118
9144,118
9145,72
9146,72
9147,33
9148,72
9149,33
9150,33
9151,18
9152,33
9153,33
9154,33
9155,72
9156,8
9157,8
9158,8
9159,8
9160,136
9161,24
9162,83
9163,37
9164,8
9165,8
9166,8
9167,143
9168,143
9169,83
9170,49
9171,80
9172,80
9173,80
9174,121
9175,121
9176,121
9177,101
9178,101
9179,101
9180,101
9181,95
9182,95
9183,95
9184,95
9185,95
9186,95
9187,95
9188,95
9189,95
9190,95
9191,95
9192,95
9193,95
9194,95
9195,95
9196,95
9197,95
9198,95
9199,95
9200,25
9201,28
9202,28
9203,28
9204,28
9205,95
9206,90
9207,82
9208,82
9209,82
9210,82
9211,82
9212,95
9213,95
9214,95
9215,95
9216,90
9217,90
9218,90
9219,47
9220,41
9221,82
9222,82
9223,82
9224,82
9225,82
9226,82
9227,38
9228,38
9229,38
9230,95
9231,95
9232,95
9233,95
9234,95
9235,95
9236,95
9237,19
9238,19
9239,19
9240,19
9241,19
9242,19
9243,19
9244,19
9245,95
9246,95
9247,39
9248,39
9249,95
9250,143
9251,143
9252,143
9253,140
9254,96
9255,96
9256,96
9257,96
9258,96
9259,96
9260,96
9261,96
9262,96
9263,66
9264,66
9265,66
9266,66
9267,101
9268,101
9269,101
9270,101
9271,101
9272,101
9273,101
9274,48
9275,101
9276,101
9277,101
9278,101
9279,101
9280,48
9281,101
9282,23
9283,143
9284,143
9285,143
9286,143
9287,143
9288,23
9289,143
9290,143
9291,143
9292,9
9293,9
9294,9
9295,9
9296,9
9297,9
9298,9
9299,9
9300,9
9301,9
9302,9
9303,9
9304,9
9305,9
9306,9
9307,9
9308,23
9309,9
9310,9
9311,9
9312,9
9313,9
9314,9
9315,9
9316,9
9317,80
9318,80
9319,143
9320,143
9321,143
9322,80
9323,143
9324,143
9325,143
9326,143
9327,143
9328,48
9329,48
9330,48
9331,48
9332,48
9333,48
9334,73
9335,48
9336,48
9337,48
9338,73
9339,135
9340,135
9341,135
9342,135
9343,136
9344,136
9345,135
9346,135
9347,135
9348,135
9349,142
9350,142
9351,142
9352,53
9353,77
9354,136
9355,77
9356,77
9357,18
9358,18
9359,18
9360,18
9361,18
9362,18
9363,18
9364,18
9365,70
9366,100
9367,100
9368,25
9369,62
9370,136
9371,74
9372,64
9373,64
9374,56
9375,37
9376,37
9377,37
9378,37
9379,37
9380,37
9381,126
9382,126
9383,37
9384,37
9385,126
9386,36
9387,36
9388,36
9389,36
9390,36
9391,36
9392,126
9393,91
9394,91
9395,9
9396,9
9397,71
9398,71
9399,71
9400,124
9401,71
9402,71
9403,71
9404,124
9405,9
9406,124
9407,71
9408,4
9409,122
9410,124
9411,62
9412,62
9413,62
9414,87
9415,140
9416,87
9417,105
9418,81
9419,81
9420,105
9421,70
9422,70
9423,70
9424,87
9425,38
9426,38
9427,87
9428,87
9429,71
9430,71
9431,71
9432,71
9433,91
9434,91
9435,91
9436,122
9437,122
9438,122
9439,28
9440,28
9441,28
9442,28
9443,39
9444,28
9445,47
9446,47
9447,140
9448,140
9449,140
9450,140
9451,140
9452,140
9453,111
9454,4
9455,140
9456,140
9457,71
9458,71
9459,38
9460,38
9461,71
9462,71
9463,71
9464,38
9465,70
9466,70
9467,78
9468,33
9469,33
9470,38
9471,38
9472,38
9473,33
9474,33
9475,33
9476,83
9477,26
9478,12
9479,35
9480,35
9481,35
9482,8
9483,35
9484,35
9485,35
9486,43
9487,43
9488,8
9489,35
9490,126
9491,77
9492,77
9493,77
9494,77
9495,54
9496,54
9497,102
9498,102
9499,102
9500,90
9501,81
9502,81
9503,81
9504,77
9505,84
9506,84
9507,84
9508,84
9509,84
9510,84
9511,31
9512,31
9513,77
9514,46
9515,20
9516,20
9517,52
9518,20
9519,20
9520,52
9521,33
9522,33
9523,91
9524,132
9525,91
9526,91
9527,91
9528,91
9529,137
9530,137
9531,91
9532,91
9533,132
9534,122
9535,122
9536,122
9537,72
9538,122
9539,122
9540,72
9541,122
9542,24
9543,71
9544,71
9545,72
9546,71
9547,71
9548,30
9549,41
9550,41
9551,41
9552,41
9553,41
9554,15
9555,15
9556,41
9557,41
9558,77
9559,41
9560,77
9561,41
9562,41
9563,41
9564,41
9565,41
9566,41
9567,41
9568,41
9569,41
9570,41
9571,41
9572,41
9573,41
9574,41
9575,41
9576,41
9577,41
9578,41
9579,41
9580,41
9581,30
9582,57
9583,57
9584,57
9585,57
9586,57
9587,57
9588,57
9589,57
9590,57
9591,57
9592,57
9593,57
9594,57
9595,57
9596,57
9597,57
9598,47
9599,47
9600,51
9601,47
9602,47
9603,132
9604,114
9605,132
9606,132
9607,132
9608,31
9609,132
9610,132
9611,31
9612,72
9613,72
9614,72
9615,31
9616,72
9617,72
9618,72
9619,72
9620,72
9621,72
9622,72
9623,72
9624,47
9625,31
9626,31
9627,72
9628,31
9629,77
9630,77
9631,77
9632,77
9633,77
9634,4
9635,77
9636,41
9637,41
9638,41
9639,41
9640,41
9641,41
9642,41
9643,57
9644,41
9645,41
9646,41
9647,41
9648,41
9649,41
9650,57
9651,57
9652,57
9653,57
9654,87
9655,105
9656,57
9657,57
9658,57
9659,57
9660,87
9661,51
9662,51
9663,51
9664,51
9665,101
9666,101
9667,105
9668,96
9669,96
9670,81
9671,81
9672,81
9673,96
9674,81
9675,81
9676,81
9677,96
9678,30
9679,96
9680,30
9681,76
9682,76
9683,76
9684,13
9685,13
9686,13
9687,13
9688,30
9689,76
9690,13
9691,76
9692,13
9693,13
9694,13
9695,13
9696,30
9697,13
9698,13
9699,33
9700,33
9701,76
9702,76
9703,13
9704,13
9705,33
9706,13
9707,13
9708,33
9709,33
9710,33
9711,29
9712,29
9713,29
9714,33
9715,33
9716,142
9717,142
9718,76
9719,142
9720,142
9721,142
9722,142
9723,64
9724,64
9725,142
9726,142
9727,142
9728,142
9729,142
9730,142
9731,142
9732,142
9733,142
9734,142
9735,64
9736,64
9737,101
9738,64
9739,101
9740,101
9741,101
9742,101
9743,64
9744,101
9745,101
9746,101
9747,47
9748,64
9749,91
9750,122
9751,122
9752,142
9753,142
9754,142
9755,14
9756,14
9757,14
9758,14
9759,83
9760,41
9761,113
9762,113
9763,48
9764,84
9765,84
9766,86
9767,86
9768,86
9769,86
9770,101
9771,86
9772,86
9773,86
9774,86
9775,64
9776,64
9777,125
9778,102
9779,102
9780,102
9781,102
9782,125
9783,39
9784,39
9785,39
9786,108
9787,108
9788,39
9789,108
9790,12
9791,108
9792,12
9793,25
9794,25
9795,25
9796,134
9797,134
9798,134
9799,25
9800,116
9801,9
9802,9
9803,95
9804,9
9805,41
9806,41
9807,95
9808,89
9809,89
9810,9
9811,9
9812,5
9813,5
9814,73
9815,73
9816,73
9817,5
9818,43
9819,43
9820,132
9821,132
9822,132
9823,89
9824,89
9825,5
9826,5
9827,74
9828,74
9829,5
9830,5
9831,17
9832,17
9833,6
9834,17
9835,47
9836,53
9837,53
9838,90
9839,90
9840,74
9841,15
9842,15
9843,105
9844,105
9845,74
9846,74
9847,74
9848,47
9849,47
9850,47
9851,47
9852,28
9853,28
9854,43
9855,43
9856,89
9857,89
9858,89
9859,89
9860,89
9861,89
9862,89
9863,63
9864,9
9865,38
9866,38
9867,38
9868,134
9869,134
9870,134
9871,134
9872,119
9873,134
9874,134
9875,134
9876,77
9877,77
9878,56
9879,77
9880,77
9881,77
9882,77
9883,119
9884,119
9885,119
9886,119
9887,119
9888,119
9889,82
9890,38
9891,38
9892,38
9893,38
9894,38
9895,38
9896,82
9897,62
9898,43
9899,38
9900,38
9901,38
9902,142
9903,67
9904,142
9905,15
9906,15
9907,67
9908,38
9909,41
9910,4
9911,31
9912,31
9913,34
9914,5
9915,5
9916,5
9917,5
9918,5
9919,5
9920,34
9921,48
9922,48
9923,39
9924,39
9925,48
9926,48
9927,48
9928,48
9929,48
9930,48
9931,48
9932,18
9933,18
9934,48
9935,48
9936,48
9937,8
9938,8
9939,8
9940,8
9941,8
9942,8
9943,8
9944,8
9945,8
9946,8
9947,8
9948,8
9949,8
9950,8
9951,8
9952,8
9953,8
9954,47
9955,47
9956,8
9957,8
9958,8
9959,8
9960,8
9961,8
9962,8
9963,8
9964,77
9965,95
9966,95
9967,32
9968,32
9969,32
9970,3
9971,3
9972,77
9973,32
9974,26
9975,26
9976,53
9977,53
9978,121
9979,121
9980,53
9981,53
9982,53
9983,53
9984,53
9985,22
9986,22
9987,56
9988,58
9989,58
9990,68
9991,68
9992,68
9993,59
9994,32
9995,32
9996,8
9997,8
9998,32
9999,70
10000,70
10001,29
10002,29
10003,8
10004,29
10005,29
10006,29
10007,3
10008,12
10009,12
10010,12
10011,35
10012,35
10013,35
10014,35
10015,35
10016,8
10017,35
10018,35
10019,35
10020,70
10021,29
10022,102
10023,52
10024,52
10025,52
10026,52
10027,102
10028,11
10029,11
10030,65
10031,65
10032,65
10033,102
10034,13
10035,13
10036,13
10037,13
10038,13
10039,13
10040,13
10041,13
10042,102
10043,13
10044,13
10045,32
10046,32
10047,128
10048,32
10049,128
10050,102
10051,129
10052,128
10053,32
10054,102
10055,128
10056,128
10057,66
10058,66
10059,30
10060,30
10061,65
10062,65
10063,141
10064,141
10065,48
10066,48
10067,42
10068,48
10069,81
10070,81
10071,3
10072,48
10073,48
10074,132
10075,25
10076,25
10077,22
10078,22
10079,48
10080,69
10081,69
10082,31
10083,89
10084,89
10085,89
10086,89
10087,89
10088,31
10089,76
10090,76
10091,89
10092,24
10093,89
10094,89
10095,89
10096,89
10097,76
10098,89
10099,89
10100,89
10101,39
10102,39
10103,39
10104,39
10105,13
10106,13
10107,53
10108,53
10109,90
10110,90
10111,13
10112,13
10113,41
10114,41
10115,64
10116,64
10117,13
10118,13
10119,13
10120,29
10121,40
10122,40
10123,40
10124,40
10125,40
10126,126
10127,81
10128,100
10129,100
10130,121
10131,121
10132,121
10133,77
10134,77
10135,77
10136,77
10137,52
10138,52
10139,121
10140,114
10141,114
10142,114
10143,114
10144,33
10145,33
10146,42
10147,42
10148,29
10149,29
10150,29
10151,33
10152,33
10153,96
10154,96
10155,135
10156,135
10157,33
10158,6
10159,6
10160,39
10161,6
10162,6
10163,33
10164,6
10165,6
10166,6
10167,77
10168,77
10169,17
10170,17
10171,50
10172,50
10173,101
10174,5
10175,74
10176,74
10177,26
10178,29
10179,29
10180,29
10181,102
10182,102
10183,115
10184,115
10185,95
10186,49
10187,49
10188,49
10189,49
10190,109
10191,109
10192,109
10193,109
10194,102
10195,81
10196,81
10197,39
10198,5
10199,131
10200,131
10201,131
10202,131
10203,131
10204,79
10205,79
10206,79
10207,45
10208,79
10209,5
10210,45
10211,120
10212,120
10213,120
10214,45
10215,45
10216,3
10217,90
10218,90
10219,90
10220,136
10221,45
10222,124
10223,124
10224,124
10225,124
10226,124
10227,124
10228,124
10229,124
10230,124
10231,26
10232,24
10233,24
10234,92
10235,92
10236,92
10237,24
10238,92
10239,92
10240,92
10241,24
10242,24
10243,24
10244,24
10245,92
10246,92
10247,92
10248,92
10249,12
10250,12
10251,108
10252,108
10253,108
10254,108
10255,39
10256,39
10257,33
10258,33
10259,12
10260,113
10261,113
10262,14
10263,14
10264,14
10265,14
10266,14
10267,14
10268,14
10269,14
10270,14
10271,14
10272,49
10273,14
10274,14
10275,142
10276,142
10277,142
10278,142
10279,49
10280,142
10281,142
10282,142
10283,67
10284,67
10285,76
10286,67
10287,76
10288,49
10289,105
10290,22
10291,22
10292,22
10293,13
10294,13
10295,13
10296,13
10297,32
10298,32
10299,42
10300,65
10301,22
10302,65
10303,65
10304,141
10305,141
10306,141
10307,141
10308,141
10309,142
10310,142
10311,2
10312,2
10313,53
10314,2
10315,41
10316,41
10317,95
10318,48
10319,48
10320,48
10321,104
10322,48
10323,42
10324,30
10325,30
10326,118
10327,118
10328,33
10329,33
10330,48
10331,101
10332,124
10333,124
10334,124
10335,41
10336,41
10337,41
10338,41
10339,41
10340,72
10341,72
10342,143
10343,4
10344,4
10345,4
10346,4
10347,4
10348,4
10349,4
10350,4
10351,4
10352,4
10353,4
10354,4
10355,4
10356,143
10357,56
10358,56
10359,56
10360,56
10361,56
10362,56
10363,56
10364,56
10365,56
10366,56
10367,65
10368,62
10369,62
10370,62
10371,62
10372,128
10373,128
10374,62
10375,18
10376,18
10377,128
10378,128
10379,20
10380,20
10381,20
10382,20
10383,20
10384,20
10385,28
10386,28
10387,42
10388,108
10389,58
10390,58
10391,58
10392,58
10393,58
10394,58
10395,32
10396,32
10397,32
10398,32
10399,108
10400,128
10401,128
10402,128
10403,66
10404,4
10405,124
10406,124
10407,124
10408,124
10409,124
10410,124
10411,91
10412,91
10413,91
10414,4
10415,91
10416,91
10417,14
10418,91
10419,91
10420,91
10421,14
10422,24
10423,24
10424,14
10425,134
10426,134
10427,134
10428,33
10429,46
10430,46
10431,134
10432,9
10433,9
10434,109
10435,109
10436,109
10437,109
10438,109
10439,9
10440,99
10441,99
10442,99
10443,99
10444,9
10445,9
10446,13
10447,13
10448,13
10449,13
10450,13
10451,13
10452,13
10453,13
10454,13
10455,13
10456,13
10457,13
10458,13
10459,13
10460,13
10461,24
10462,24
10463,13
10464,13
10465,13
10466,13
10467,13
10468,13
10469,13
10470,76
10471,13
10472,76
10473,13
10474,13
10475,13
10476,13
10477,83
10478,13
10479,13
10480,13
10481,13
10482,13
10483,13
10484,13
10485,9
10486,9
10487,49
10488,54
10489,54
10490,77
10491,77
10492,77
10493,77
10494,77
10495,77
10496,54
10497,54
10498,54
10499,77
10500,11
10501,11
10502,50
10503,50
10504,50
10505,50
10506,11
10507,73
10508,73
10509,11
10510,126
10511,11
10512,140
10513,3
10514,3
10515,77
10516,64
10517,77
10518,102
10519,102
10520,47
10521,102
10522,102
10523,102
10524,102
10525,102
10526,102
10527,102
10528,102
10529,112
10530,112
10531,112
10532,33
10533,84
10534,84
10535,91
10536,62
10537,62
10538,105
10539,105
10540,12
10541,12
10542,12
10543,12
10544,95
10545,95
10546,95
10547,95
10548,88
10549,88
10550,88
10551,88
10552,88
10553,64
10554,88
10555,64
10556,88
10557,88
10558,64
10559,88
10560,88
10561,88
10562,105
10563,105
10564,114
10565,114
10566,114
10567,64
10568,64
10569,64
10570,74
10571,74
10572,9
10573,60
10574,9
10575,60
10576,5
10577,60
10578,60
10579,60
10580,60
10581,60
10582,60
10583,60
10584,95
10585,95
10586,95
10587,61
10588,60
10589,60
10590,6
10591,6
10592,60
10593,60
10594,60
10595,60
10596,60
10597,6
10598,2
10599,2
10600,2
10601,2
10602,6
10603,39
10604,39
10605,39
10606,39
10607,39
10608,39
10609,48
10610,48
10611,77
10612,77
10613,77
10614,77
10615,77
10616,77
10617,77
10618,77
10619,77
10620,72
10621,72
10622,102
10623,102
10624,72
10625,72
10626,82
10627,82
10628,82
10629,95
10630,95
10631,124
10632,124
10633,124
10634,131
10635,131
10636,76
10637,76
10638,76
10639,79
10640,79
10641,79
10642,79
10643,132
10644,10
10645,10
10646,121
10647,10
10648,121
10649,97
10650,97
10651,10
10652,142
10653,142
10654,142
10655,14
10656,14
10657,14
10658,32
10659,32
10660,104
10661,104
10662,105
10663,104
10664,31
10665,31
10666,7
10667,20
10668,20
10669,41
10670,20
10671,20
10672,20
10673,20
10674,20
10675,41
10676,23
10677,23
10678,23
10679,5
10680,5
10681,5
10682,28
10683,5
10684,5
10685,5
10686,48
10687,48
10688,5
10689,5
10690,130
10691,130
10692,130
10693,130
10694,48
10695,130
10696,130
10697,48
10698,104
10699,41
10700,48
10701,24
10702,24
10703,24
10704,104
10705,48
10706,95
10707,95
10708,95
10709,8
10710,8
10711,104
10712,48
10713,79
10714,80
10715,108
10716,105
10717,144
10718,144
10719,45
10720,45
10721,45
10722,25
10723,25
10724,31
10725,25
10726,31
10727,31
10728,24
10729,24
10730,29
10731,29
10732,29
10733,24
10734,29
10735,29
10736,29
10737,29
10738,29
10739,29
10740,29
10741,29
10742,29
10743,24
10744,29
10745,29
10746,35
10747,29
10748,35
10749,35
10750,31
10751,105
10752,105
10753,36
10754,31
10755,31
10756,31
10757,31
10758,31
10759,31
10760,31
10761,37
10762,31
10763,31
10764,31
10765,31
10766,95
10767,95
10768,31
10769,31
10770,31
10771,31
10772,95
10773,31
10774,21
10775,21
10776,95
10777,95
10778,95
10779,43
10780,95
10781,144
10782,78
10783,78
10784,78
10785,78
10786,78
10787,78
10788,78
10789,78
10790,78
10791,78
10792,88
10793,88
10794,88
10795,53
10796,59
10797,33
10798,58
10799,58
10800,62
10801,62
10802,136
10803,60
10804,5
10805,123
10806,5
10807,105
10808,5
10809,5
10810,5
10811,5
10812,5
10813,90
10814,5
10815,5
10816,5
10817,90
10818,5
10819,5
10820,5
10821,5
10822,5
10823,8
10824,8
10825,53
10826,53
10827,53
10828,53
10829,53
10830,30
10831,53
10832,30
10833,53
10834,53
10835,2
10836,2
10837,53
10838,53
10839,105
10840,53
10841,53
10842,53
10843,53
10844,30
10845,39
10846,29
10847,29
10848,29
10849,29
10850,29
10851,39
10852,111
10853,29
10854,111
10855,39
10856,31
10857,31
10858,39
10859,29
10860,39
10861,140
10862,140
10863,140
10864,82
10865,128
10866,128
10867,29
10868,29
10869,29
10870,29
10871,29
10872,29
10873,29
10874,29
10875,73
10876,29
10877,29
10878,29
10879,28
10880,28
10881,54
10882,54
10883,57
10884,57
10885,47
10886,47
10887,47
10888,28
10889,28
10890,75
10891,75
10892,105
10893,105
10894,105
10895,28
10896,72
10897,72
10898,71
10899,71
10900,28
10901,71
10902,71
10903,28
10904,28
10905,118
10906,112
10907,118
10908,118
10909,12
10910,12
10911,118
10912,118
10913,17
10914,17
10915,17
10916,12
10917,2
10918,2
10919,2
10920,2
10921,2
10922,2
10923,4
10924,2
10925,2
10926,2
10927,2
10928,2
10929,17
10930,17
10931,2
10932,2
10933,17
10934,105
10935,105
10936,105
10937,93
10938,93
10939,93
10940,71
10941,71
10942,76
10943,91
10944,76
10945,122
10946,122
10947,30
10948,30
10949,13
10950,13
10951,13
10952,14
10953,14
10954,13
10955,31
10956,31
10957,13
10958,13
10959,13
10960,13
10961,14
10962,14
10963,14
10964,14
10965,140
10966,140
10967,14
10968,14
10969,14
10970,140
10971,140
10972,127
10973,127
10974,127
10975,127
10976,6
10977,6
10978,18
10979,18
10980,76
10981,20
10982,53
10983,53
10984,90
10985,90
10986,134
10987,134
10988,8
10989,8
10990,8
10991,8
10992,8
10993,95
10994,147
10995,95
10996,95
10997,147
10998,147
10999,147
11000,147
11001,147
11002,147
11003,8
11004,8
11005,8
11006,8
11007,8
11008,8
11009,106
11010,106
11011,106
11012,20
11013,20
11014,20
11015,47
11016,23
11017,23
11018,23
11019,20
11020,20
11021,31
11022,20
11023,31
11024,47
11025,14
11026,14
11027,110
11028,14
11029,14
11030,14
11031,14
11032,14
11033,67
11034,67
11035,43
11036,110
11037,50
11038,50
11039,50
11040,96
11041,96
11042,96
11043,96
11044,96
11045,101
11046,101
11047,101
11048,18
11049,18
11050,18
11051,18
11052,70
11053,70
11054,18
11055,18
11056,52
11057,52
11058,70
11059,48
11060,48
11061,48
11062,48
11063,48
11064,48
11065,48
11066,48
11067,70
11068,48
11069,48
11070,48
11071,48
11072,41
11073,41
11074,48
11075,16
11076,16
11077,118
11078,118
11079,16
11080,16
11081,118
11082,16
11083,16
11084,16
11085,80
11086,24
11087,99
11088,99
11089,99
11090,2
11091,16
11092,16
11093,16
11094,21
11095,21
11096,2
11097,21
11098,1
11099,1
11100,2
11101,14
11102,14
11103,14
11104,17
11105,17
11106,17
11107,17
11108,2
11109,2
11110,17
11111,17
11112,17
11113,130
11114,130
11115,2
11116,30
11117,114
11118,114
11119,22
11120,109
11121,40
11122,40
11123,40
11124,40
11125,30
11126,24
11127,30
11128,30
11129,25
11130,24
11131,105
11132,105
11133,105
11134,105
11135,105
11136,9
11137,94
11138,94
11139,9
11140,94
11141,94
11142,94
11143,94
11144,94
11145,94
11146,91
11147,9
11148,9
11149,91
11150,91
11151,122
11152,91
11153,91
11154,73
11155,73
11156,122
11157,122
11158,122
11159,122
11160,145
11161,145
11162,122
11163,32
11164,32
11165,32
11166,99
11167,99
11168,37
11169,108
11170,108
11171,37
11172,52
11173,52
11174,129
11175,59
11176,37
11177,30
11178,37
11179,135
11180,135
11181,66
11182,66
11183,66
11184,66
11185,90
11186,129
11187,6
11188,6
11189,119
11190,9
11191,9
11192,9
11193,9
11194,9
11195,9
11196,61
11197,61
11198,105
11199,61
11200,61
11201,101
11202,101
11203,101
11204,101
11205,101
11206,95
11207,95
11208,9
11209,9
11210,101
11211,101
11212,95
11213,9
11214,9
11215,9
11216,9
11217,9
11218,9
11219,9
11220,9
11221,9
11222,9
11223,9
11224,9
11225,101
11226,38
11227,101
11228,101
11229,101
11230,30
11231,101
11232,101
11233,9
11234,9
11235,9
11236,24
11237,110
11238,110
11239,110
11240,81
11241,81
11242,73
11243,56
11244,56
11245,56
11246,35
11247,32
11248,32
11249,35
11250,70
11251,2
11252,2
11253,2
11254,2
11255,2
11256,2
11257,2
11258,77
11259,2
11260,2
11261,2
11262,2
11263,2
11264,2
11265,2
11266,2
11267,2
11268,77
11269,145
11270,145
11271,145
11272,145
11273,145
11274,116
11275,116
11276,116
11277,116
11278,98
11279,76
11280,6
11281,76
11282,83
11283,84
11284,84
11285,84
11286,119
11287,119
11288,119
11289,76
11290,105
11291,41
11292,53
11293,2
11294,53
11295,53
11296,53
11297,53
11298,53
11299,90
11300,90
11301,90
11302,90
11303,90
11304,90
11305,90
11306,90
11307,136
11308,136
11309,136
11310,136
11311,136
11312,124
11313,53
11314,90
11315,90
11316,136
11317,30
11318,30
11319,30
11320,126
11321,126
11322,126
11323,126
11324,111
11325,111
11326,111
11327,111
11328,33
11329,41
11330,118
11331,118
11332,124
11333,77
11334,77
11335,77
11336,9
11337,9
11338,9
11339,9
11340,124
11341,70
11342,70
11343,105
11344,144
11345,144
11346,144
11347,81
11348,81
11349,81
11350,81
11351,16
11352,16
11353,16
11354,16
11355,134
11356,82
11357,16
11358,45
11359,45
11360,45
11361,45
11362,45
11363,82
11364,45
11365,45
11366,45
11367,45
11368,45
11369,45
11370,134
11371,45
11372,25
11373,26
11374,130
11375,130
11376,130
11377,130
11378,25
11379,130
11380,130
11381,130
11382,6
11383,26
11384,26
11385,26
11386,81
11387,26
11388,24
11389,24
11390,29
11391,29
11392,29
11393,29
11394,29
11395,60
11396,29
11397,29
11398,60
11399,29
11400,111
11401,69
11402,11
11403,11
11404,11
11405,112
11406,66
11407,66
11408,86
11409,86
11410,31
11411,31
11412,67
11413,48
11414,48
11415,48
11416,98
11417,95
11418,95
11419,95
11420,95
11421,92
11422,92
11423,92
11424,92
11425,95
11426,92
11427,92
11428,92
11429,92
11430,48
11431,48
11432,48
11433,111
11434,111
11435,17
11436,17
11437,18
11438,18
11439,18
11440,28
11441,17
11442,17
11443,17
11444,17
11445,41
11446,25
11447,25
11448,25
11449,25
11450,47
11451,92
11452,92
11453,92
11454,93
11455,93
11456,93
11457,26
11458,93
11459,93
11460,93
11461,62
11462,93
11463,62
11464,62
11465,26
11466,95
11467,95
11468,95
11469,52
11470,95
11471,95
11472,52
11473,11
11474,11
11475,11
11476,11
11477,11
11478,11
11479,11
11480,11
11481,11
11482,11
11483,11
11484,95
11485,11
11486,11
11487,11
11488,50
11489,95
11490,11
11491,50
11492,50
11493,50
11494,50
11495,50
11496,50
11497,95
11498,11
11499,11
11500,99
11501,99
11502,105
11503,34
11504,34
11505,34
11506,34
11507,24
11508,24
11509,105
11510,11
11511,11
11512,11
11513,63
11514,63
11515,63
11516,63
11517,63
11518,63
11519,63
11520,63
11521,45
11522,105
11523,113
11524,109
11525,105
11526,109
11527,109
11528,109
11529,109
11530,126
11531,126
11532,126
11533,126
11534,105
11535,105
11536,105
11537,53
11538,53
11539,90
11540,90
11541,105
11542,21
11543,21
11544,12
11545,12
11546,12
11547,47
11548,135
11549,135
11550,86
11551,86
11552,86
11553,86
11554,86
11555,86
11556,86
11557,86
11558,86
11559,21
11560,21
11561,86
11562,86
11563,86
11564,21
11565,86
11566,86
11567,86
11568,135
11569,135
11570,135
11571,135
11572,135
11573,135
11574,135
11575,135
11576,21
11577,135
11578,135
11579,135
11580,135
11581,135
11582,135
11583,135
11584,135
11585,135
11586,135
11587,135
11588,135
11589,12
11590,37
11591,37
11592,135
11593,28
11594,28
11595,28
11596,28
11597,37
11598,28
11599,28
11600,28
11601,28
11602,28
11603,28
11604,28
11605,37
11606,75
11607,40
11608,40
11609,37
11610,40
11611,37
11612,40
11613,49
11614,60
11615,60
11616,90
11617,9
11618,9
11619,22
11620,90
11621,22
11622,22
11623,22
11624,90
11625,22
11626,22
11627,90
11628,22
11629,22
11630,22
11631,22
11632,22
11633,22
11634,90
11635,90
11636,22
11637,22
11638,22
11639,22
11640,22
11641,22
11642,22
11643,22
11644,109
11645,22
11646,109
11647,109
11648,109
11649,109
11650,109
11651,99
11652,99
11653,99
11654,16
11655,17
11656,17
11657,17
11658,17
11659,77
11660,72
11661,77
11662,72
11663,47
11664,93
11665,93
11666,91
11667,1
11668,91
11669,91
11670,91
11671,91
11672,123
11673,15
11674,77
11675,43
11676,43
11677,72
11678,118
11679,118
11680,15
11681,118
11682,118
11683,1
11684,54
11685,54
11686,54
11687,54
11688,54
11689,54
11690,48
11691,48
11692,131
11693,131
11694,63
11695,43
11696,43
11697,43
11698,63
11699,63
11700,63
11701,63
11702,63
11703,63
11704,63
11705,63
11706,56
11707,56
11708,20
11709,20
11710,23
11711,23
11712,29
11713,29
11714,74
11715,4
11716,49
11717,49
11718,29
11719,121
11720,121
11721,121
11722,121
11723,29
11724,50
11725,93
11726,93
11727,64
11728,41
11729,41
11730,64
11731,11
11732,52
11733,52
11734,11
11735,52
11736,57
11737,91
11738,91
11739,47
11740,124
11741,124
11742,124
11743,71
11744,71
11745,57
11746,47
11747,71
11748,57
11749,71
11750,47
11751,122
11752,47
11753,71
11754,71
11755,58
11756,58
11757,12
11758,47
11759,12
11760,12
11761,37
11762,37
11763,37
11764,37
11765,37
11766,37
11767,37
11768,37
11769,37
11770,43
11771,43
11772,37
11773,37
11774,52
11775,52
11776,26
11777,52
11778,26
11779,92
11780,26
11781,92
11782,26
11783,29
11784,37
11785,62
11786,62
11787,62
11788,62
11789,62
11790,62
11791,62
11792,62
11793,62
11794,5
11795,109
11796,109
11797,109
11798,109
11799,37
11800,12
11801,37
11802,17
11803,17
11804,17
11805,135
11806,135
11807,135
11808,135
11809,135
11810,135
11811,12
11812,135
11813,135
11814,135
11815,64
11816,135
11817,93
11818,41
11819,93
11820,93
11821,93
11822,93
11823,93
11824,93
11825,62
11826,62
11827,41
11828,63
11829,41
11830,89
11831,89
11832,63
11833,114
11834,20
11835,114
11836,88
11837,88
11838,12
11839,8
11840,93
11841,93
11842,93
11843,8
11844,37
11845,37
11846,37
11847,37
11848,15
11849,119
11850,31
11851,31
11852,31
11853,31
11854,8
11855,142
11856,8
11857,88
11858,88
11859,88
11860,88
11861,63
11862,102
11863,63
11864,102
11865,128
11866,128
11867,128
11868,40
11869,15
11870,57
11871,82
11872,82
11873,82
11874,82
11875,73
11876,73
11877,73
11878,73
11879,73
11880,73
11881,73
11882,73
11883,30
11884,30
11885,73
11886,73
11887,73
11888,73
11889,73
11890,73
11891,30
11892,96
11893,73
11894,66
11895,73
11896,73
11897,73
11898,73
11899,73
11900,73
11901,66
11902,73
11903,73
11904,66
11905,15
11906,37
11907,92
11908,39
11909,56
11910,56
11911,56
11912,56
11913,56
11914,56
11915,93
11916,93
11917,76
11918,76
11919,76
11920,34
11921,34
11922,19
11923,19
11924,34
11925,109
11926,113
11927,113
11928,113
11929,113
11930,59
11931,41
11932,54
11933,41
11934,54
11935,101
11936,101
11937,76
11938,16
11939,16
11940,105
11941,76
11942,22
11943,34
11944,34
11945,5
11946,5
11947,82
11948,82
11949,114
11950,82
11951,114
11952,134
11953,58
11954,58
11955,58
11956,126
11957,126
11958,126
11959,126
11960,126
11961,126
11962,126
11963,126
11964,110
11965,126
11966,126
11967,126
11968,81
11969,81
11970,5
11971,81
11972,81
11973,81
11974,81
11975,81
11976,81
11977,134
11978,81
11979,126
11980,126
11981,126
11982,126
11983,134
11984,110
11985,110
11986,110
11987,81
11988,81
11989,81
11990,69
11991,82
11992,82
11993,52
11994,52
11995,13
11996,24
11997,13
11998,13
11999,5
12000,24
12001,108
12002,108
12003,110
12004,110
12005,81
12006,81
12007,63
12008,63
12009,63
12010,63
12011,63
12012,63
12013,63
12014,56
12015,63
12016,63
12017,94
12018,94
12019,94
12020,94
12021,94
12022,56
12023,94
12024,94
12025,94
12026,94
12027,94
12028,94
12029,63
12030,63
12031,63
12032,5
12033,52
12034,52
12035,52
12036,22
12037,22
12038,79
12039,79
12040,80
12041,80
12042,112
12043,80
12044,80
12045,80
12046,110
12047,110
12048,73
12049,77
12050,95
12051,95
12052,95
12053,95
12054,95
12055,95
12056,95
12057,95
12058,95
12059,95
12060,95
12061,95
12062,95
12063,95
12064,95
12065,95
12066,95
12067,37
12068,37
12069,37
12070,43
12071,37
12072,37
12073,37
12074,37
12075,37
12076,12
12077,43
12078,43
12079,12
12080,12
12081,12
12082,12
12083,12
12084,12
12085,12
12086,43
12087,12
12088,12
12089,26
12090,26
12091,26
12092,40
12093,40
12094,40
12095,40
12096,40
12097,40
12098,26
12099,120
12100,26
12101,26
12102,79
12103,79
12104,79
12105,26
12106,79
12107,79
12108,79
12109,79
12110,79
12111,79
12112,33
12113,79
12114,79
12115,40
12116,40
12117,69
12118,40
12119,40
12120,40
12121,69
12122,40
12123,113
12124,113
12125,123
12126,32
12127,32
12128,113
12129,39
12130,39
12131,39
12132,39
12133,33
12135,33
12136,33
12137,33
12138,33
12139,33
12140,77
12141,33
12142,33
12143,33
12144,37
12145,37
12146,33
12147,33
12148,33
12149,33
12150,33
12151,33
12152,118
12153,82
12154,10
12155,86
12156,86
12157,86
12158,105
12159,105
12160,128
12161,49
12162,37
12163,129
12164,33
12165,37
12166,1
12167,43
12168,25
12169,25
12170,25
12171,15
12172,1
12173,91
12174,91
12175,15
12176,124
12177,19
12178,19
12179,63
12180,15
12181,110
12182,15
12183,15
12184,15
12185,17
12186,17
12187,18
12188,18
12189,18
12190,18
12191,18
12192,18
12193,18
12194,18
12195,18
12196,18
12197,18
12198,76
12199,76
12200,52
12201,36
12202,36
12203,36
12204,132
12205,132
12206,132
12207,115
12208,115
12209,115
12210,115
12211,76
12212,115
12213,115
12214,21
12215,21
12216,21
12217,21
12218,21
12219,21
12220,47
12221,21
12222,21
12223,21
12224,34
12225,34
12226,34
12227,118
12228,47
12229,82
12230,134
12231,82
12232,18
12233,18
12234,18
12235,76
12236,22
12237,22
12238,22
12239,132
12240,132
12241,132
12242,25
12243,25
12244,25
12245,25
12246,25
12247,25
12248,25
12249,25
12250,132
12251,82
12252,82
12253,39
12254,39
12255,118
12256,118
12257,82
12258,118
12259,82
12260,11
12261,11
12262,138
12263,90
12264,83
12265,27
12266,27
12267,27
12268,119
12269,119
12270,79
12271,119
12272,79
12273,13
12274,99
12275,119
12276,30
12277,119
12278,30
12279,30
12280,99
12281,99
12282,99
12283,99
12284,119
12285,16
12286,16
12287,16
12288,16
12289,16
12290,16
12291,16
12292,24
12293,24
12294,63
12295,92
12296,92
12297,26
12298,92
12299,92
12300,41
12301,26
12302,23
12303,23
12304,26
12305,20
12306,19
12307,19
12308,24
12309,19
12310,98
12311,31
12312,31
12313,102
12314,102
12315,102
12316,102
12317,102
12318,102
12319,102
12320,102
12321,1
12322,102
12323,102
12324,102
12325,83
12326,83
12327,20
12328,20
12329,47
12330,20
12331,20
12332,20
12333,23
12334,23
12335,23
12336,51
12337,104
12338,104
12339,76
12340,76
12341,104
12342,104
12343,104
12344,104
12345,104
12346,104
12347,15
12348,104
12349,104
12350,104
12351,104
12352,104
12353,147
12354,147
12355,135
12356,135
12357,135
12358,135
12359,135
12360,64
12361,64
12362,108
12363,108
12364,32
12365,108
12366,108
12367,108
12368,108
12369,108
12370,134
12371,82
12372,134
12373,13
12374,33
12375,33
12376,62
12377,62
12378,105
12379,105
12380,84
12381,84
12382,84
12383,105
12384,84
12385,84
12386,105
12387,84
12388,76
12389,49
12390,29
12391,29
12392,49
12393,49
12394,49
12395,131
12396,131
12397,49
12398,131
12399,131
12400,4
12401,105
12402,105
12403,37
12404,37
12405,37
12406,21
12407,21
12408,21
12409,21
12410,11
12411,80
12412,80
12413,80
12414,80
12415,80
12416,12
12417,53
12418,53
12419,53
12420,90
12421,90
12422,90
12423,134
12424,134
12425,80
12426,80
12427,80
12428,80
12429,134
12430,79
12431,134
12432,9
12433,39
12434,39
12435,134
12436,134
12437,134
12438,134
12439,13
12440,13
12441,13
12442,39
12443,56
12444,56
12445,39
12446,37
12447,39
12448,37
12449,36
12450,9
12451,39
12452,39
12453,18
12454,105
12455,15
12456,6
12457,6
12458,52
12459,52
12460,64
12461,43
12462,24
12463,24
12464,14
12465,9
12466,90
12467,138
12468,53
12469,90
12470,90
12471,78
12472,78
12473,90
12474,109
12475,109
12476,109
12477,109
12478,109
12479,109
12480,109
12481,91
12482,91
12483,91
12484,122
12485,48
12486,13
12487,104
12488,92
12489,13
12490,138
12491,138
12492,63
12493,63
12494,102
12495,102
12496,102
12497,102
12498,106
12499,106
12500,102
12501,102
12502,102
12503,102
12504,102
12505,106
12506,102
12507,102
12508,78
12509,78
12510,106
12511,15
12512,15
12513,106
12514,106
12515,30
12516,9
12517,106
12518,15
12519,15
12520,50
12521,50
12522,50
12523,50
12524,50
12525,64
12526,50
12527,50
12528,50
12529,50
12530,50
12531,50
12532,64
12533,26
12534,50
12535,11
12536,11
12537,11
12538,11
12539,11
12540,145
12541,145
12542,11
12543,65
12544,65
12545,65
12546,65
12547,25
12548,25
12549,25
12550,25
12551,25
12552,25
12553,25
12554,25
12555,26
12556,25
12557,83
12558,25
12559,26
12560,26
12561,26
12562,70
12563,70
12564,70
12565,70
12566,70
12567,63
12568,63
12569,63
12570,43
12571,43
12572,63
12573,63
12574,63
12575,70
12576,70
12577,70
12578,70
12579,70
12580,43
12581,63
12582,63
12583,63
12584,63
12585,63
12586,63
12587,62
12588,62
12589,58
12590,62
12591,38
12592,126
12593,81
12594,82
12595,82
12596,84
12597,84
12598,84
12599,49
12600,49
12601,49
12602,49
12603,49
12604,49
12605,49
12606,105
12607,49
12608,49
12609,105
12610,88
12611,33
12612,33
12613,33
12614,12
12615,126
12616,81
12617,145
12618,41
12619,130
12620,34
12621,34
12622,34
12623,60
12624,36
12625,31
12626,31
12627,41
12628,31
12629,68
12630,5
12631,89
12632,80
12633,80
12634,80
12635,80
12636,80
12637,80
12638,114
12639,114
12640,80
12641,111
12642,114
12643,114
12644,114
12645,114
12646,145
12647,114
12648,23
12649,114
12650,111
12651,82
12652,82
12653,46
12654,46
12655,32
12656,32
12657,46
12658,32
12659,32
12660,108
12661,108
12662,108
12663,41
12664,41
12665,41
12666,46
12667,116
12668,9
12669,31
12670,61
12671,9
12672,124
12673,124
12674,124
12675,63
12676,32
12677,32
12678,66
12679,64
12680,12
12681,12
12682,101
12683,101
12684,101
12685,101
12686,63
12687,63
12688,5
12689,5
12690,63
12691,37
12692,29
12693,37
12694,30
12695,96
12696,29
12697,29
12698,96
12699,96
12700,29
12701,29
12702,29
12703,29
12704,120
12705,120
12706,102
12707,26
12708,118
12709,9
12710,120
12711,120
12712,139
12713,139
12714,139
12715,120
12716,89
12717,89
12718,89
12719,35
12720,28
12721,102
12722,102
12723,98
12724,111
12725,20
12726,133
12727,133
12728,1
12729,104
12730,104
12731,11
12732,11
12733,11
12734,11
12735,104
12736,146
12737,146
12738,43
12739,43
12740,43
12741,27
12742,27
12743,104
12744,27
12745,27
12746,27
12747,27
12748,27
12749,27
12750,27
12751,27
12752,27
12753,120
12754,120
12755,120
12756,120
12757,120
12758,120
12759,120
12760,120
12761,120
12762,120
12763,120
12764,120
12765,120
12766,33
12767,33
12768,33
12769,33
12770,80
12771,80
12772,80
12773,80
12774,4
12775,4
12776,33
12777,33
12778,4
12779,4
12780,4
12781,33
12782,40
12783,40
12784,40
12785,40
12786,40
12787,33
12788,40
12789,40
12790,40
12791,40
12792,40
12793,40
12794,121
12795,82
12796,121
12797,121
12798,80
12799,80
12800,82
12801,80
12802,82
12803,77
12804,77
12805,147
12806,108
12807,108
12808,108
12809,21
12810,109
12811,18
12812,124
12813,7
12814,20
12815,20
12816,106
12817,106
12818,83
12819,18
12820,18
12821,127
12822,127
12823,118
12824,37
12825,134
12826,134
12827,105
12828,105
12829,105
12830,134
12831,105
12832,105
12833,105
12834,105
12835,105
12836,105
12837,105
12838,105
12839,105
12840,105
12841,73
12842,73
12843,28
12844,134
12845,5
12846,62
12847,62
12848,62
12849,18
12850,77
12851,56
12852,54
12853,54
12854,61
12855,61
12856,9
12857,9
12858,9
12859,9
12860,9
12861,22
12862,22
12863,22
12864,22
12865,22
12866,22
12867,22
12868,22
12869,22
12870,22
12871,22
12872,140
12873,48
12874,41
12875,48
12876,48
12877,48
12878,48
12879,48
12880,48
12881,41
12882,48
12883,48
12884,48
12885,48
12886,41
12887,48
12888,48
12889,48
12890,134
12891,48
12892,48
12893,48
12894,48
12895,134
12896,48
12897,140
12898,22
12899,24
12900,24
12901,22
12902,22
12903,22
12904,89
12905,89
12906,22
12907,22
12908,22
12909,22
12910,22
12911,89
12912,22
12913,22
12914,9
12915,24
12916,16
12917,16
12918,16
12919,67
12920,105
12921,79
12922,79
12923,105
12924,30
12925,30
12926,105
12927,105
12928,74
12929,41
12930,5
12931,41
12932,41
12933,5
12934,41
12935,41
12936,41
12937,95
12938,17
12939,17
12940,95
12941,4
12942,4
12943,4
12944,67
12945,35
12946,35
12947,35
12948,19
12949,35
12950,90
12951,90
12952,90
12953,19
12954,108
12955,108
12956,108
12957,92
12958,92
12959,95
12960,95
12961,95
12962,131
12963,131
12964,131
12965,131
12966,131
12967,131
12968,131
12969,131
12970,95
12971,4
12972,4
12973,49
12974,49
12975,49
12976,12
12977,12
12978,67
12979,45
12980,45
12981,45
12982,45
12983,45
12984,45
12985,45
12986,45
12987,45
12988,25
12989,25
12990,23
12991,23
12992,23
12993,23
12994,23
12995,23
12996,23
12997,25
12998,25
12999,23
13000,31
13001,31
13002,31
13003,31
13004,31
13005,31
13006,31
13007,31
13008,31
13009,31
13010,31
13011,31
13012,31
13013,37
13014,89
13015,89
13016,89
13017,104
13018,104
13019,145
13020,145
13021,145
13022,83
13023,139
13024,7
13025,7
13026,30
13027,112
13028,112
13029,86
13030,41
13031,86
13032,86
13033,41
13034,5
13035,31
13036,73
13037,31
13038,73
13039,73
13040,73
13041,73
13042,31
13043,73
13044,73
13045,73
13046,73
13047,73
13048,73
13049,73
13050,33
13051,40
13052,40
13053,40
13054,15
13055,40
13056,40
13057,67
13058,76
13059,76
13060,121
13061,29
13062,29
13063,29
13064,29
13065,106
13066,29
13067,29
13068,128
13069,128
13070,128
13071,128
13072,106
13073,128
13074,12
13075,12
13076,12
13077,31
13078,31
13079,63
13080,31
13081,31
13082,31
13083,80
13084,5
13085,5
13086,5
13087,5
13088,17
13089,80
13090,17
13091,143
13092,8
13093,95
13094,28
13095,27
13096,28
13097,28
13098,28
13099,29
13100,29
13101,27
13102,27
13103,29
13104,29
13105,27
13106,29
13107,15
13108,15
13109,33
13110,124
13111,124
13112,124
13113,71
13114,19
13115,12
13116,12
13117,12
13118,83
13119,83
13120,12
13121,83
13122,83
13123,83
13124,12
13125,47
13126,41
13127,98
13128,89
13129,89
13130,15
13131,11
13132,11
13133,50
13134,50
13135,4
13136,4
13137,63
13138,132
13139,132
13140,116
13141,116
13142,145
13143,90
13144,145
13145,13
13146,13
13147,114
13148,114
13149,99
13150,99
13151,99
13152,99
13153,98
13154,98
13155,1
13156,1
13157,114
13158,114
13159,6
13160,6
13161,24
13162,82
13163,82
13164,105
13165,105
13166,39
13167,39
13168,39
13169,82
13170,130
13171,130
13172,82
13173,130
13174,130
13175,130
13176,130
13177,82
13178,101
13179,101
13180,61
13181,61
13182,61
13183,82
13184,38
13185,30
13186,102
13187,129
13188,30
13189,102
13190,102
13191,102
13192,102
13193,102
13194,129
13195,102
13196,102
13197,102
13198,102
13199,61
13200,115
13201,115
13202,129
13203,129
13204,129
13205,38
13206,129
13207,109
13208,109
13209,89
13210,89
13211,89
13212,89
13213,89
13214,89
13215,43
13216,43
13217,90
13218,90
13219,90
13220,59
13221,82
13222,82
13223,82
13224,82
13225,47
13226,18
13227,18
13228,18
13229,18
13230,18
13231,18
13232,6
13233,6
13234,6
13235,6
13236,6
13237,109
13238,109
13239,32
13240,32
13241,13
13242,46
13243,58
13244,20
13245,20
13246,20
13247,20
13248,20
13249,112
13250,112
13251,112
13252,6
13253,58
13254,70
13255,89
13256,89
13257,63
13258,63
13259,89
13260,70
13261,12
13262,70
13263,29
13264,12
13265,12
13266,12
13267,12
13268,12
13269,34
13270,34
13271,34
13272,34
13273,86
13274,86
13275,86
13276,86
13277,86
13278,86
13279,2
13280,2
13281,86
13282,86
13283,64
13284,2
13285,92
13286,82
13287,92
13288,92
13289,92
13290,92
13291,92
13292,92
13293,92
13294,133
13295,133
13296,92
13297,92
13298,92
13299,92
13300,92
13301,92
13302,92
13303,26
13304,26
13305,59
13306,26
13307,25
13308,25
13309,25
13310,25
13311,25
13312,25
13313,25
13314,119
13315,119
13316,84
13317,25
13318,25
13319,25
13320,25
13321,26
13322,25
13323,26
13324,25
13325,25
13326,54
13327,116
13328,116
13329,119
13330,119
13331,119
13332,119
13333,119
13334,119
13335,119
13336,119
13337,119
13338,119
13339,77
13340,77
13341,77
13342,77
13343,59
13344,59
13345,77
13346,77
13347,77
13348,87
13349,87
13350,87
13351,87
13352,87
13353,87
13354,87
13355,87
13356,11
13357,11
13358,88
13359,11
13360,88
13361,11
13362,88
13363,88
13364,88
13365,88
13366,88
13367,88
13368,88
13369,53
13370,88
13371,88
13372,88
13373,88
13374,88
13375,88
13376,88
13377,28
13378,28
13379,73
13380,73
13381,73
13382,73
13383,73
13384,73
13385,111
13386,111
13387,111
13388,111
13389,111
13390,111
13391,111
13392,111
13393,111
13394,59
13395,59
13396,20
13397,53
13398,23
13399,23
13400,23
13401,23
13402,23
13403,73
13404,73
13405,73
13406,28
13407,28
13408,88
13409,88
13410,88
13411,88
13412,11
13413,56
13414,56
13415,56
13416,80
13417,80
13418,56
13419,109
13420,43
13421,43
13422,64
13423,64
13424,64
13425,64
13426,64
13427,64
13428,64
13429,64
13430,35
13431,35
13432,35
13433,31
13434,31
13435,31
13436,31
13437,31
13438,31
13439,31
13440,31
13441,31
13442,31
13443,73
13444,73
13445,73
13446,73
13447,73
13448,73
13449,73
13450,73
13451,73
13452,64
13453,64
13454,64
13455,64
13456,64
13457,64
13458,64
13459,64
13460,64
13461,64
13462,105
13463,105
13464,64
13465,64
13466,64
13467,105
13468,105
13469,105
13470,105
13471,31
13472,31
13473,31
13474,31
13475,31
13476,35
13477,31
13478,35
13479,35
13480,35
13481,24
13482,73
13483,105
13484,105
13485,105
13486,63
13487,70
13488,63
13489,70
13490,70
13491,31
13492,73
13493,73
13494,105
13495,105
13496,105
13497,12
13498,39
13499,46
13500,17
13501,122
13502,33
13503,87
13504,110
13505,134
13506,134
13507,134
13508,105
13509,123
13510,82
13511,82
13512,92
13513,91
13514,91
13515,91
13516,62
13517,64
13518,64
13519,64
13520,64
13521,12
13522,17
13523,17
13524,29
13525,29
13526,29
13527,29
13528,29
13529,111
13530,12
13531,12
13532,12
13533,12
13534,12
13535,12
13536,130
13537,130
13538,130
13539,130
13540,109
13541,109
13542,109
13543,109
13544,109
13545,99
13546,42
13547,42
13548,105
13549,42
13550,65
13551,65
13552,65
13553,65
13554,65
13555,141
13556,65
13557,141
13558,141
13559,42
13560,65
13561,42
13562,42
13563,53
13564,53
13565,76
13566,76
13567,116
13568,116
13569,116
13570,116
13571,116
13572,116
13573,116
13574,112
13575,5
13576,5
13577,71
13578,71
13579,5
13580,4
13581,4
13582,4
13583,4
13584,2
13585,2
13586,2
13587,66
13588,71
13589,66
13590,69
13591,69
13592,34
13593,34
13594,41
13595,41
13596,4
13597,74
13598,125
13599,125
13600,125
13601,125
13602,125
13603,125
13604,2
13605,2
13606,133
13607,62
13608,18
13609,18
13610,18
13611,18
13612,18
13613,18
13614,6
13615,18
13616,71
13617,71
13618,6
13619,6
13620,71
13621,6
13622,6
13623,6
13624,6
13625,6
13626,62
13627,79
13628,20
13629,20
13630,20
13631,35
13632,20
13633,83
13634,83
13635,83
13636,83
13637,83
13638,83
13639,83
13640,83
13641,83
13642,83
13643,83
13644,83
13645,83
13646,83
13647,83
13648,83
13649,83
13650,83
13651,134
13652,134
13653,134
13654,134
13655,119
13656,119
13657,82
13658,82
13659,82
13660,82
13661,82
13662,82
13663,82
13664,82
13665,82
13666,82
13667,119
13668,119
13669,119
13670,134
13671,134
13672,134
13673,134
13674,12
13675,12
13676,43
13677,43
13678,43
13679,43
13680,43
13681,13
13682,100
13683,100
13684,79
13685,79
13686,79
13687,2
13688,47
13689,2
13690,2
13691,34
13692,29
13693,65
13694,65
13695,65
13696,34
13697,34
13698,34
13699,20
13700,48
13701,48
13702,104
13703,104
13704,13
13705,13
13706,32
13707,13
13708,13
13709,13
13710,13
13711,13
13712,32
13713,32
13714,32
13715,32
13716,32
13717,32
13718,13
13719,99
13720,99
13721,13
13722,99
13723,99
13724,99
13725,14
13726,99
13727,99
13728,99
13729,99
13730,99
13731,14
13732,99
13733,99
13734,99
13735,14
13736,99
13737,99
13738,1
13739,1
13740,1
13741,1
13742,13
13743,32
13744,32
13745,32
13746,32
13747,32
13748,32
13749,96
13750,96
13751,96
13752,96
13753,96
13754,62
13755,62
13756,62
13757,62
13758,62
13759,62
13760,131
13761,131
13762,131
13763,131
13764,131
13765,131
13766,131
13767,4
13768,4
13769,53
13770,53
13771,2
13772,53
13773,53
13774,53
13775,98
13776,98
13777,63
13778,131
13779,63
13780,63
13781,63
13782,63
13783,76
13784,7
13785,7
13786,19
13787,19
13788,139
13789,139
13790,139
13791,100
13792,100
13793,99
13794,99
13795,77
13796,16
13797,16
13798,69
13799,69
13800,16
13801,69
13802,1
13803,1
13804,16
13805,16
13806,18
13807,18
13808,18
13809,18
13810,18
13811,18
13812,19
13813,18
13814,18
13815,62
13816,56
13817,62
13818,94
13819,89
13820,86
13821,86
13822,86
13823,86
13824,86
13825,92
13826,92
13827,92
13828,92
13829,92
13830,92
13831,26
13832,27
13833,27
13834,27
13835,27
13836,27
13837,106
13838,106
13839,112
13840,106
13841,112
13842,12
13843,17
13844,17
13845,17
13846,5
13847,5
13848,5
13849,5
13850,5
13851,5
13852,5
13853,34
13854,34
13855,19
13856,12
13857,12
13858,119
13859,119
13860,6
13861,6
13862,6
13863,6
13864,6
13865,12
13866,12
13867,45
13868,2
13869,2
13870,12
13871,2
13872,2
13873,2
13874,2
13875,2
13876,2
13877,37
13878,36
13879,30
13880,36
13881,36
13882,36
13883,36
13884,12
13885,12
13886,12
13887,135
13888,135
13889,135
13890,135
13891,135
13892,135
13893,106
13894,106
13895,106
13896,37
13897,37
13898,37
13899,37
13900,2
13901,2
13902,42
13903,64
13904,64
13905,64
13906,64
13907,64
13908,64
13909,64
13910,64
13911,64
13912,64
13913,64
13914,64
13915,64
13916,5
13917,30
13918,5
13919,35
13920,43
13921,43
13922,43
13923,43
13924,34
13925,34
13926,56
13927,56
13928,48
13929,48
13930,48
13931,6
13932,3
13933,6
13934,6
13935,6
13936,6
13937,130
13938,130
13939,130
13940,6
13941,130
13942,130
13943,130
13944,130
13945,130
13946,130
13947,130
13948,130
13949,130
13950,130
13951,130
13952,17
13953,17
13954,17
13955,17
13956,17
13957,17
13958,17
13959,17
13960,30
13961,17
13962,17
13963,17
13964,118
13965,118
13966,118
13967,118
13968,112
13969,112
13970,112
13971,130
13972,130
13973,130
13974,130
13975,130
13976,130
13977,130
13978,130
13979,3
13980,112
13981,80
13982,80
13983,118
13984,17
13985,17
13986,17
13987,17
13988,17
13989,46
13990,130
13991,130
13992,130
13993,135
13994,135
13995,135
13996,135
13997,135
13998,135
13999,64
14000,66
14001,66
14002,22
14003,14
14004,14
14005,14
14006,14
14007,13
14008,69
14009,69
14010,77
14011,119
14012,131
14013,131
14014,66
14015,66
14016,66
14017,76
14018,76
14019,76
14020,76
14021,76
14022,76
14023,76
14024,76
14025,76
14026,18
14027,18
14028,18
14029,18
14030,57
14031,57
14032,57
14033,26
14034,12
14035,12
14036,42
14037,42
14038,42
14039,42
14040,42
14041,42
14042,42
14043,42
14044,42
14045,65
14046,42
14047,58
14048,74
14049,47
14050,50
14051,6
14052,6
14053,26
14054,6
14055,6
14056,6
14057,6
14058,6
14059,6
14060,30
14061,30
14062,12
14063,12
14064,37
14065,37
14066,37
14067,37
14068,37
14069,37
14070,37
14071,37
14072,37
14073,37
14074,37
14075,37
14076,37
14077,52
14078,52
14079,52
14080,52
14081,52
14082,52
14083,96
14084,29
14085,29
14086,29
14087,69
14088,69
14089,20
14090,20
14091,98
14092,121
14093,53
14094,121
14095,121
14096,11
14097,11
14098,11
14099,2
14100,2
14101,52
14102,76
14103,52
14104,52
14105,52
14106,52
14107,52
14108,52
14109,52
14110,52
14111,91
14112,91
14113,74
14114,74
14115,26
14116,26
14117,26
14118,15
14119,79
14120,91
14121,91
14122,26
14123,26
14124,102
14125,12
14126,12
14127,12
14128,12
14129,12
14130,12
14131,80
14132,113
14133,113
14134,113
14135,113
14136,65
14137,65
14138,65
14139,65
14140,99
14141,24
14142,24
14143,30
14144,56
14145,56
14146,4
14147,4
14148,4
14149,4
14150,4
14151,41
14152,41
14153,41
14154,41
14155,41
14156,41
14157,41
14158,41
14159,41
14160,56
14161,56
14162,41
14163,41
14164,77
14165,77
14166,77
14167,77
14168,77
14169,77
14170,77
14171,77
14172,77
14173,77
14174,77
14175,77
14176,77
14177,134
14178,134
14179,77
14180,77
14181,56
14182,56
14183,56
14184,56
14185,89
14186,89
14187,89
14188,92
14189,92
14190,92
14191,56
14192,56
14193,56
14194,142
14195,18
14196,18
14197,13
14198,31
14199,31
14200,31
14201,128
14202,128
14203,128
14204,128
14205,25
14206,25
14207,25
14208,25
14209,17
14210,37
14211,89
14212,17
14213,96
14214,96
14215,96
14216,96
14217,96
14218,110
14219,110
14220,110
14221,135
14222,135
14223,135
14224,135
14225,135
14226,135
14227,135
14228,135
14229,135
14230,135
14231,135
14232,96
14233,64
14234,64
14235,64
14236,64
14237,64
14238,96
14239,64
14240,86
14241,64
14242,64
14243,64
14244,96
14245,64
14246,85
14247,85
14248,30
14249,30
14250,96
14251,30
14252,110
14253,135
14254,135
14255,135
14256,135
14257,135
14258,135
14259,135
14260,135
14261,96
14262,135
14263,135
14264,81
14265,81
14266,96
14267,81
14268,96
14269,12
14270,96
14271,18
14272,18
14273,24
14274,89
14275,89
14276,89
14277,89
14278,89
14279,89
14280,24
14281,24
14282,109
14283,109
14284,73
14285,73
14286,28
14287,28
14288,28
14289,28
14290,22
14291,22
14292,109
14293,18
14294,18
14295,127
14296,127
14297,18
14298,127
14299,82
14300,143
14301,9
14302,143
14303,143
14304,9
14305,143
14306,80
14307,80
14308,133
14309,133
14310,71
14311,71
14312,71
14313,71
14314,71
14315,71
14316,71
14317,66
14318,66
14319,71
14320,41
14321,41
14322,41
14323,18
14324,41
14325,41
14326,41
14327,41
14328,41
14329,41
14330,66
14331,66
14332,41
14333,12
14334,41
14335,41
14336,74
14337,74
14338,128
14339,14
14340,14
14341,2
14342,18
14343,18
14344,18
14345,18
14346,29
14347,29
14348,29
14349,12
14350,111
14351,90
14352,90
14353,37
14354,90
14355,90
14356,113
14357,33
14358,37
14359,113
14360,113
14361,64
14362,64
14363,64
14364,37
14365,37
14366,64
14367,3
14368,3
14369,3
14370,37
14371,36
14372,37
14373,44
14374,36
14375,141
14376,36
14377,56
14378,56
14379,56
14380,62
14381,62
14382,62
14383,62
14384,36
14385,56
14386,84
14387,84
14388,118
14389,118
14390,118
14391,36
14392,115
14393,115
14394,115
14395,115
14396,115
14397,36
14398,61
14399,54
14400,54
14401,36
14402,96
14403,96
14404,33
14405,96
14406,96
14407,53
14408,96
14409,135
14410,135
14411,135
14412,135
14413,33
14414,86
14415,86
14416,86
14417,86
14418,96
14419,70
14420,22
14421,22
14422,109
14423,109
14424,96
14425,5
14426,5
14427,30
14428,96
14429,32
14430,32
14431,32
14432,32
14433,32
14434,66
14435,65
14436,65
14437,65
14438,65
14439,65
14440,65
14441,65
14442,65
14443,141
14444,65
14445,83
14446,140
14447,140
14448,109
14449,140
14450,95
14451,95
14452,95
14453,140
14454,84
14455,86
14456,86
14457,124
14458,124
14459,124
14460,81
14461,81
14462,142
14463,142
14464,11
14465,11
14466,11
14467,11
14468,50
14469,50
14470,133
14471,99
14472,82
14473,99
14474,10
14475,82
14476,82
14477,82
14478,82
14479,83
14480,83
14481,111
14482,89
14483,89
14484,89
14485,41
14486,41
14487,41
14488,41
14489,81
14490,81
14491,81
14492,81
14493,44
14494,44
14495,44
14496,44
14497,44
14498,44
14499,44
14500,44
14501,44
14502,44
14503,44
14504,44
14505,44
14506,44
14507,141
14508,44
14509,141
14510,141
14511,141
14512,141
14513,141
14514,141
14515,71
14516,83
14517,83
14518,83
14519,52
14520,146
14521,76
14522,76
14523,13
14524,77
14525,77
14526,33
14527,120
14528,77
14529,77
14530,120
14531,120
14532,120
14533,41
14534,120
14535,83
14536,77
14537,77
14538,22
14539,91
14540,91
14541,91
14542,2
14543,120
14544,2
14545,102
14546,120
14547,11
14548,11
14549,120
14550,4
14551,4
14552,51
14553,51
14554,17
14555,18
14556,18
14557,18
14558,18
14559,6
14560,6
14561,127
14562,6
14563,38
14564,70
14565,89
14566,38
14567,38
14568,88
14569,38
14570,65
14571,65
14572,51
14573,44
14574,44
14575,44
14576,44
14577,86
14578,30
14579,86
14580,86
14581,38
14582,109
14583,91
14584,91
14585,4
14586,4
14587,40
14588,2
14589,40
14590,2
14591,2
14592,2
14593,91
14594,26
14595,26
14596,27
14597,12
14598,12
14599,35
14600,29
14601,35
14602,43
14603,43
14604,12
14605,12
14606,12
14607,12
14608,12
14609,29
14610,29
14611,29
14612,29
14613,29
14614,29
14615,82
14616,82
14617,82
14618,82
14619,82
14620,104
14621,104
14622,132
14623,89
14624,63
14625,21
14626,51
14627,49
14628,89
14629,89
14630,89
14631,89
14632,89
14633,89
14634,89
14635,89
14636,89
14637,89
14638,5
14639,62
14640,79
14641,79
14642,79
14643,40
14644,40
14645,11
14646,50
14647,33
14648,8
14649,80
14650,8
14651,95
14652,108
14653,108
14654,108
14655,108
14656,22
14657,22
14658,109
14659,5
14660,5
14661,14
14662,14
14663,13
14664,13
14665,17
14666,17
14667,45
14668,46
14669,11
14670,11
14671,37
14672,37
14673,11
14674,11
14675,43
14676,43
14677,43
14678,43
14679,43
14680,43
14681,43
14682,43
14683,43
14684,43
14685,43
14686,119
14687,119
14688,119
14689,119
14690,119
14691,100
14692,100
14693,100
14694,100
14695,100
14696,100
14697,100
14698,100
14699,100
14700,83
14701,83
14702,83
14703,83
14704,83
14705,83
14706,76
14707,76
14708,76
14709,76
14710,76
14711,76
14712,19
14713,19
14714,76
14715,100
14716,100
14717,100
14718,100
14719,83
14720,83
14721,83
14722,83
14723,83
14724,19
14725,19
14726,76
14727,76
14728,76
14729,76
14730,76
14731,76
14732,106
14733,106
14734,106
14735,106
14736,34
14737,18
14738,18
14739,144
14740,144
14741,34
14742,96
14743,96
14744,135
14745,135
14746,135
14747,82
14748,118
14749,118
14750,118
14751,118
14752,110
14753,24
14754,24
14755,32
14756,89
14757,96
14758,96
14759,62
14760,3
14761,46
14762,46
14763,3
14764,3
14765,3
14766,3
14767,3
14768,3
14769,101
14770,61
14771,61
14772,61
14773,95
14774,62
14775,56
14776,62
14777,34
14778,44
14779,34
14780,34
14781,32
14782,32
14783,32
14784,34
14785,29
14786,50
14787,17
14788,34
14789,130
14790,130
14791,128
14792,128
14793,128
14794,128
14795,34
14796,29
14797,29
14798,34
14799,29
14800,29
14801,29
14802,34
14803,29
14804,29
14805,29
14806,143
14807,143
14808,143
14809,143
14810,135
14811,135
14812,34
14813,135
14814,48
14815,21
14816,48
14817,34
14818,45
14819,45
14820,21
14821,21
14822,21
14823,11
14824,21
14825,2
14826,2
14827,2
14828,9
14829,21
14830,21
14831,143
14832,121
14833,21
14834,91
14835,91
14836,21
14837,95
14838,53
14839,53
14840,53
14841,13
14842,78
14843,78
14844,78
14845,56
14846,66
14847,109
14848,66
14849,109
14850,132
14851,109
14852,112
14853,109
14854,93
14855,93
14856,93
14857,93
14858,93
14859,93
14860,109
14861,62
14862,62
14863,62
14864,62
14865,56
14866,56
14867,56
14868,109
14869,56
14870,56
14871,56
14872,56
14873,109
14874,109
14875,105
14876,105
14877,86
14878,109
14879,30
14880,109
14881,50
14882,13
14883,13
14884,102
14885,109
14886,102
14887,109
14888,126
14889,99
14890,99
14891,99
14892,99
14893,109
14894,86
14895,85
14896,32
14897,99
14898,99
14899,121
14900,121
14901,121
14902,109
14903,49
14904,49
14905,49
14906,89
14907,89
14908,109
14909,24
14910,24
14911,37
14912,37
14913,37
14914,37
14915,37
14916,37
14917,67
14918,142
14919,142
14920,142
14921,83
14922,83
14923,83
14924,83
14925,83
14926,37
14927,37
14928,37
14929,43
14930,43
14931,43
14932,43
14933,109
14934,83
14935,83
14936,37
14937,83
14938,83
14939,76
14940,37
14941,43
14942,37
14943,37
14944,67
14945,67
14946,67
14947,37
14948,18
14949,109
14950,18
14951,18
14952,18
14953,18
14954,18
14955,67
14956,76
14957,13
14958,76
14959,13
14960,13
14961,13
14962,135
14963,96
14964,96
14965,109
14966,96
14967,30
14968,30
14969,66
14970,66
14971,66
14972,128
14973,66
14974,66
14975,128
14976,128
14977,128
14978,128
14979,128
14980,128
14981,128
14982,109
14983,128
14984,128
14985,32
14986,32
14987,32
14988,32
14989,32
14990,32
14991,32
14992,32
14993,13
14994,13
14995,13
14996,13
14997,13
14998,13
14999,13
15000,13
15001,13
15002,13
15003,13
15004,109
15005,13
15006,76
15007,13
15008,67
15009,142
15010,142
15011,142
15012,142
15013,142
15014,142
15015,142
15016,142
15017,142
15018,142
15019,142
15020,142
15021,109
15022,104
15023,95
15024,109
15025,34
15026,34
15027,104
15028,34
15029,34
15030,104
15031,34
15032,34
15033,34
15034,34
15035,34
15036,34
15037,34
15038,34
15039,104
15040,34
15041,42
15042,42
15043,104
15044,37
15045,37
15046,104
15047,104
15048,74
15049,110
15050,104
15051,1
15052,16
15053,118
15054,118
15055,118
15056,118
15057,104
15058,92
15059,104
15060,27
15061,76
15062,13
15063,145
15064,13
15065,13
15066,104
15067,69
15068,69
15069,69
15070,104
15071,126
15072,110
15073,126
15074,126
15075,47
15076,104
15077,47
15078,47
15079,115
15080,115
15081,115
15082,51
15083,90
15084,90
15085,104
15086,111
15087,111
15088,94
15089,132
15090,132
15091,52
15092,132
15093,9
15094,9
15095,9
15096,9
15097,89
15098,94
15099,74
15100,31
15101,31
15102,145
15103,145
15104,145
15105,29
15106,77
15107,57
15108,57
15109,57
15110,57
15111,45
15112,46
15113,45
15114,46
15115,52
15116,52
15117,52
15118,12
15119,52
15120,52
15121,52
15122,52
15123,118
15124,118
15125,49
15126,49
15127,49
15128,94
15129,53
15130,90
15131,90
15132,90
15133,82
15134,25
15135,65
15136,42
15137,65
15138,44
15139,42
15140,42
15141,44
15142,42
15143,42
15144,44
15145,42
15146,126
15147,81
15148,110
15149,110
15150,110
15151,110
15152,110
15153,110
15154,110
15155,110
15156,30
15157,86
15158,86
15159,86
15160,86
15161,86
15162,86
15163,86
15164,86
15165,126
15166,81
15167,44
15168,44
15169,44
15170,44
15171,141
15172,44
15173,141
15174,85
15175,85
15176,110
15177,110
15178,110
15179,110
15180,110
15181,81
15182,25
15183,77
15184,77
15185,25
15186,41
15187,41
15188,41
15189,42
15190,42
15191,134
15192,49
15193,17
15194,17
15195,17
15196,17
15197,44
15198,44
15199,99
15200,99
15201,99
15202,99
15203,49
15204,95
15205,95
15206,53
15207,82
15208,82
15209,82
15210,82
15211,121
15212,121
15213,121
15214,62
15215,62
15216,62
15217,62
15218,62
15219,62
15220,62
15221,62
15222,52
15223,78
15224,78
15225,134
15226,21
15227,21
15228,21
15229,21
15230,21
15231,21
15232,22
15233,22
15234,22
15235,22
15236,140
15237,22
15238,140
15239,109
15240,140
15241,109
15242,140
15243,140
15244,109
15245,140
15246,48
15247,48
15248,104
15249,48
15250,104
15251,48
15252,104
15253,104
15254,104
15255,104
15256,109
15257,109
15258,109
15259,109
15260,109
15261,109
15262,21
15263,21
15264,21
15265,21
15266,66
15267,30
15268,19
15269,19
15270,39
15271,27
15272,27
15273,104
15274,104
15275,104
15276,39
15277,18
15278,18
15279,18
15280,18
15281,63
15282,48
15283,134
15284,73
15285,73
15286,73
15287,73
15288,73
15289,111
15290,20
15291,20
15292,20
15293,20
15294,63
15295,63
15296,63
15297,63
15298,12
15299,29
15300,29
15301,29
15302,29
15303,111
15304,111
15305,111
15306,111
15307,111
15308,111
15309,111
15310,111
15311,48
15312,52
15313,52
15314,52
15315,13
15316,13
15317,13
15318,14
15319,14
15320,98
15321,98
15322,98
15323,98
15324,98
15325,67
15326,67
15327,121
15328,121
15329,121
15330,134
15331,53
15332,53
15333,53
15334,53
15335,116
15336,116
15337,77
15338,78
15339,71
15340,79
15341,79
15342,79
15343,72
15344,128
15345,128
15346,88
15347,88
15348,71
15349,79
15350,80
15351,121
15352,121
15353,121
15354,121
15355,121
15356,98
15357,98
15358,63
15359,63
15360,63
15361,63
15362,8
15363,89
15364,92
15365,17
15366,17
15367,62
15368,62
15369,17
15370,17
15371,17
15372,17
15373,82
15374,109
15375,109
15376,82
15377,82
15378,133
15379,53
15380,53
15381,17
15382,17
15383,130
15384,78
15385,91
15386,122
15387,41
15388,34
15389,34
15390,34
15391,34
15392,30
15393,19
15394,19
15395,19
15396,19
15397,19
15398,19
15399,19
15400,19
15401,19
15402,19
15403,19
15404,19
15405,110
15406,19
15407,110
15408,110
15409,110
15410,110
15411,110
15412,110
15413,110
15414,110
15415,110
15416,19
15417,110
15418,19
15419,83
15420,100
15421,19
15422,19
15423,19
15424,19
15425,19
15426,41
15427,37
15428,37
15429,37
15430,37
15431,62
15432,62
15433,2
15434,2
15435,2
15436,29
15437,53
15438,53
15439,53
15440,37
15441,37
15442,37
15443,38
15444,38
15445,96
15446,96
15447,38
15448,38
15449,12
15450,63
15451,76
15452,76
15453,13
15454,13
15455,128
15456,128
15457,128
15458,128
15459,128
15460,128
15461,128
15462,128
15463,96
15464,128
15465,128
15466,128
15467,128
15468,96
15469,79
15470,79
15471,79
15472,80
15473,79
15474,80
15475,37
15476,121
15477,121
15478,121
15479,121
15480,121
15481,121
15482,121
15483,121
15484,121
15485,121
15486,121
15487,121
15488,121
15489,121
15490,121
15491,121
15492,121
15493,121
15494,19
15495,19
15496,19
15497,19
15498,125
15499,87
15500,140
15501,37
15502,89
15503,89
15504,89
15505,89
15506,89
15507,89
15508,89
15509,89
15510,89
15511,89
15512,89
15513,89
15514,89
15515,89
15516,89
15517,34
15518,34
15519,34
15520,92
15521,92
15522,92
15523,92
15524,93
15525,121
15526,121
15527,37
15528,34
15529,57
15530,57
15531,57
15532,57
15533,30
15534,30
15535,19
15536,110
15537,110
15538,110
15539,110
15540,110
15541,19
15542,110
15543,19
15544,110
15545,110
15546,110
15547,110
15548,110
15549,65
15550,65
15551,42
15552,65
15553,65
15554,65
15555,65
15556,19
15557,19
15558,19
15559,19
15560,19
15561,110
15562,42
15563,30
15564,30
15565,30
15566,37
15567,86
15568,86
15569,86
15570,86
15571,86
15572,86
15573,86
15574,86
15575,86
15576,86
15577,86
15578,86
15579,86
15580,86
15581,86
15582,86
15583,66
15584,135
15585,135
15586,135
15587,135
15588,135
15589,135
15590,135
15594,96
15595,66
15596,66
15597,66
15598,66
15599,66
15600,66
15601,89
15602,66
15603,66
15604,66
15605,66
15606,86
15607,86
15608,86
15609,86
15610,30
15611,30
15612,29
15613,29
15614,29
15615,94
15616,89
15617,115
15618,115
15619,130
15620,145
15621,145
15622,94
15623,9
15624,60
15625,17
15626,32
15627,32
15628,144
15629,36
15630,36
15631,44
15632,44
15633,3
15634,3
15635,3
15636,3
15637,3
15638,3
15639,3
15640,3
15641,50
15642,50
15643,50
15644,132
15645,27
15646,27
15647,27
15648,27
15649,27
15650,132
15651,89
15652,89
15653,89
15654,89
15655,25
15656,25
15657,56
15658,56
15659,79
15660,79
15661,79
15662,27
15663,27
15664,46
15665,46
15666,46
15667,121
15668,91
15669,15
15670,15
15671,49
15672,91
15673,91
15674,91
15675,62
15676,95
15677,5
15678,5
15679,5
15680,5
15681,5
15682,5
15683,5
15684,32
15685,115
15686,5
15687,5
15688,112
15689,112
15690,112
15691,112
15692,112
15693,5
15694,5
15695,112
15696,112
15697,112
15698,5
15699,63
15700,6
15701,6
15702,118
15703,115
15704,25
15705,25
15706,25
15707,121
15708,92
15709,92
15710,124
15711,124
15712,124
15713,71
15714,124
15715,115
15716,37
15717,36
15718,37
15719,37
15720,20
15721,2
15722,2
15723,2
15724,96
15725,96
15726,52
15727,52
15728,48
15729,33
15730,33
15731,33
15732,33
15733,16
15734,69
15735,72
15736,57
15737,57
15738,57
15739,14
15740,14
15741,14
15742,14
15743,67
15744,25
15745,25
15746,25
15747,33
15748,25
15749,25
15750,25
15751,25
15752,25
15753,25
15754,25
15755,25
15756,25
15757,25
15758,25
15759,25
15760,25
15761,25
15762,25
15763,78
15764,78
15765,78
15766,78
15767,78
15768,78
15769,6
15770,6
15771,33
15772,81
15773,81
15774,99
15775,93
15776,62
15777,62
15778,70
15779,93
15780,43
15781,93
15782,128
15783,21
15784,21
15785,61
15786,37
15787,37
15788,37
15789,37
15790,37
15791,37
15792,36
15793,36
15794,36
15795,106
15796,37
15797,37
15798,106
15799,37
15800,37
15801,48
15802,48
15803,48
15804,6
15805,6
15806,6
15807,6
15808,6
15809,6
15810,44
15811,44
15812,44
15813,44
15814,54
15815,54
15816,12
15817,35
15818,35
15819,40
15820,40
15821,40
15822,121
15823,121
15824,121
15825,121
15826,121
15827,121
15828,121
15829,121
15830,86
15831,135
15832,121
15833,121
15834,121
15835,86
15836,48
15837,91
15838,91
15839,135
15840,91
15841,122
15842,122
15843,99
15844,40
15845,40
15846,4
15847,4
15848,105
15849,105
15850,105
15851,78
15852,78
15853,105
15854,62
15855,62
15856,62
15857,67
15858,67
15859,67
15860,67
15861,67
15862,67
15863,78
15864,67
15865,67
15866,105
15867,105
15868,40
15869,40
15870,40
15871,40
15872,121
15873,52
15874,52
15875,36
15876,36
15877,36
15878,144
15879,144
15880,144
15881,37
15882,37
15883,37
15884,78
15885,130
15886,130
15887,130
15888,130
15889,78
15890,95
15891,59
15892,59
15893,89
15894,17
15895,18
15896,18
15897,18
15898,140
15899,140
15900,140
15901,70
15902,70
15903,29
15904,29
15905,29
15906,29
15907,29
15908,29
15909,29
15910,111
15911,111
15912,111
15913,111
15914,111
15915,111
15916,111
15917,111
15918,78
15919,111
15920,111
15921,128
15922,26
15923,38
15924,25
15925,26
15926,25
15927,38
15928,26
15929,38
15930,38
15931,38
15932,38
15933,38
15934,38
15935,38
15936,38
15937,79
15938,79
15939,40
15940,13
15941,93
15942,93
15943,17
15944,27
15945,19
15946,19
15947,19
15948,19
15949,19
15950,19
15951,19
15952,19
15953,19
15954,19
15955,19
15956,19
15957,19
15958,19
15959,19
15960,19
15961,19
15962,19
15963,19
15964,19
15965,110
15966,110
15967,110
15968,110
15969,110
15970,110
15971,110
15972,110
15973,81
15974,19
15975,19
15976,19
15977,19
15978,19
15979,110
15980,110
15981,110
15982,81
15983,56
15984,56
15985,27
15986,45
15987,48
15988,78
15989,63
15990,62
15991,62
15992,62
15993,62
15994,62
15995,62
15996,56
15997,56
15998,89
15999,33
16000,39
16001,39
16002,5
16003,108
16004,108
16005,108
16006,13
16007,110
16008,110
16009,34
16010,63
16011,34
16012,34
16013,34
16014,43
16015,29
16016,29
16017,35
16018,35
16019,35
16020,119
16021,119
16022,119
16023,119
16024,119
16025,119
16026,119
16027,77
16028,77
16029,77
16030,77
16031,54
16032,54
16033,54
16034,54
16035,54
16036,95
16037,13
16038,5
16039,5
16040,5
16041,5
16042,5
16043,5
16044,5
16045,5
16046,91
16047,30
16048,43
16049,12
16050,43
16051,43
16052,12
16053,12
16054,12
16055,12
16056,12
16057,32
16058,63
16059,112
16060,56
16061,56
16062,56
16063,56
16064,56
16065,56
16066,112
16067,56
16068,56
16069,39
16070,39
16071,39
16072,39
16073,112
16074,83
16075,83
16076,83
16077,37
16078,37
16079,112
16080,32
16081,32
16082,32
16083,99
16084,99
16085,99
16086,99
16087,125
16088,96
16089,96
16090,2
16091,2
16092,2
16093,2
16094,84
16095,84
16096,99
16097,41
16098,108
16099,43
16100,43
16101,42
16102,65
16103,145
16104,145
16105,145
16106,145
16107,145
16108,145
16109,53
16110,53
16111,65
16112,65
16113,2
16114,2
16115,43
16116,63
16117,121
16118,24
16119,43
16120,43
16121,24
16122,21
16123,97
16124,29
16125,29
16126,29
16127,49
16128,49
16129,49
16130,18
16131,18
16132,18
16133,21
16134,21
16135,33
16136,33
16137,49
16138,49
16139,106
16140,37
16141,37
16142,37
16143,37
16144,37
16145,145
16146,145
16147,62
16148,145
16149,145
16150,63
16151,63
16152,63
16153,63
16154,43
16155,63
16156,93
16157,63
16158,63
16159,2
16160,103
16161,96
16162,34
16163,110
16164,63
16165,117
16166,117
16167,117
16168,117
16169,117
16170,117
16171,117
16172,117
16173,117
16174,117
16175,117
16176,117
16177,117
16178,34
16179,44
16180,44
16181,77
16182,34
16183,34
16184,92
16185,91
16186,91
16187,89
16188,23
16189,23
16190,5
16191,5
16192,5
16193,85
16194,85
16195,63
16196,128
16197,128
16198,29
16199,29
16200,90
16201,90
16202,90
16203,90
16204,117
16205,117
16206,90
16207,90
16208,1
16209,1
16210,16
16211,16
16212,147
16213,147
16214,24
16215,44
16216,63
16217,33
16218,33
16219,33
16220,106
16221,106
16222,106
16223,106
16224,3
16225,3
16226,33
16227,33
16228,33
16229,33
16230,33
16231,33
16232,33
16233,33
16234,33
16235,33
16236,33
16237,33
16238,118
16239,118
16240,118
16241,118
16242,118
16243,118
16244,33
16245,33
16246,33
16247,33
16248,33
16249,33
16250,33
16251,33
16252,33
16253,33
16254,33
16255,118
16256,118
16257,118
16258,118
16259,118
16260,118
16261,17
16262,17
16263,18
16264,17
16265,17
16266,17
16267,18
16268,17
16269,17
16270,6
16271,6
16272,6
16273,6
16274,6
16275,18
16276,18
16277,18
16278,18
16279,18
16280,18
16281,18
16282,6
16283,4
16284,116
16285,116
16286,116
16287,116
16288,5
16289,5
16290,34
16291,34
16292,80
16293,27
16294,27
16295,27
16296,27
16297,27
16298,27
16299,27
16300,27
16301,27
16302,27
16303,27
16304,27
16305,27
16306,27
16307,27
16308,27
16309,27
16310,27
16311,27
16312,25
16313,25
16314,25
16315,25
16316,25
16317,25
16318,63
16319,25
16320,25
16321,25
16322,25
16323,25
16324,25
16325,25
16326,25
16327,25
16328,25
16329,25
16330,25
16331,25
16332,26
16333,27
16334,27
16335,27
16336,27
16337,27
16338,27
16339,27
16340,27
16341,27
16342,27
16343,34
16344,34
16345,34
16346,34
16347,24
16348,24
16349,24
16350,63
16351,105
16352,105
16353,92
16354,29
16355,91
16356,52
16357,52
16358,52
16359,52
16360,111
16361,111
16362,30
16363,3
16364,3
16365,3
16366,3
16367,3
16368,3
16369,3
16370,130
16371,130
16372,130
16373,130
16374,130
16375,130
16376,130
16377,130
16378,3
16379,3
16380,3
16381,3
16382,95
16383,95
16384,61
16385,82
16386,82
16387,2
16388,53
16389,125
16390,44
16391,44
16392,48
16393,12
16394,12
16395,48
16396,48
16397,5
16398,12
16399,56
16400,88
16401,88
16402,88
16403,27
16404,124
16405,124
16406,114
16407,114
16408,70
16409,114
16410,48
16411,48
16412,48
16413,88
16414,44
16415,88
16416,39
16417,39
16418,81
16419,112
16420,112
16421,100
16422,135
16423,98
16424,44
16425,111
16426,111
16427,121
16428,121
16429,71
16430,136
16431,25
16432,116
16433,79
16434,40
16435,121
16436,70
16437,19
16438,19
16439,19
16440,19
16441,19
16442,19
16443,19
16444,19
16445,19
16446,19
16447,109
16448,109
16449,109
16450,109
16451,98
16452,140
16453,140
16454,140
16455,140
16456,43
16457,43
16458,63
16459,63
16460,43
16461,63
16462,70
16463,70
16464,70
16465,70
16466,70
16467,70
16468,70
16469,5
16470,98
16471,78
16472,144
16473,144
16474,118
16475,98
16476,40
16477,40
16478,40
16479,40
16480,124
16481,111
16482,20
16483,38
16484,38
16485,38
16486,38
16487,26
16488,25
16489,25
16490,25
16491,25
16492,25
16493,98
16494,98
16495,67
16496,67
16497,67
16498,67
16499,67
16500,67
16501,67
16502,2
16503,32
16504,32
16505,99
16506,32
16507,14
16508,114
16509,114
16510,34
16511,29
16512,98
16513,31
16514,31
16515,31
16516,31
16517,84
16518,39
16519,71
16520,128
16521,54
16522,54
16523,54
16524,54
16525,31
16526,23
16527,23
16528,45
16529,45
16530,45
16531,62
16532,62
16533,62
16534,29
16535,29
16536,111
16537,113
16538,113
16539,98
16540,72
16541,116
16542,31
16543,31
16544,98
16545,20
16546,5
16547,142
16548,82
16549,15
16550,100
16551,3
16552,48
16553,48
16554,48
16555,48
16556,48
16557,48
16558,48
16559,50
16560,48
16561,145
16562,145
16563,50
16564,16
16565,98
16566,69
16567,9
16568,35
16569,35
16570,31
16571,31
16572,31
16573,31
16574,31
16575,31
16576,31
16577,50
16578,43
16579,35
16580,35
16581,82
16582,10
16583,82
16584,82
16585,10
16586,10
16587,10
16588,10
16589,10
16590,50
16591,46
16592,50
16593,18
16594,18
16595,18
16596,18
16597,50
16598,18
16599,18
16600,71
16601,98
16602,24
16603,24
16604,94
16605,94
16606,94
16607,29
16608,29
16609,13
16610,47
16611,47
16612,62
16613,62
16614,93
16615,62
16616,62
16617,93
16618,62
16619,62
16620,93
16621,93
16622,93
16623,93
16624,37
16625,61
16626,5
16627,5
16628,5
16629,5
16630,5
16631,5
16632,5
16633,47
16634,29
16635,64
16636,89
16637,94
16638,24
16639,39
16640,39
16641,121
16642,121
16643,121
16644,71
16645,72
16646,72
16647,72
16648,72
16649,72
16650,39
16651,109
16652,87
16653,62
16654,62
16655,131
16656,52
16657,52
16658,52
16659,52
16660,48
16661,48
16662,48
16663,48
16664,14
16665,128
16666,89
16667,119
16668,119
16669,34
16670,88
16671,88
16672,50
16673,50
16674,46
16675,46
16676,46
16677,128
16678,128
16679,39
16680,39
16681,39
16682,30
16683,113
16684,84
16685,25
16686,27
16687,63
16688,63
16689,22
16690,29
16691,5
16692,5
16693,43
16694,43
16695,43
16696,43
16697,43
16698,43
16699,99
16700,99
16701,99
16702,66
16703,5
16704,5
16705,2
16706,2
16707,31
16708,49
16709,49
16710,89
16711,89
16712,128
16713,31
16714,25
16715,108
16716,108
16717,84
16718,39
16719,84
16720,39
16721,29
16722,29
16723,13
16724,13
16725,13
16726,13
16727,79
16728,79
16729,48
16730,29
16731,29
16732,111
16733,5
16734,62
16735,18
16736,90
16737,53
16738,90
16739,90
16740,17
16741,46
16742,22
16743,22
16744,22
16745,22
16746,22
16747,22
16748,140
16749,140
16750,34
16751,34
16752,34
16753,34
16754,34
16755,43
16756,37
16757,125
16758,125
16759,37
16760,123
16761,35
16762,91
16763,94
16764,94
16765,94
16766,63
16767,89
16768,89
16769,89
16770,17
16771,33
16772,45
16773,46
16774,46
16775,46
16776,99
16777,35
16778,99
16779,113
16780,2
16781,2
16782,124
16783,124
16784,122
16785,122
16786,122
16787,122
16788,72
16789,72
16790,116
16791,116
16792,46
16793,5
16794,114
16795,96
16796,18
16797,13
16798,63
16799,63
16800,63
16801,12
16802,116
16803,112
16804,112
16805,67
16806,14
16807,14
16808,31
16809,31
16810,5
16811,14
16812,99
16813,99
16814,99
16815,63
16816,37
16819,52
16820,52
16821,52
16822,52
16823,52
16824,52
16825,63
16826,71
16827,14
16828,14
16829,14
16830,98
16831,98
16832,98
16833,40
16834,40
16835,40
16836,40
16837,40
16838,40
16839,40
16840,40
16841,40
16842,113
16843,113
16844,48
16845,39
16846,39
16847,39
16848,39
16849,9
16850,9
16851,49
16852,49
16853,49
16854,49
16855,49
16856,49
16857,75
16858,75
16859,75
16860,75
16861,75
16862,75
16863,64
16864,75
16865,28
16866,28
16867,28
16868,28
16869,28
16870,28
16871,28
16872,28
16873,28
16874,28
16875,28
16876,28
16877,28
16878,28
16879,28
16880,28
16881,28
16882,73
16883,73
16884,73
16885,31
16886,31
16887,73
16888,28
16889,28
16890,64
16891,28
16892,64
16893,64
16894,64
16895,64
16896,64
16897,49
16898,93
16899,93
16900,37
16901,37
16902,37
16903,14
16904,14
16905,14
16906,89
16907,89
16908,89
16909,89
16910,89
16911,89
16912,89
16913,89
16914,89
16915,24
16916,24
16917,63
16918,63
16919,24
16920,89
16921,24
16922,24
16923,24
16924,24
16925,24
16926,24
16927,43
16928,43
16929,43
16930,2
16931,121
16932,83
16933,83
16934,83
16935,83
16936,83
16937,83
16938,83
16939,112
16940,64
16941,62
16942,63
16943,62
16944,62
16945,62
16946,62
16947,62
16948,62
16949,62
16950,62
16951,62
16952,62
16953,26
16954,14
16955,52
16956,113
16957,69
16958,69
16959,22
16960,22
16961,1
16962,37
16963,109
16964,109
16965,113
16966,113
16967,113
16968,36
16969,121
16970,121
16971,121
16972,30
16973,72
16974,72
16975,39
16976,92
16977,12
16978,91
16979,135
16980,135
16981,9
16982,143
16983,143
16984,143
16985,143
16986,70
16987,70
16988,70
16989,91
16990,14
16991,14
16992,14
16993,14
16994,13
16995,13
16996,108
16997,108
16998,108
16999,108
17000,108
17001,108
17002,24
17003,24
17004,40
17005,4
17006,39
17007,39
17008,3
17009,21
17010,21
17011,3
17012,17
17013,33
17014,18
17015,33
17016,18
17017,124
17018,35
17019,124
17020,124
17021,124
17022,68
17023,68
17024,124
17025,68
17026,72
17027,72
17028,72
17029,72
17030,31
17031,31
17032,124
17033,124
17034,70
17035,124
17036,24
17037,24
17038,19
17039,19
17040,41
17041,40
17042,30
17043,30
17044,30
17045,30
17046,30
17047,83
17048,35
17049,35
17050,31
17051,121
17052,32
17053,7
17054,95
17055,71
17056,71
17057,71
17058,71
17059,56
17060,83
17061,44
17062,44
17063,141
17064,141
17065,28
17066,28
17067,28
17068,15
17069,16
17070,32
17071,32
17072,35
17073,31
17074,31
17075,30
17076,30
17077,42
17078,65
17079,62
17080,50
17081,116
17082,116
17083,116
17084,116
17085,132
17086,132
17087,116
17088,64
17089,64
17090,5
17091,5
17092,5
17093,43
17094,63
17095,70
17096,70
17097,90
17098,90
17099,59
17100,128
17101,100
17102,41
17103,41
17104,54
17105,54
17106,20
17107,20
17108,12
17109,56
17110,37
17111,37
17112,37
17113,54
17114,54
17115,41
17116,41
17117,77
17118,5
17119,132
17120,116
17121,64
17122,128
17123,64
17124,8
17125,42
17126,44
17127,18
17128,18
17129,18
17130,121
17131,88
17132,88
17133,88
17134,26
17135,26
17136,26
17137,63
17138,63
17139,26
17140,26
17141,26
17142,33
17143,141
17144,141
17145,52
17146,67
17147,67
17148,4
17149,4
17150,124
17151,62
17152,62
17153,62
17154,37
17155,37
17156,37
17157,4
17158,4
17159,62
17160,62
17161,62
17162,62
17163,62
17164,37
17165,112
17166,122
17167,14
17168,14
17169,58
17170,58
17171,143
17172,22
17173,22
17174,22
17175,140
17176,17
17177,17
17178,17
17179,17
17180,17
17181,17
17182,84
17183,33
17184,33
17185,33
17186,18
17187,33
17188,18
17189,18
17190,18
17191,18
17192,17
17193,39
17194,17
17195,17
17196,17
17197,17
17198,46
17199,45
17200,45
17201,45
17202,45
17203,45
17204,45
17205,5
17206,143
17207,140
17208,140
17209,140
17210,109
17211,109
17212,109
17213,113
17214,39
17215,39
17216,109
17217,4
17218,40
17219,40
17220,40
17221,40
17222,40
17223,40
17224,40
17225,40
17226,121
17227,121
17228,121
17229,121
17230,121
17231,121
17232,121
17233,121
17234,121
17235,121
17236,121
17237,121
17238,121
17239,121
17240,60
17241,60
17242,121
17243,121
17244,121
17245,121
17246,90
17247,9
17248,9
17249,9
17250,4
17251,40
17252,2
17253,121
17254,121
17255,121
17256,121
17257,121
17258,121
17259,121
17260,128
17261,128
17262,128
17263,128
17264,109
17265,109
17266,66
17267,66
17268,66
17269,99
17270,99
17271,99
17272,69
17273,109
17274,69
17275,16
17276,69
17277,15
17278,69
17279,128
17280,128
17281,32
17282,99
17283,32
17284,99
17285,99
17286,99
17287,99
17288,99
17289,126
17290,126
17291,16
17292,69
17293,69
17294,69
17295,48
17296,48
17297,48
17298,91
17299,93
17300,56
17301,42
17302,66
17303,66
17304,66
17305,66
17306,66
17307,66
17308,43
17309,117
17310,52
17311,112
17312,118
17313,118
17314,118
17315,118
17316,71
17317,71
17318,112
17319,18
17320,18
17321,53
17322,91
17323,126
17324,33
17325,33
17326,2
17327,2
17328,2
17329,2
17330,2
17331,80
17332,109
17333,93
17334,93
17335,43
17336,43
17337,37
17338,118
17339,118
17340,131
17341,79
17342,40
17343,79
17344,121
17345,79
17346,79
17347,80
17348,79
17349,43
17350,43
17351,80
17352,80
17353,80
17354,40
17355,40
17356,40
17357,2
17358,2
17359,2
17360,2
17361,2
17362,76
17363,13
17364,37
17365,121
17366,25
17367,40
17368,40
17369,40
17370,40
17371,40
17372,2
17373,121
17374,121
17375,123
17376,128
17377,12
17378,43
17379,2
17380,2
17381,2
17382,40
17383,124
17384,48
17385,48
17386,62
17387,56
17388,15
17389,15
17390,15
17391,105
17392,105
17393,105
17394,48
17395,48
17396,105
17397,15
17398,15
17399,30
17400,105
17401,105
17402,105
17403,105
17404,64
17405,64
17406,64
17407,64
17408,91
17409,91
17410,83
17411,83
17412,133
17413,118
17414,128
17415,128
17416,128
17417,128
17418,128
17419,128
17420,128
17421,83
17422,145
17423,5
17424,34
17425,115
17426,30
17427,120
17428,120
17429,120
17430,120
17431,120
17432,120
17433,120
17434,120
17435,120
17436,50
17437,50
17438,83
17439,106
17440,118
17441,10
17442,10
17443,114
17444,114
17445,74
17446,114
17447,47
17448,114
17449,114
17450,114
17451,114
17452,114
17453,114
17454,83
17455,37
17456,37
17457,19
17458,19
17459,19
17460,114
17461,114
17462,114
17463,43
17464,93
17465,63
17466,63
17467,114
17468,94
17469,24
17470,24
17471,114
17472,62
17473,114
17474,132
17475,132
17476,116
17477,99
17478,99
17479,99
17480,99
17481,62
17482,62
17483,18
17484,18
17485,114
17486,114
17487,32
17488,52
17489,52
17490,52
17491,52
17492,14
17493,14
17494,14
17495,14
17496,14
17497,14
17498,13
17499,76
17500,52
17501,52
17502,114
17503,14
17504,14
17505,13
17506,76
17507,13
17508,13
17509,114
17510,13
17511,114
17512,114
17513,91
17514,62
17515,43
17516,11
17517,116
17518,108
17519,108
17520,108
17521,108
17522,108
17523,108
17524,108
17525,108
17526,108
17527,40
17528,80
17529,80
17530,109
17531,83
17532,54
17533,54
17534,54
17535,114
17536,114
17537,54
17538,54
17539,30
17540,51
17541,51
17542,31
17543,54
17544,54
17545,57
17546,21
17547,21
17548,72
17549,72
17550,72
17551,72
17552,72
17553,72
17554,72
17555,72
17556,72
17557,72
17558,116
17559,62
17560,72
17561,57
17562,4
17563,57
17564,57
17565,57
17566,41
17567,133
17568,133
17569,133
17570,114
17571,82
17572,82
17573,114
17574,82
17575,47
17576,57
17577,57
17578,57
17579,57
17580,54
17581,82
17582,83
17583,112
17584,58
17585,58
17586,58
17587,58
17588,42
17589,42
17590,42
17591,42
17592,42
17593,42
17594,42
17595,42
17596,42
17597,42
17598,89
17599,89
17600,72
17601,116
17602,22
17603,91
17604,26
17605,31
17606,31
17607,31
17608,83
17609,83
17610,39
17611,83
17612,34
17613,34
17614,34
17615,66
17616,83
17617,64
17618,64
17619,115
17620,135
17621,37
17622,37
17623,37
17624,37
17625,37
17626,37
17627,106
17628,115
17629,83
17630,83
17631,83
17632,83
17633,83
17634,106
17635,106
17636,106
17637,106
17638,106
17639,106
17640,106
17641,83
17642,83
17643,83
17644,100
17645,100
17646,100
17647,17
17648,17
17649,12
17650,31
17651,31
17652,48
17653,48
17654,31
17655,48
17656,145
17657,145
17658,104
17659,48
17660,48
17661,20
17662,89
17663,128
17664,128
17665,128
17666,1
17667,16
17668,20
17669,14
17670,82
17671,82
17672,82
17673,10
17674,10
17675,10
17676,10
17677,10
17678,10
17679,10
17680,10
17681,10
17682,10
17683,10
17684,10
17685,10
17686,10
17687,10
17688,10
17689,10
17690,10
17691,10
17692,10
17693,10
17694,10
17695,10
17696,42
17697,12
17698,89
17699,34
17700,21
17701,21
17702,113
17703,43
17704,43
17705,43
17706,6
17707,20
17708,6
17710,11
17711,12
17712,23
17713,56
17714,23
17715,121
17716,90
17717,90
17718,90
17719,90
17720,90
17721,40
17722,12
17723,23
17724,46
17725,46
17726,50
17727,37
17728,36
17729,52
17730,128
17731,128
17732,35
17733,35
17734,35
17735,35
17736,87
17737,52
17738,52
17739,52
17740,35
17741,29
17742,37
17743,36
17744,36
17745,19
17746,19
17747,19
17748,19
17749,19
17750,49
17751,43
17752,37
17753,37
17754,37
17755,37
17756,49
17757,77
17758,77
17759,77
17760,77
17761,13
17762,14
17763,99
17764,99
17765,99
17766,99
17767,99
17768,99
17769,99
17770,99
17771,28
17772,75
17773,14
17774,14
17775,99
17776,99
17777,99
17778,99
17779,108
17780,32
17781,24
17782,11
17783,50
17784,3
17785,24
17786,43
17787,43
17788,43
17789,43
17790,39
17791,84
17792,77
17793,77
17794,77
17795,54
17796,66
17797,66
17798,26
17799,38
17800,11
17801,50
17802,41
17803,62
17804,62
17805,62
17806,62
17807,40
17808,84
17809,84
17810,12
17811,53
17812,39
17813,39
17814,54
17815,54
17816,54
17817,54
17818,92
17819,43
17820,92
17821,92
17822,43
17823,134
17824,5
17825,63
17826,18
17827,98
17828,18
17829,18
17830,63
17831,18
17832,18
17833,18
17834,18
17835,18
17836,18
17837,63
17838,88
17839,88
17840,88
17841,98
17842,63
17843,113
17844,113
17845,113
17846,113
17847,39
17848,39
17849,39
17850,39
17851,39
17852,39
17853,39
17854,39
17855,63
17856,113
17857,21
17858,63
17859,39
17860,39
17861,105
17862,105
17863,63
17864,50
17865,11
17866,50
17867,50
17868,50
17869,50
17870,50
17871,45
17872,46
17873,11
17874,11
17875,11
17876,11
17877,11
17878,11
17879,105
17880,41
17881,41
17882,39
17883,74
17884,74
17885,2
17886,2
17887,33
17888,33
17889,41
17890,63
17891,89
17892,89
17893,37
17894,83
17895,63
17896,18
17897,63
17898,67
17899,67
17900,5
17901,39
17902,63
17903,63
17904,11
17905,132
17906,116
17907,72
17908,77
17909,77
17910,77
17911,77
17912,77
17913,77
17914,77
17915,41
17916,41
17917,54
17918,63
17919,54
17920,54
17921,54
17922,54
17923,89
17924,54
17925,77
17926,72
17927,116
17928,116
17929,89
17930,141
17931,65
17932,21
17933,89
17934,109
17935,22
17936,21
17937,109
17938,21
17939,21
17940,33
17941,33
17942,22
17943,89
17944,43
17945,89
17946,89
17947,72
17948,39
17949,89
17950,62
17951,12
17952,31
17953,33
17954,15
17955,89
17956,89
17957,46
17958,46
17959,63
17960,63
17961,63
17962,63
17963,63
17964,12
17965,89
17966,12
17967,12
17968,64
17969,28
17970,28
17971,28
17972,28
17973,32
17974,32
17975,32
17976,32
17977,89
17978,32
17979,32
17980,32
17981,32
17982,13
17983,84
17984,84
17985,118
17986,118
17987,118
17988,89
17989,111
17990,101
17991,33
17992,33
17993,101
17994,101
17995,106
17996,96
17997,101
17998,101
17999,6
18000,6
18001,6
18002,6
18003,73
18004,88
18005,101
18006,101
18007,88
18008,6
18009,46
18010,50
18011,46
18012,128
18013,66
18014,66
18015,101
18016,28
18017,28
18018,101
18019,62
18020,36
18021,16
18022,15
18023,13
18024,101
18025,32
18026,101
18027,59
18028,59
18029,59
18030,59
18031,59
18032,59
18033,59
18034,141
18035,141
18036,141
18037,141
18038,59
18039,59
18040,59
18041,59
18042,59
18043,102
18044,59
18045,59
18046,59
18047,59
18048,59
18049,59
18050,141
18051,141
18052,141
18053,141
18054,59
18055,59
18056,102
18057,59
18058,59
18059,59
18060,59
18061,59
18062,59
18063,59
18064,59
18065,55
18066,55
18067,55
18068,55
18069,141
18070,141
18071,141
18072,101
18073,141
18074,141
18075,141
18076,141
18077,141
18078,102
18079,102
18080,59
18081,59
18082,59
18083,59
18084,59
18085,141
18086,141
18087,141
18088,59
18089,59
18090,59
18091,59
18092,59
18093,59
18094,59
18095,59
18096,59
18097,59
18098,55
18099,55
18100,55
18101,55
18102,59
18103,59
18104,59
18105,59
18106,59
18107,59
18108,59
18109,59
18110,59
18111,59
18112,59
18113,59
18114,129
18115,59
18116,141
18117,141
18118,141
18119,65
18120,141
18121,141
18122,59
18123,59
18124,102
18125,59
18126,59
18127,59
18128,59
18129,59
18130,59
18131,59
18132,59
18133,102
18134,102
18135,102
18136,141
18137,141
18138,141
18139,59
18140,59
18141,59
18142,59
18143,59
18144,59
18145,59
18146,59
18147,13
18148,59
18149,59
18150,55
18151,55
18152,141
18153,141
18154,59
18155,55
18156,141
18157,55
18158,55
18159,141
18160,59
18161,59
18162,59
18163,59
18164,59
18165,59
18166,59
18167,59
18168,59
18169,59
18170,59
18171,141
18172,141
18173,141
18174,59
18175,59
18176,59
18177,59
18178,141
18179,141
18180,141
18181,59
18182,59
18183,59
18184,65
18185,59
18186,59
18187,141
18188,141
18189,102
18190,102
18191,58
18192,59
18193,59
18194,55
18195,55
18196,55
18197,59
18198,59
18199,59
18200,59
18201,59
18202,13
18203,59
18204,59
18205,65
18206,141
18207,141
18208,141
18209,141
18210,141
18211,141
18212,141
18213,141
18214,141
18215,141
18216,141
18217,141
18218,107
18219,107
18220,141
18221,141
18222,141
18223,141
18224,141
18225,141
18226,107
18227,141
18228,141
18229,141
18230,141
18231,141
18232,141
18233,141
18234,141
18235,141
18236,107
18237,141
18238,141
18239,141
18240,141
18241,141
18242,141
18243,141
18244,141
18245,141
18246,141
18247,107
18248,141
18249,141
18250,141
18251,136
18252,136
18253,59
18254,59
18255,59
18256,59
18257,59
18258,59
18259,59
18260,59
18261,59
18262,59
18263,59
18264,59
18265,59
18266,59
18267,107
18268,59
18269,59
18270,59
18271,59
18272,59
18273,59
18274,59
18275,59
18276,59
18277,59
18278,59
18279,141
18280,141
18281,141
18282,141
18283,107
18284,141
18285,141
18286,141
18287,141
18288,141
18289,141
18290,141
18291,141
18292,141
18293,141
18294,107
18295,141
18296,141
18297,141
18298,136
18299,141
18300,141
18301,141
18302,141
18303,141
18304,141
18305,141
18306,107
18307,141
18308,141
18309,55
18310,55
18311,55
18312,59
18313,59
18314,107
18315,59
18316,59
18317,59
18318,59
18319,59
18320,141
18321,107
18322,55
18323,55
18324,107
18325,55
18326,55
18327,55
18328,55
18329,55
18330,55
18331,55
18332,55
18333,107
18334,55
18335,55
18336,55
18337,78
18338,55
18339,55
18340,55
18341,55
18342,55
18343,55
18344,78
18345,141
18346,55
18347,141
18348,141
18349,141
18350,141
18351,59
18352,59
18353,78
18354,59
18355,59
18356,59
18357,59
18358,78
18359,141
18360,141
18361,141
18362,78
18363,65
18364,65
18365,65
18366,65
18367,78
18368,141
18369,141
18370,141
18371,55
18372,55
18373,141
18374,55
18375,55
18376,55
18377,78
18378,141
18379,141
18380,65
18381,65
18382,65
18383,65
18384,59
18385,59
18386,59
18387,59
18388,59
18389,59
18390,59
18391,78
18392,52
18393,141
18394,78
18395,65
18396,65
18397,141
18398,141
18399,141
18400,55
18401,65
18402,55
18403,55
18404,55
18405,78
18406,55
18407,55
18408,55
18409,55
18410,59
18411,55
18412,55
18413,65
18414,65
18415,65
18416,78
18417,78
18418,141
18419,141
18420,141
18421,78
18422,59
18423,59
18424,141
18425,141
18426,59
18427,102
18428,102
18429,78
18430,59
18431,59
18432,59
18433,78
18434,59
18435,141
18436,141
18437,55
18438,55
18439,55
18440,59
18441,59
18442,65
18443,65
18444,65
18445,59
18446,107
18447,65
18448,65
18449,107
18450,102
18451,141
18452,141
18453,107
18454,141
18455,107
18456,55
18457,55
18458,107
18459,59
18460,59
18461,59
18462,59
18463,141
18464,65
18465,65
18466,65
18467,65
18468,141
18469,141
18470,141
18471,141
18472,141
18473,141
18474,107
18475,141
18476,141
18477,141
18478,141
18479,141
18480,55
18481,107
18482,141
18483,141
18484,59
18485,55
18486,55
18487,55
18488,107
18489,107
18490,38
18491,38
18492,55
18493,38
18494,59
18495,38
18496,59
18497,59
18498,59
18499,59
18500,59
18501,59
18502,141
18503,141
18504,55
18505,55
18506,55
18507,141
18508,141
18509,59
18510,141
18511,141
18512,59
18513,59
18514,55
18515,55
18516,141
18517,38
18518,55
18519,59
18520,65
18521,65
18522,38
18523,59
18524,59
18525,38
18526,38
18527,59
18528,102
18529,59
18530,59
18531,26
18532,55
18533,55
18534,55
18535,55
18536,55
18537,65
18538,141
18539,141
18540,141
18541,141
18542,141
18543,26
18544,55
18545,65
18546,65
18547,26
18548,26
18549,59
18550,59
18551,55
18552,55
18553,59
18554,59
18555,59
18556,59
18557,59
18558,114
18559,59
18560,59
18561,59
18562,59
18563,59
18564,141
18565,141
18566,141
18567,141
18568,59
18569,141
18570,59
18571,59
18572,59
18573,141
18574,55
18575,59
18576,59
18577,55
18578,55
18579,55
18580,62
18581,43
18582,43
18583,43
18584,43
18585,12
18586,13
18587,13
18588,12
18589,12
18590,49
18591,49
18592,105
18593,105
18594,105
18595,105
18596,105
18597,105
18598,105
18599,105
18600,105
18601,15
18602,105
18603,56
18604,122
18605,72
18606,72
18607,72
18608,35
18609,35
18610,31
18611,31
18612,31
18613,31
18614,57
18615,57
18616,105
18617,15
18618,67
18619,43
18620,105
18621,105
18622,105
18623,105
18624,105
18625,52
18626,52
18627,52
18628,83
18629,37
18630,37
18631,43
18632,43
18633,43
18634,43
18635,43
18636,26
18637,26
18638,26
18639,26
18640,26
18641,26
18642,26
18643,26
18644,26
18645,26
18646,31
18647,82
18648,82
18649,82
18650,82
18651,82
18652,82
18653,82
18654,82
18655,82
18656,82
18657,82
18658,82
18659,82
18660,82
18661,26
18662,25
18663,24
18664,24
18665,43
18666,43
18667,43
18668,43
18669,43
18670,43
18671,43
18672,126
18673,126
18674,19
18675,19
18676,58
18677,95
18678,95
18679,101
18680,57
18681,57
18682,57
18683,57
18684,47
18685,146
18686,115
18687,115
18688,114
18689,114
18690,114
18691,114
18692,133
18693,133
18694,133
18695,133
18696,77
18697,77
18698,97
18699,19
18700,19
18701,100
18702,100
18703,36
18704,36
18705,36
18706,103
18707,103
18708,68
18709,36
18710,36
18711,90
18712,90
18713,90
18714,90
18715,136
18716,47
18717,63
18718,33
18719,96
18723,135
18724,135
18725,135
18726,52
18727,13
18728,13
18729,69
18730,80
18731,105
18732,105
18733,105
18734,105
18735,64
18736,73
18737,73
18738,73
18739,77
18740,77
18741,134
18742,134
18743,134
18744,77
18745,77
18746,67
18747,31
18748,31
18749,28
18750,70
18751,12
18752,12
18753,12
18754,12
18755,12
18756,12
18757,12
18758,12
18759,12
18760,12
18761,12
18762,12
18763,12
18764,12
18765,12
18766,35
18767,12
18768,25
18769,76
18770,76
18771,52
18772,52
18773,78
18774,78
18775,83
18776,83
18777,83
18778,83
18779,83
18780,83
18781,83
18782,83
18783,83
18784,52
18785,52
18786,76
18787,78
18788,78
18789,76
18790,76
18791,78
18792,78
18793,78
18794,78
18795,120
18796,120
18797,120
18798,120
18799,120
18800,120
18801,25
18802,78
18803,120
18804,120
18805,120
18806,120
18807,26
18808,26
18809,26
18810,26
18811,100
18812,100
18813,100
18814,100
18815,100
18816,100
18817,100
18818,100
18819,100
18820,100
18821,78
18822,78
18823,100
18824,78
18825,78
18826,78
18827,78
18828,78
18829,100
18830,100
18831,100
18832,83
18833,100
18834,78
18835,83
18836,83
18837,83
18838,30
18839,30
18840,30
18841,30
18842,30
18843,30
18844,30
18845,30
18846,30
18847,30
18848,30
18849,78
18850,52
18851,37
18852,63
18853,93
18854,93
18855,93
18856,93
18857,91
18858,91
18859,91
18860,91
18861,93
18862,93
18863,93
18864,93
18865,93
18866,91
18867,91
18868,93
18869,93
18870,93
18871,93
18872,93
18873,26
18874,62
18875,62
18876,62
18877,62
18878,62
18879,62
18880,62
18881,62
18882,43
18883,26
18884,43
18885,43
18886,43
18887,43
18888,43
18889,43
18890,43
18891,43
18892,43
18893,26
18894,131
18895,25
18896,35
18897,12
18898,12
18899,12
18900,12
18901,102
18902,141
18903,114
18904,114
18905,15
18906,15
18907,15
18908,15
18909,98
18910,98
18911,98
18912,102
18913,102
18914,102
18915,119
18916,82
18917,119
18918,59
18919,65
18920,42
18921,129
18922,129
18923,129
18924,10
18925,10
18926,82
18927,10
18928,10
18929,10
18930,10
18931,10
18932,82
18933,10
18934,10
18935,82
18936,82
18937,10
18938,10
18939,10
18940,26
18941,26
18942,120
18943,26
18944,120
18945,26
18946,26
18947,26
18948,26
18949,133
18950,47
18951,47
18952,46
18953,47
18954,2
18955,2
18956,2
18957,138
18958,138
18959,65
18960,46
18961,67
18962,142
18963,76
18964,46
18965,67
18966,67
18967,105
18968,55
18969,59
18970,55
18971,55
18972,55
18973,55
18974,55
18975,90
18976,90
18977,90
18978,90
18979,90
18980,46
18981,90
18982,90
18983,90
18984,95
18985,95
18986,47
18987,47
18988,47
18989,47
18990,47
18991,46
18992,4
18993,4
18994,4
18995,41
18996,41
18997,46
18998,41
18999,4
19000,4
19001,4
19002,41
19003,41
19004,77
19005,4
19006,41
19007,77
19008,77
19009,77
19010,41
19011,4
19012,41
19013,41
19014,41
19015,77
19016,41
19017,41
19018,41
19019,4
19020,46
19021,119
19022,37
19023,37
19024,37
19025,37
19026,37
19027,37
19028,37
19029,37
19030,46
19031,37
19032,37
19033,37
19034,37
19035,37
19036,37
19037,37
19038,37
19039,37
19040,37
19041,37
19042,37
19043,37
19044,37
19045,37
19046,37
19047,37
19048,83
19049,37
19050,83
19051,46
19052,37
19053,37
19054,37
19055,37
19056,46
19057,37
19058,37
19059,37
19060,37
19061,37
19062,37
19063,37
19064,46
19065,37
19066,37
19067,37
19068,37
19069,37
19070,37
19071,37
19072,37
19073,37
19074,37
19075,37
19076,37
19077,46
19078,100
19079,33
19080,28
19081,73
19082,28
19083,15
19084,15
19085,19
19086,15
19087,15
19088,19
19089,15
19090,19
19091,46
19092,86
19093,30
19094,30
19095,30
19096,86
19097,30
19098,86
19099,30
19100,30
19101,86
19102,30
19103,30
19104,30
19105,30
19106,30
19107,30
19108,30
19109,30
19110,30
19111,86
19112,46
19113,86
19114,30
19115,30
19116,30
19117,30
19118,30
19119,30
19120,86
19121,30
19122,86
19123,30
19124,30
19125,46
19126,30
19127,30
19128,128
19129,103
19130,103
19131,103
19132,103
19133,103
19134,103
19135,103
19136,46
19137,103
19138,103
19139,46
19140,13
19141,15
19142,62
19143,62
19144,62
19145,26
19146,26
19147,33
19148,46
19149,33
19150,12
19151,43
19152,43
19153,43
19154,43
19155,43
19156,43
19157,43
19158,43
19159,43
19160,43
19161,46
19162,126
19163,92
19164,92
19165,46
19166,18
19167,18
19168,46
19169,46
19170,18
19171,18
19172,18
19173,46
19174,46
19175,105
19176,105
19177,106
19178,106
19179,120
19180,106
19181,106
19182,46
19183,106
19184,78
19185,78
19186,78
19187,120
19188,46
19189,78
19190,78
19191,78
19192,78
19193,106
19194,106
19195,106
19196,106
19197,106
19198,106
19199,64
19200,64
19201,64
19202,64
19203,64
19204,64
19205,28
19206,28
19207,28
19208,64
19209,64
19210,17
19211,17
19212,136
19213,9
19214,17
19215,115
19216,115
19217,115
19218,115
19219,115
19220,82
19221,73
19222,73
19223,27
19224,46
19225,27
19226,30
19227,30
19228,30
19229,19
19230,19
19231,19
19232,19
19233,30
19234,30
19235,30
19236,19
19237,19
19238,46
19239,46
19240,120
19241,120
19242,38
19243,38
19244,107
19245,107
19246,38
19247,107
19248,38
19249,38
19250,38
19251,38
19252,38
19253,38
19254,38
19255,38
19256,46
19257,120
19258,120
19259,120
19260,120
19261,120
19262,120
19263,107
19264,107
19265,107
19266,120
19267,38
19268,38
19269,46
19270,38
19271,38
19272,120
19273,46
19274,107
19275,120
19276,38
19277,120
19278,120
19279,38
19280,120
19281,120
19282,120
19283,120
19284,120
19285,120
19286,120
19287,120
19288,120
19289,120
19290,120
19291,120
19292,120
19293,120
19294,92
19295,92
19296,46
19297,92
19298,92
19299,92
19300,92
19301,92
19302,92
19303,92
19304,27
19305,106
19306,106
19307,106
19308,106
19309,27
19310,27
19311,106
19312,27
19313,46
19314,27
19315,92
19316,92
19317,27
19318,27
19319,92
19320,27
19321,106
19322,27
19323,27
19324,46
19325,92
19326,92
19327,38
19328,27
19329,142
19330,67
19331,43
19332,43
19333,43
19334,43
19335,43
19336,43
19337,43
19338,43
19339,43
19340,43
19341,46
19342,43
19343,43
19344,43
19345,43
19346,83
19347,15
19348,15
19349,15
19350,105
19351,105
19352,15
19353,105
19354,15
19355,46
19356,15
19357,15
19358,15
19359,49
19360,49
19361,49
19362,49
19363,49
19364,105
19365,105
19366,105
19367,46
19368,58
19369,58
19370,58
19371,59
19372,58
19373,37
19374,52
19375,52
19376,52
19377,46
19378,35
19379,4
19380,62
19381,37
19382,30
19383,46
19384,52
19385,52
19386,52
19387,52
19388,52
19389,46
19390,90
19391,46
19392,31
19393,105
19394,5
19395,34
19396,89
19397,56
19398,56
19399,46
19400,46
19401,46
19402,126
19403,46
19404,58
19405,58
19406,43
19407,12
19408,63
19409,12
19410,13
19411,13
19412,46
19413,31
19414,31
19415,35
19416,35
19417,46
19418,31
19419,33
19420,17
19421,17
19422,17
19423,114
19424,13
19425,2
19426,2
19427,2
19428,47
19429,47
19430,47
19431,47
19432,47
19433,57
19434,47
19435,51
19436,57
19437,33
19438,113
19439,113
19440,113
19441,113
19442,10
19443,82
19444,41
19445,71
19446,71
19447,33
19448,77
19449,77
19450,77
19451,77
19452,77
19453,77
19454,77
19455,92
19456,2
19457,2
19458,2
19459,2
19460,2
19461,2
19462,2
19463,2
19464,2
19465,53
19466,53
19467,90
19468,53
19469,90
19470,53
19471,53
19472,82
19473,82
19474,82
19475,82
19476,27
19477,27
19478,27
19479,147
19480,147
19481,95
19482,95
19483,147
19484,8
19485,8
19486,8
19487,8
19488,8
19489,139
19490,139
19491,101
19492,109
19493,145
19494,145
19495,145
19496,84
19497,39
19498,39
19499,4
19500,34
19501,131
19502,4
19503,131
19504,103
19505,131
19506,31
19507,31
19508,31
19509,31
19510,31
19511,31
19512,128
19513,135
19514,73
19515,135
19516,73
19517,131
19518,13
19519,76
19520,63
19521,12
19522,35
19523,35
19524,35
19525,35
19526,35
19527,124
19528,124
19529,124
19530,124
19531,63
19532,12
19533,124
19534,36
19535,36
19536,124
19537,124
19538,21
19539,22
19540,109
19541,22
19542,124
19543,109
19544,109
19545,124
19546,124
19547,21
19548,109
19549,109
19550,124
19551,113
19552,113
19553,113
19554,39
19555,84
19556,124
19557,84
19558,124
19559,84
19560,84
19561,84
19562,84
19563,39
19564,33
19565,84
19566,33
19567,124
19568,39
19569,39
19570,33
19571,84
19572,84
19573,33
19574,33
19575,33
19576,33
19577,33
19578,124
19579,39
19580,33
19581,33
19582,124
19583,124
19584,37
19585,120
19586,124
19587,15
19588,15
19589,105
19590,15
19591,15
19592,15
19593,124
19594,41
19595,67
19596,67
19597,135
19598,135
19599,71
19600,37
19601,37
19602,37
19603,41
19604,59
19605,141
19606,141
19607,41
19608,76
19609,141
19610,141
19611,71
19612,42
19613,42
19614,42
19615,19
19616,71
19617,41
19618,49
19619,49
19620,87
19621,83
19622,25
19623,58
19624,32
19625,77
19626,71
19627,71
19628,48
19629,3
19630,57
19631,72
19632,72
19633,62
19634,129
19635,105
19636,72
19637,105
19638,12
19639,66
19640,19
19641,19
19642,19
19643,72
19644,76
19645,72
19646,76
19647,67
19648,67
19649,15
19650,72
19651,15
19652,15
19653,15
19654,15
19655,15
19656,15
19657,15
19658,72
19659,15
19660,15
19661,67
19662,15
19663,15
19664,15
19665,72
19666,67
19667,67
19668,67
19669,67
19670,67
19671,67
19672,67
19673,67
19674,142
19675,77
19676,72
19677,35
19678,118
19679,42
19680,72
19681,133
19682,72
19683,117
19684,117
19685,10
19686,59
19687,59
19688,59
19689,59
19690,59
19691,59
19692,59
19693,72
19694,59
19695,59
19696,14
19697,14
19698,35
19699,59
19700,59
19701,59
19702,72
19703,58
19704,58
19705,59
19706,76
19707,76
19708,76
19709,76
19710,76
19711,77
19712,76
19713,76
19714,83
19715,77
19716,77
19717,83
19718,76
19719,77
19720,83
19721,83
19722,142
19723,77
19724,82
19725,82
19726,82
19727,82
19728,77
19729,77
19730,77
19731,27
19732,27
19733,38
19734,77
19735,38
19736,133
19737,77
19738,11
19739,11
19740,11
19741,77
19742,77
19743,77
19744,88
19745,11
19746,43
19747,5
19748,77
19749,77
19750,77
19751,55
19752,92
19753,92
19754,92
19755,109
19756,51
19757,51
19758,90
19759,90
19760,47
19761,47
19762,0
19763,0
19764,0
19765,0
19766,0
19767,0
19768,0
19769,2
19770,0
19771,17
19772,17
19773,15
19774,15
19775,15
19776,96
19777,96
19778,96
19779,96
19780,3
19781,3
19782,129
19783,129
19784,3
19785,102
19786,37
19787,105
19788,105
19789,14
19790,14
19791,141
19792,37
19793,37
19794,37
19795,37
19796,37
19797,43
19798,43
19799,62
19800,62
19801,43
19802,92
19803,98
19804,4
19805,15
19806,15
19807,15
19808,15
19809,15
19810,15
19811,15
19812,15
19813,19
19814,98
19815,98
19816,98
19817,98
19818,110
19819,110
19820,110
19821,126
19822,126
19823,88
19824,82
19825,95
19826,37
19827,37
19828,37
19829,37
19830,124
19831,31
19832,30
19833,124
19834,87
19835,87
19836,108
19837,108
19838,108
19839,105
19840,105
19841,105
19842,105
19843,105
19844,105
19845,105
19846,2
19847,2
19848,47
19849,51
19850,51
19851,51
19852,124
19853,62
19854,62
19855,62
19856,62
19857,62
19858,62
19859,62
19860,92
19861,43
19862,124
19863,43
19864,43
19865,19
19866,15
19867,110
19868,110
19869,124
19870,81
19871,19
19872,19
19873,19
19874,19
19875,30
19876,124
19877,69
19878,16
19879,16
19880,15
19881,30
19882,30
19883,85
19884,85
19885,85
19888,30
19889,30
19890,41
19891,105
19892,105
19893,105
19894,105
19895,105
19896,105
19897,69
19898,105
19899,105
19900,105
19901,105
19902,41
19903,105
19904,69
19905,69
19906,19
19907,19
19908,19
19909,19
19910,19
19911,19
19912,19
19913,19
19914,41
19915,19
19916,19
19917,19
19918,13
19919,77
19920,13
19921,13
19922,32
19923,13
19924,13
19925,67
19926,13
19927,77
19928,32
19929,32
19930,32
19931,14
19932,14
19933,14
19934,14
19935,77
19936,14
19937,14
19938,6
19939,6
19940,6
19941,6
19942,3
19943,130
19944,130
19945,130
19946,130
19947,135
19948,66
19949,66
19950,130
19951,130
19952,46
19953,46
19954,46
19955,3
19956,77
19957,14
19958,66
19959,77
19960,142
19961,142
19962,3
19963,3
19964,13
19965,77
19966,13
19967,135
19968,88
19969,142
19970,142
19971,135
19972,13
19973,13
19974,13
19975,142
19976,142
19977,77
19978,142
19979,13
19980,13
19981,13
19982,13
19983,13
19984,13
19985,32
19986,66
19987,66
19988,77
19989,14
19990,14
19991,77
19992,64
19993,75
19994,75
19995,105
19996,105
19997,105
19998,77
19999,85
20000,64
20001,30
20002,77
20003,77
20004,67
20005,97
20006,67
20007,67
20008,67
20009,77
20010,64
20011,64
20012,77
20013,105
20014,64
20015,77
20016,77
20017,99
20018,99
20019,77
20020,66
20021,66
20022,99
20023,14
20024,14
20025,64
20026,64
20027,64
20028,99
20029,99
20030,77
20031,66
20032,66
20033,14
20034,14
20035,14
20036,77
20037,14
20038,1
20039,100
20040,100
20041,77
20042,111
20043,83
20044,36
20045,36
20046,36
20047,36
20048,36
20049,77
20050,52
20051,118
20052,52
20053,52
20054,52
20055,118
20056,52
20057,52
20058,52
20059,52
20060,52
20061,17
20062,17
20063,17
20064,52
20065,17
20066,77
20067,52
20068,77
20069,52
20070,52
20071,52
20072,31
20073,77
20074,128
20075,13
20076,13
20077,13
20078,130
20079,130
20080,128
20081,128
20082,128
20083,128
20084,128
20085,37
20086,106
20087,106
20088,106
20089,106
20090,106
20091,106
20092,106
20093,106
20094,106
20095,106
20096,78
20097,78
20098,78
20099,100
20100,100
20101,100
20102,100
20103,100
20104,100
20105,100
20106,100
20107,100
20108,100
20109,100
20110,100
20111,83
20112,83
20113,83
20114,83
20115,83
20116,83
20117,83
20118,83
20119,83
20120,83
20121,83
20122,83
20123,52
20124,52
20125,52
20126,76
20127,76
20128,118
20129,118
20130,118
20131,118
20132,52
20133,52
20134,52
20135,52
20136,52
20137,52
20138,52
20139,52
20140,118
20141,130
20142,6
20143,130
20144,73
20145,96
20146,96
20147,96
20148,96
20149,128
20150,105
20151,105
20152,105
20153,105
20154,80
20155,56
20156,56
20157,56
20158,56
20159,26
20160,26
20161,120
20162,120
20163,120
20164,120
20165,39
20166,39
20167,39
20168,24
20169,24
20170,80
20171,80
20172,80
20173,80
20174,80
20175,116
20176,62
20177,116
20178,116
20179,124
20180,124
20181,80
20182,80
20183,80
20184,80
20185,82
20186,80
20187,56
20188,25
20189,25
20190,116
20191,120
20192,120
20193,120
20194,78
20195,120
20196,78
20197,107
20198,107
20199,107
20200,107
20201,107
20202,107
20203,120
20204,120
20205,107
20206,120
20207,120
20208,120
20209,120
20210,78
20211,26
20212,27
20213,27
20214,26
20215,26
20216,120
20217,41
20218,120
20219,120
20220,120
20221,107
20222,107
20223,107
20224,120
20225,77
20226,77
20227,41
20228,71
20229,51
20230,51
20231,90
20232,57
20233,57
20234,57
20235,57
20236,57
20237,54
20238,54
20239,54
20240,57
20241,57
20242,57
20243,57
20244,57
20245,57
20246,57
20247,57
20248,57
20249,54
20250,57
20251,74
20252,57
20253,74
20254,41
20255,53
20256,53
20257,53
20258,90
20259,90
20260,90
20261,41
20262,41
20263,41
20264,41
20265,90
20266,90
20267,2
20268,136
20269,4
20270,4
20271,136
20272,121
20273,121
20274,121
20275,41
20276,41
20277,121
20278,121
20279,77
20280,77
20281,41
20282,41
20283,77
20284,121
20285,121
20286,41
20287,124
20288,41
20289,124
20290,2
20291,77
20292,77
20293,77
20294,77
20295,77
20296,77
20297,2
20298,134
20299,72
20300,72
20301,2
20302,2
20303,2
20304,105
20305,105
20306,105
20307,105
20308,105
20309,105
20310,105
20311,105
20312,105
20313,105
20314,105
20315,2
20316,105
20317,105
20318,141
20319,62
20320,4
20321,40
20322,4
20323,4
20324,40
20325,40
20326,40
20327,4
20328,4
20329,4
20330,4
20331,4
20332,4
20333,131
20334,2
20335,131
20336,2
20337,56
20338,110
20339,43
20340,2
20341,43
20342,43
20343,126
20344,2
20345,43
20346,2
20347,82
20348,82
20349,82
20350,82
20351,82
20352,82
20353,10
20354,114
20355,115
20356,49
20357,49
20358,108
20359,105
20360,105
20361,105
20362,24
20363,64
20364,48
20365,4
20366,2
20367,2
20368,0
20369,0
20370,87
20371,87
20372,10
20373,134
20374,134
20375,134
20376,50
20377,50
20378,37
20379,47
20380,47
20381,51
20382,26
20383,62
20384,26
20385,93
20386,93
20387,43
20388,43
20389,62
20390,93
20391,93
20392,93
20393,26
20394,26
20395,83
20396,15
20397,105
20398,105
20399,105
20400,43
20401,62
20402,144
20403,144
20404,67
20405,37
20406,36
20407,47
20408,95
20409,95
20410,95
20411,4
20412,83
20413,5
20414,33
20415,33
20416,33
20417,18
20418,109
20419,109
20420,109
20421,113
20422,84
20423,84
20424,84
20425,84
20426,24
20427,24
20428,24
20429,24
20430,24
20431,24
20432,24
20433,24
20434,24
20435,24
20436,24
20437,24
20438,24
20441,12
20442,43
20443,105
20444,105
20445,105
20446,15
20447,105
20448,105
20449,105
20450,105
20451,105
20452,105
20453,105
20454,105
20455,62
20456,132
20457,132
20458,132
20459,31
20460,132
20461,132
20462,132
20463,120
20464,120
20465,120
20466,78
20467,78
20468,106
20469,38
20470,38
20471,76
20472,14
20473,14
20474,12
20475,13
20476,13
20477,13
20478,13
20479,13
20480,13
20481,13
20482,13
20483,141
20484,44
20485,141
20486,129
20487,129
20488,126
20489,126
20490,42
20491,42
20492,59
20493,49
20494,55
20495,55
20496,55
20497,141
20498,65
20499,55
20500,105
20501,105
20502,105
20503,105
20504,49
20505,49
20506,141
20507,141
20508,108
20509,108
20510,108
20511,108
20512,108
20513,110
20514,1
20515,67
20516,14
20517,19
20519,105
20520,105
20521,105
20522,11
20523,11
20524,11
20525,11
20526,50
20527,11
20528,50
20529,87
20530,87
20531,87
20532,87
20533,87
20534,87
20535,64
20536,49
20537,49
20538,64
20539,108
20540,105
20541,125
20542,49
20543,125
20544,125
20545,125
20546,125
20547,49
20548,125
20549,125
20550,125
20551,125
20552,142
20553,142
20554,142
20555,11
20556,28
20557,46
20561,50
20562,50
20563,50
20564,130
20565,130
20566,130
20567,130
20568,130
20569,3
20570,130
20571,3
20572,18
20573,18
20574,18
20575,34
20576,8
20577,34
20578,34
20579,34
20580,34
20581,34
20582,34
20583,97
20584,97
20585,97
20586,9
20587,9
20588,9
20589,9
20590,8
20591,8
20592,8
20593,8
20594,8
20595,95
20596,95
20597,95
20598,95
20599,95
20600,95
20601,143
20602,115
20603,22
20604,22
20605,51
20606,51
20607,15
20608,136
20609,136
20610,21
20611,21
20612,21
20613,21
20614,21
20615,146
20616,117
20617,117
20618,117
20619,117
20620,117
20621,117
20622,117
20623,117
20624,117
20625,117
20626,117
20627,117
20628,117
20629,117
20630,117
20631,117
20632,117
20633,117
20634,117
20635,117
20636,117
20637,117
20638,117
20639,90
20640,117
20641,117
20642,90
20643,134
20644,82
20645,0
20646,0
20647,121
20648,92
20649,92
20650,90
20651,90
20652,128
20653,114
20654,114
20655,114
20656,96
20657,96
20658,96
20659,96
20660,96
20661,96
20662,96
20663,96
20664,96
20665,96
20666,96
20667,96
20668,96
20669,96
20670,96
20671,62
20672,62
20673,62
20674,62
20675,91
20676,91
20677,77
20678,77
20680,52
20681,77
20682,134
20683,126
20684,2
20685,2
20686,40
20687,77
20688,2
20689,115
20690,115
20691,115
20692,115
20693,77
20694,114
20695,62
20696,77
20697,4
20698,4
20699,4
20700,4
20701,4
20702,4
20703,4
20704,4
20705,4
20706,74
20707,41
20708,54
20709,54
20710,54
20711,54
20712,77
20713,77
20714,77
20715,77
20716,77
20717,77
20718,77
20719,77
20720,33
20721,33
20722,33
20723,33
20724,113
20725,113
20726,84
20727,145
20728,145
20729,113
20730,113
20731,113
20732,145
20733,145
20734,83
20735,48
20736,48
20737,48
20738,48
20739,25
20740,25
20741,25
20742,132
20743,25
20744,25
20745,25
20746,83
20747,89
20748,89
20749,89
20750,89
20751,94
20752,26
20753,26
20754,25
20755,145
20756,145
20757,145
20758,145
20759,145
20760,145
20761,89
20762,5
20763,34
20764,5
20765,5
20766,34
20767,17
20768,17
20769,17
20770,17
20771,17
20772,17
20773,17
20774,89
20775,118
20776,118
20777,118
20778,118
20779,18
20780,34
20781,17
20782,18
20783,17
20784,17
20785,17
20786,17
20787,18
20788,18
20789,18
20790,18
20791,18
20792,18
20793,17
20794,18
20795,18
20796,17
20797,17
20798,118
20799,17
20800,17
20801,17
20802,18
20803,5
20804,5
20805,5
20806,5
20807,83
20808,39
20809,39
20810,39
20811,39
20812,39
20813,39
20814,17
20815,17
20816,62
20817,17
20818,17
20819,18
20820,83
20821,18
20822,38
20823,38
20824,38
20825,18
20826,18
20827,18
20828,18
20829,18
20830,18
20831,18
20832,18
20833,18
20834,18
20835,18
20836,18
20837,17
20838,111
20839,5
20840,37
20841,37
20842,37
20843,37
20844,37
20845,37
20846,33
20847,5
20848,118
20849,118
20850,144
20851,144
20852,35
20853,12
20854,12
20855,12
20856,12
20857,12
20858,63
20859,63
20860,35
20861,35
20862,35
20863,27
20864,27
20865,92
20866,92
20867,92
20868,92
20869,92
20870,92
20871,92
20872,92
20873,92
20874,12
20875,31
20876,70
20877,37
20878,37
20879,37
20880,31
20881,12
20882,106
20883,43
20884,43
20885,43
20886,144
20887,144
20888,144
20889,144
20890,144
20891,144
20892,144
20893,144
20894,144
20895,144
20896,144
20897,37
20898,37
20899,77
20900,97
20901,97
20902,88
20903,142
20904,62
20905,126
20906,24
20907,24
20908,37
20909,121
20910,111
20911,111
20912,33
20913,112
20914,37
20917,118
20918,17
20919,126
20920,75
20921,115
20922,129
20923,73
20924,73
20925,73
20926,73
20927,91
20928,87
20929,130
20930,52
20931,83
20932,83
20933,83
20934,76
20935,52
20936,37
20937,37
20938,64
20939,125
20940,125
20941,62
20942,21
20943,73
20944,73
20945,73
20946,64
20947,64
20948,37
20949,52
20950,97
20951,54
20952,136
20953,11
20954,12
20955,37
20956,37
20957,63
20958,63
20959,63
20960,83
20961,83
20962,83
20963,52
20964,52
20965,37
20966,37
20967,12
20968,105
20969,105
20970,13
20971,35
20972,31
20973,3
20974,31
20975,83
20976,83
20977,12
20978,70
20979,76
20980,70
20981,73
20982,67
20983,67
20984,16
20985,125
20986,131
20987,24
20988,24
20989,24
20990,24
20991,24
20992,24
20993,24
20994,24
20995,52
20996,32
20997,117
20998,9
20999,9
21000,13
21001,41
21002,52
21003,52
21004,13
21005,13
21006,76
21007,142
21008,128
21009,128
21010,14
21011,52
21012,52
21013,13
21014,13
21015,24
21016,24
21017,12
21018,28
21019,82
21020,136
21021,136
21022,136
21023,136
21024,102
21025,24
21026,24
21027,24
21028,24
21029,136
21030,24
21031,0
21032,26
21033,43
21034,24
21035,24
21036,24
21037,24
21038,141
21039,105
21040,24
21041,24
21042,12
21043,37
21044,62
21045,43
21046,136
21047,136
21048,136
21049,136
21050,136
21051,136
21052,64
21053,64
21054,43
21055,105
21056,91
21057,92
21058,91
21059,24
21060,24
21061,62
21062,62
21063,29
21064,141
21065,0
21066,0
21067,112
21068,24
21069,52
21070,83
21071,83
21072,88
21073,128
21074,124
21075,124
21076,124
21077,124
21078,124
21079,25
21080,91
21081,15
21082,1
21083,111
21084,90
21085,105
21086,105
21087,131
10000000,11
10000001,32
10000002,45
10000003,95
10000004,90
10000005,53
10000006,138
10000007,117
10000008,89
10000009,63
10000010,100
10000011,116
10000012,90
10000013,96
10000014,66
10000015,52
10000016,81
10000017,44
10000018,105
10000019,105
10000020,31
10000021,78
10000022,31
10000023,125
10000024,87
10000025,87
10000026,49
10000027,87
10000028,125
10000029,125
10000030,108
10000031,105
10000032,108
10000033,18
10000034,6
10000035,87
10000036,115
10000037,134
10000038,114
10000039,82
10000040,134
10000041,133
10000042,114
10000043,115
10000044,82
10000045,10
10000046,67
10000047,139
10000048,61
10000049,101
10000050,101
10000051,48
10000052,48
10000053,104
10000054,145
10000055,6
10000056,6
10000057,104
10000058,127
10000059,6
10000060,127
10000061,8
10000062,109
10000063,140
10000064,140
10000065,8
10000066,7
10000067,104
10000068,18
10000069,18
10000070,47
10000071,54
10000072,97
10000073,142
10000074,14
10000075,15
10000076,98
10000077,69
10000078,15
10000079,1
10000080,16
10000081,16
10000082,98
10000083,98
10000084,69
10000085,30
10000086,58
10000087,15
10000088,110
10000089,81
10000090,19
10000091,129
10000092,81
10000093,19
10000094,19
10000095,19
10000096,19
10000097,19
10000098,2
10000099,53
10000100,65
10000101,58
10000102,126
10000103,81
10000104,126
10000105,40
10000106,40
10000107,121
10000108,121
10000109,65
10000110,42
10000111,44
10000112,141
10000113,49
10000114,49
10000115,64
10000116,85
10000117,110
10000118,86
10000119,30
10000120,135
10000121,99
10000122,86
10000123,30
10000124,64
10000125,64
10000126,64
10000127,64
10000128,64
10000129,49
10000130,11
10000131,75
10000132,11
10000133,11
10000134,50
10000135,50
10000136,50
10000137,3
10000138,3
10000139,130
10000140,46
10000141,88
10000142,28
10000143,28
10000144,28
10000145,28
10000146,28
10000147,88
10000148,88
10000149,88
10000150,73
10000151,73
10000152,73
10000153,73
10000154,28
10000155,73
10000156,17
10000157,17
10000158,6
10000159,17
10000160,103
10000161,128
10000162,13
10000163,96
10000164,128
10000165,73
10000166,83
10000167,60
10000168,84
10000169,18
10000170,3
10000171,113
10000172,109
10000173,22
10000174,33
10000175,22
10000176,22
10000177,33
10000178,39
10000179,118
10000180,33
10000181,9
10000182,27
10000183,39
10000184,106
10000185,106
10000186,120
10000187,107
10000188,38
10000189,118
10000190,131
10000191,4
10000192,124
10000193,124
10000194,24
10000195,80
10000196,121
10000197,121
10000198,79
10000199,80
10000200,9
10000201,24
10000202,56
10000203,56
10000204,56
10000205,9
10000206,24
10000207,22
10000208,62
10000209,92
10000210,91
10000211,132
10000212,91
10000213,91
10000214,62
10000215,25
10000216,25
10000217,38
10000218,92
10000219,25
10000220,2
10000221,74
10000222,74
10000223,47
10000224,47
10000225,122
10000226,41
10000227,124
10000228,71
10000229,71
10000230,41
10000231,57
10000232,91
10000233,62
10000234,77
10000235,57
10000236,41
10000237,91
10000238,54
10000239,132
10000240,72
10000241,72
10000242,116
10000243,116
10000244,116
10000245,119
10000246,72
10000247,82
10000248,82
10000249,31
10000250,13
10000251,32
10000252,32
10000253,13
10000254,32
10000255,99
10000256,14
10000257,99
10000258,33
10000259,34
10000260,34
10000261,34
10000262,34
10000263,89
10000264,5
10000265,34
10000266,12
10000267,63
10000268,12
10000269,12
10000270,29
10000271,5
10000272,112
10000273,29
10000274,5
10000275,5
10000276,5
10000277,29
10000278,111
10000279,29
10000280,29
10000281,35
10000282,35
10000283,12
10000284,12
10000285,93
10000286,37
10000287,36
10000288,37
10000289,36
10000290,37
10000291,31
10000292,29
10000293,112
10000294,20
10000295,111
10000296,37
10000297,29
10000298,20
10000299,23
10000300,52
10000301,52
10000302,31
10000303,20
10000304,52
10000305,20
10000306,20
10000307,102
10000308,129
10000309,102
10000310,102
10000311,102
10000312,102
10000313,59
10000314,141
10000315,141
10000316,141
10000317,141
10000318,65
10000319,55
10000320,55
10000321,55
10000322,59
10000323,59
10000324,59
10000325,59
10000326,59
10000327,102
